player_id,player_name,nationality,league,club,primary_position,age,height_cm,weight_kg,preferred_foot,work_rate_attack,work_rate_defense,sprint_speed,acceleration,stamina,strength,agility,jumping,ball_control,dribbling,short_passing,long_passing,crossing,finishing,shot_power,defensive_awareness,standing_tackle,sliding_tackle,vision,composure,aggression,discipline_score,minutes_played,matches_played,goals_per_90,assists_per_90,pass_accuracy_pct,tackle_success_pct,distance_km_per_90,market_value_eur_m,overall_performance_rating,performance_tier,performance_tier_code
PLR-1000,Moises De Bruyne #101,France,Premier League,Chelsea,Midfielder,27,180,71,Right,High,High,55.0,56.0,65.0,51.4,58.0,54.8,62.0,58.0,65.0,60.0,52.0,51.4,54.1,48.1,42.0,38.0,58.7,49.4,43.7,76.5,1626,20,0.02,0.24,75.0,52.0,9.8,4.06,60.7,Developing,0
PLR-1001,Theo Dias #102,Ghana,Ligue 1,Nice,Goalkeeper,24,187,84,Left,Medium,Medium,45.0,43.5,46.0,74.6,61.0,68.6,31.6,38.1,44.7,51.5,26.2,21.5,61.4,39.3,21.9,27.8,59.8,71.2,81.2,69.3,2829,36,0.0,0.01,48.0,50.0,3.8,3.81,71.5,Star,1
PLR-1002,Erling Barella #103,Argentina,Bundesliga,Bayern Munich,Defender,28,187,81,Right,Medium,Low,76.6,83.2,83.4,82.7,62.5,82.4,69.2,63.3,76.6,73.2,63.5,54.0,62.5,89.5,88.6,93.3,62.9,79.7,76.1,61.7,1439,18,0.02,0.05,72.0,83.4,8.85,28.79,88.2,Elite,2
PLR-1003,Julian Davies #104,Canada,La Liga,Real Sociedad,Midfielder,33,177,69,Right,High,High,65.9,63.8,74.8,67.6,68.3,66.9,76.8,74.4,73.5,76.4,67.8,55.6,72.4,55.9,55.6,49.6,80.5,73.0,67.1,76.6,2449,31,0.05,0.5,75.0,52.0,10.23,3.08,72.4,Star,1
PLR-1004,Gabriel Saka #105,Japan,Serie A,Fiorentina,Forward,25,185,74,Left,Medium,Medium,96.6,97.7,76.8,76.3,88.3,81.2,89.8,97.4,84.6,63.0,80.9,99.0,91.6,54.0,54.7,43.8,84.9,81.5,69.7,74.9,2522,32,0.75,0.4,71.0,40.0,9.08,60.99,94.1,Elite,2
PLR-1005,Federico Hernandez #106,Japan,Serie A,Fiorentina,Forward,33,177,70,Left,High,Medium,81.2,78.8,66.9,60.9,79.2,70.0,85.0,84.4,72.4,63.8,75.0,88.3,81.2,35.9,55.8,26.5,69.9,83.4,77.8,71.2,2009,25,0.57,0.23,65.0,40.0,8.8,12.09,83.4,Elite,2
PLR-1006,Eduardo Williams #107,France,Serie A,Atalanta,Forward,23,185,70,Right,Medium,Low,81.2,72.0,64.4,64.5,77.0,67.3,66.5,72.7,62.0,55.9,68.9,67.8,71.0,35.4,26.8,33.9,56.1,62.0,63.9,73.0,1806,23,0.24,0.14,65.0,40.0,8.8,4.75,71.2,Star,1
PLR-1007,Kaoru Rice #108,France,Bundesliga,RB Leipzig,Defender,22,184,69,Left,High,Medium,73.3,66.2,,73.4,50.2,70.2,65.0,55.1,58.2,61.6,61.9,46.5,59.6,77.1,76.8,68.7,55.7,64.8,62.8,,3420,38,0.04,0.06,72.0,75.1,8.5,3.91,72.9,Star,1
PLR-1008,Achraf Valverde #109,France,Bundesliga,Borussia Dortmund,Midfielder,27,176,75,Left,Medium,High,78.9,80.3,84.7,66.8,78.5,61.6,84.1,79.0,83.5,79.8,70.0,71.3,79.3,62.5,66.5,49.4,79.4,71.8,64.9,74.4,2633,33,0.23,0.61,75.1,52.3,11.72,11.99,78.9,Star,1
PLR-1009,Declan Haaland #110,Canada,Ligue 1,Rennes,Defender,24,178,83,Right,Medium,Medium,82.5,81.5,78.4,87.3,79.2,84.5,74.1,68.5,71.2,75.9,64.2,42.8,65.7,93.8,97.2,90.9,78.3,76.0,78.9,69.1,1730,22,0.01,0.04,72.0,86.4,9.07,46.09,89.1,Elite,2
PLR-1010,Antony Hernandez #111,Spain,Ligue 1,Lille,Forward,30,167,76,Left,High,Medium,67.5,75.0,60.5,55.7,67.8,63.8,62.1,69.3,59.4,50.1,54.4,77.7,66.4,30.0,34.2,33.2,59.3,70.5,57.2,74.3,2536,32,0.45,0.19,65.0,40.0,8.8,0.5,68.7,Developing,0
PLR-1011,Noah Valverde #112,France,La Liga,Athletic Club,Goalkeeper,30,187,85,Right,High,Medium,59.8,52.8,40.0,82.4,68.8,82.5,48.4,44.1,57.7,56.2,31.1,25.3,68.2,39.4,22.3,17.9,75.3,87.3,62.4,72.1,2060,26,0.0,0.0,48.0,50.0,3.8,18.06,87.2,Elite,2
PLR-1012,Liam Maignan #113,USA,La Liga,Athletic Club,Defender,21,183,80,Left,Medium,High,77.7,71.6,72.3,88.5,70.1,77.1,73.9,67.2,70.0,68.3,60.8,40.4,72.2,83.7,86.1,83.7,64.1,68.8,90.3,63.5,2145,27,0.04,0.07,72.0,76.0,8.5,17.8,80.2,Star,1
PLR-1013,Gabriel Tanaka #114,Brazil,Bundesliga,Borussia Dortmund,Forward,24,178,73,Right,Medium,High,74.5,82.4,67.4,64.0,77.9,70.2,74.3,73.5,72.9,65.9,67.5,85.3,80.5,51.9,28.6,31.2,70.8,73.6,77.0,68.1,2701,34,0.62,0.2,65.0,40.0,8.8,11.98,76.5,Star,1
PLR-1014,Liam Alvarez #115,USA,Serie A,Roma,Forward,32,187,71,Left,High,Medium,67.5,75.1,68.1,72.6,73.5,65.6,74.5,73.6,69.8,57.4,63.8,80.0,76.3,41.0,33.2,29.9,68.0,73.0,66.1,82.2,2996,38,0.45,0.25,65.0,40.0,8.8,5.05,73.7,Star,1
PLR-1015,David Schmidt #116,Uruguay,Serie A,Inter Milan,Forward,18,176,70,Right,High,High,65.0,64.2,61.3,57.5,69.6,56.5,58.0,65.3,53.5,43.9,54.9,71.1,59.7,40.9,25.0,24.9,52.2,49.1,46.7,87.5,1657,21,0.29,0.05,65.0,40.0,8.8,0.5,63.1,Developing,0
PLR-1016,Khvicha Mendes #117,Brazil,Bundesliga,Eintracht Frankfurt,Midfielder,23,179,73,Right,High,High,75.0,59.9,69.5,71.6,75.4,73.4,75.8,71.5,77.1,74.5,67.0,64.7,65.6,52.5,60.3,51.1,61.3,69.5,72.1,74.8,2111,27,0.08,0.37,75.0,52.0,9.8,4.21,70.4,Developing,0
PLR-1017,Antony Donnarumma #118,USA,La Liga,Villarreal,Midfielder,27,184,75,Right,Medium,High,69.2,85.7,80.7,72.0,82.4,62.4,84.2,82.9,86.6,96.5,67.8,75.4,75.4,71.0,67.9,57.5,84.0,76.7,78.0,63.0,2030,26,0.19,0.75,75.1,61.9,11.27,13.91,83.3,Elite,2
PLR-1018,Bukayo Smith #119,Japan,Bundesliga,Bayern Munich,Midfielder,23,180,81,Left,High,High,71.2,82.4,87.7,74.3,81.8,65.4,84.9,71.7,90.9,80.1,84.8,69.6,76.4,65.0,65.2,69.2,73.2,73.5,78.1,72.9,1120,14,0.2,0.72,79.9,54.0,11.01,19.63,81.0,Star,1
PLR-1019,Son Alvarez #120,Netherlands,Bundesliga,Borussia Dortmund,Midfielder,28,188,73,Right,High,High,78.2,80.2,99.0,72.1,80.3,73.8,93.5,93.7,94.8,85.8,91.2,74.9,78.0,66.4,74.4,66.6,94.9,76.0,67.6,73.7,2401,30,0.26,0.85,84.7,59.6,12.84,42.35,90.5,Elite,2
PLR-1020,Rafael Smith #121,Japan,La Liga,Atletico Madrid,Midfielder,29,167,70,Right,High,Medium,71.9,76.4,91.1,78.0,85.2,58.2,81.3,71.0,83.4,83.5,79.1,68.4,75.1,68.9,57.9,57.7,82.6,73.1,75.9,70.3,1855,23,0.09,0.59,80.1,52.0,11.27,13.68,80.4,Star,1
PLR-1021,Ruben Rodriguez #122,Brazil,Premier League,Newcastle,Forward,26,188,77,Right,Medium,Medium,81.4,71.0,73.2,67.5,74.5,80.0,72.6,76.5,76.3,55.1,63.5,81.7,80.1,41.7,28.5,28.9,67.6,76.0,73.1,73.5,2861,36,0.49,0.34,65.0,40.0,9.42,9.45,77.6,Star,1
PLR-1022,Achraf Tchouameni #123,Ghana,Premier League,Manchester City,Midfielder,28,182,77,Right,High,Medium,61.8,58.0,80.5,60.9,70.6,59.3,68.0,73.2,85.1,72.1,64.7,48.0,71.8,63.1,48.6,43.0,65.1,69.5,68.5,67.1,2653,34,0.02,0.47,75.0,52.0,10.59,3.2,71.8,Star,1
PLR-1023,William Alvarez #124,England,Bundesliga,Eintracht Frankfurt,Midfielder,31,179,76,Left,High,Medium,63.2,56.0,77.1,52.7,67.0,57.4,71.4,59.2,77.7,67.7,64.6,63.7,58.8,58.2,49.0,56.2,66.4,70.8,63.2,67.0,1699,21,0.1,0.53,75.0,52.0,10.89,1.46,68.6,Developing,0
PLR-1024,Carlos Silva #125,Argentina,Serie A,Fiorentina,Midfielder,29,184,77,Right,High,Medium,74.3,76.8,92.5,71.8,81.7,66.5,91.6,80.4,95.7,89.1,72.5,72.4,75.2,73.1,67.3,64.7,85.8,78.7,76.0,71.0,1733,22,0.12,0.82,83.9,56.0,12.05,22.03,85.8,Elite,2
PLR-1025,Alejandro Dias #126,Nigeria,La Liga,Athletic Club,Defender,19,183,87,Left,Low,Medium,73.0,59.8,68.4,95.0,63.2,80.9,61.5,62.2,68.3,61.9,66.2,50.7,66.2,80.6,93.8,87.2,58.2,70.7,80.4,69.0,1605,20,0.01,0.02,72.0,89.7,8.5,30.92,86.0,Elite,2
PLR-1026,Noah Bastoni #127,Italy,Ligue 1,Rennes,Forward,29,171,68,Left,High,High,86.9,76.4,65.2,70.6,73.3,67.0,79.0,71.9,71.2,59.1,68.1,83.5,73.7,46.5,32.7,34.3,66.4,71.1,70.6,74.7,2209,28,0.44,0.4,65.0,40.0,8.8,9.22,76.7,Star,1
PLR-1027,Cole Traore #128,Japan,Serie A,Juventus,Midfielder,23,173,73,Right,Medium,High,75.1,69.3,83.9,74.6,81.9,59.6,84.6,76.5,83.8,84.5,71.4,73.5,79.5,72.4,54.5,58.2,71.7,71.7,72.8,61.6,1931,24,0.13,0.53,75.0,52.0,10.79,12.99,77.9,Star,1
PLR-1028,Cole Jones #129,South Korea,Serie A,Lazio,Midfielder,24,178,75,Left,High,High,65.5,67.5,72.3,73.6,76.0,71.8,77.1,76.8,84.7,80.2,66.0,76.7,79.4,63.2,66.2,56.9,84.5,70.5,56.6,76.6,2575,33,0.18,0.66,75.8,55.0,9.8,10.89,76.9,Star,1
PLR-1029,Mike Modric #130,England,La Liga,Villarreal,Forward,25,185,76,Right,High,Medium,72.4,72.8,55.1,62.6,78.4,66.4,70.1,74.1,63.6,51.2,65.9,77.6,71.6,31.8,41.6,33.9,59.5,62.0,57.0,76.0,1304,16,0.36,0.04,65.0,40.0,8.8,2.79,72.0,Star,1
PLR-1030,Ruben Valverde #131,Nigeria,La Liga,Villarreal,Midfielder,25,183,76,Left,Medium,High,74.4,66.1,88.9,73.7,82.4,78.4,88.0,84.1,94.7,89.4,90.7,67.4,76.2,73.6,75.3,63.3,86.9,76.2,70.7,68.4,1692,21,0.08,0.85,86.3,65.2,11.22,29.82,88.3,Elite,2
PLR-1031,Rodri Bastoni #132,Argentina,Ligue 1,Monaco,Forward,28,188,71,Right,Medium,Medium,83.0,86.3,72.4,68.2,83.4,68.1,69.9,79.0,69.8,63.4,67.3,86.0,87.3,45.6,42.4,31.6,61.2,66.4,64.5,77.8,2011,25,0.63,0.2,65.0,40.0,8.8,6.35,78.7,Star,1
PLR-1032,Darwin Santos #133,Netherlands,Bundesliga,Bayern Munich,Forward,27,182,70,Right,Medium,High,67.6,76.9,56.0,59.9,67.4,61.5,74.1,76.9,60.6,51.3,51.8,73.6,76.5,35.4,36.8,22.0,52.1,65.6,48.5,83.9,2619,33,0.41,0.1,65.0,40.0,8.8,3.36,70.3,Developing,0
PLR-1033,Dominik Diallo #134,Nigeria,La Liga,Athletic Club,Goalkeeper,34,185,94,Right,High,Medium,40.1,35.0,46.0,83.7,61.5,82.3,41.7,37.0,54.9,42.0,26.5,15.0,52.1,28.8,22.8,24.1,72.6,76.3,55.8,81.4,2115,27,0.0,0.01,48.0,50.0,3.8,5.59,80.5,Star,1
PLR-1034,William Rodri #135,Ghana,Bundesliga,Borussia Dortmund,Goalkeeper,24,195,78,Right,Medium,Medium,52.8,47.1,43.3,74.7,57.7,69.6,31.5,25.7,42.2,54.0,23.8,15.6,60.5,36.8,20.0,20.0,64.9,64.4,65.1,72.1,1724,22,0.0,0.0,48.0,50.0,3.8,4.27,72.2,Star,1
PLR-1035,Alexis Hakimi #136,Belgium,Ligue 1,Marseille,Defender,29,181,80,Left,Medium,Medium,62.2,65.6,68.8,79.3,57.5,68.4,61.7,61.0,58.8,57.0,50.6,36.9,50.8,81.8,77.4,74.1,68.1,64.5,76.8,69.4,2326,29,0.06,0.01,72.0,75.6,8.5,6.68,75.6,Star,1
PLR-1036,Noah Mendes #137,South Korea,Premier League,Tottenham,Midfielder,25,175,82,Right,High,High,75.7,86.9,92.2,80.1,75.6,65.5,76.7,78.8,93.1,90.3,77.8,72.6,76.2,70.7,71.9,55.4,87.9,75.2,73.7,63.7,1120,14,0.17,0.77,84.1,63.6,11.84,14.99,83.1,Elite,2
PLR-1037,Ederson Kim #138,Brazil,Serie A,Juventus,Forward,31,175,81,Right,Medium,Medium,60.6,62.0,59.9,50.6,60.0,54.9,65.8,62.6,57.0,50.3,46.2,63.2,62.3,30.0,39.6,22.0,53.9,53.6,61.9,,2004,25,0.13,0.02,65.0,40.0,8.8,0.5,60.6,Developing,0
PLR-1038,Theo Moreno #139,USA,Serie A,Juventus,Defender,31,189,79,Left,Medium,Low,60.2,57.3,79.2,72.7,63.9,71.2,60.0,49.2,63.6,56.9,45.2,39.9,56.9,84.5,81.9,82.6,60.6,72.3,78.2,69.3,1867,23,0.15,0.03,72.0,76.1,9.29,7.49,79.5,Star,1
PLR-1039,Vinicius Bellingham #140,Germany,Bundesliga,Eintracht Frankfurt,Midfielder,23,178,63,Left,High,Medium,85.0,84.0,99.0,76.0,88.6,83.4,93.0,84.2,98.4,95.3,82.2,79.3,89.0,76.7,76.6,79.0,92.2,81.4,86.9,65.7,1435,18,0.14,0.85,88.1,68.4,11.81,83.43,94.5,Elite,2
PLR-1040,Liam Smith #141,Canada,Bundesliga,Eintracht Frankfurt,Forward,25,167,79,Right,Low,High,62.2,67.1,56.2,50.0,60.0,57.6,59.5,63.0,55.4,50.8,58.6,68.1,61.7,33.3,27.7,22.0,55.7,51.1,40.0,79.8,2096,26,0.37,0.02,65.0,40.0,8.8,1.3,62.1,Developing,0
PLR-1041,Marcus Mendes #142,Senegal,Serie A,AC Milan,Midfielder,25,178,81,Right,Medium,High,72.3,76.2,80.2,77.5,83.4,66.7,85.2,82.0,86.0,80.4,83.9,68.0,73.5,75.2,68.6,62.3,79.5,74.0,76.3,72.2,1642,21,0.11,0.62,78.5,56.2,10.65,15.82,82.9,Elite,2
PLR-1042,Takefusa Traore #143,Germany,Premier League,Newcastle,Forward,31,178,81,Right,High,Medium,91.5,90.9,78.2,81.4,88.4,78.1,85.7,88.5,76.4,74.3,81.9,99.0,90.2,46.1,41.3,43.8,74.1,82.0,72.7,,1443,18,0.77,0.34,65.0,40.0,8.94,23.65,89.2,Elite,2
PLR-1043,Alejandro Garcia #144,France,Bundesliga,Bayer Leverkusen,Goalkeeper,26,184,74,Right,Medium,Medium,43.0,54.8,40.0,79.5,74.8,79.0,40.5,37.0,53.4,60.3,22.9,22.9,62.2,28.0,29.6,17.1,76.2,78.0,68.0,62.7,2099,26,0.0,0.01,48.0,50.0,3.8,19.99,84.3,Elite,2
PLR-1044,Dominik Davies #145,Ghana,La Liga,Villarreal,Forward,24,183,71,Left,High,High,60.0,62.0,55.0,50.0,60.0,52.0,58.0,60.0,50.0,45.1,49.7,62.0,58.0,30.0,30.8,22.0,48.4,50.0,51.7,76.8,2898,37,0.29,0.02,65.0,40.0,8.8,0.5,59.6,Developing,0
PLR-1045,Takefusa Davies #146,Brazil,Premier League,Arsenal,Defender,31,184,83,Right,Low,Low,68.6,61.9,68.8,83.9,54.9,75.0,59.1,61.8,64.9,63.0,63.0,33.3,62.0,79.1,81.4,84.6,61.8,78.8,73.5,68.3,3420,38,0.03,0.1,72.0,76.8,8.5,4.02,79.2,Star,1
PLR-1046,Kylian Bastoni #147,Netherlands,Ligue 1,Nice,Midfielder,26,175,71,Right,Medium,High,78.2,76.8,86.5,63.7,70.1,69.8,81.2,75.9,84.0,82.5,79.0,73.4,74.8,68.3,65.2,56.1,82.8,72.9,64.9,71.4,1609,20,0.14,0.62,77.7,55.4,11.06,11.37,80.3,Star,1
PLR-1047,Rodri Oblak #148,Nigeria,Serie A,Inter Milan,Midfielder,32,181,72,Right,High,Medium,69.7,78.2,88.4,68.7,80.6,62.6,84.8,73.4,83.5,87.8,63.1,79.4,79.8,58.2,77.9,74.8,89.3,80.7,66.1,73.1,1722,22,0.18,0.71,75.0,63.7,11.16,5.71,83.8,Elite,2
PLR-1048,Moises Williams #149,Japan,Premier League,Tottenham,Midfielder,33,177,71,Left,High,High,71.0,61.3,81.1,68.9,73.2,62.0,86.4,72.7,83.3,74.4,65.9,69.0,75.5,61.0,52.3,56.5,82.3,81.1,61.5,76.5,2020,25,0.16,0.75,75.2,52.0,10.19,5.95,80.1,Star,1
PLR-1049,Virgil Williams #150,Spain,Serie A,Lazio,Forward,28,192,76,Left,High,High,81.3,75.7,72.5,65.3,77.5,80.0,78.4,76.3,74.2,62.8,62.5,78.2,75.0,46.6,35.5,33.5,64.0,71.2,73.5,69.2,2663,34,0.52,0.25,65.0,40.0,9.46,6.04,74.7,Star,1
PLR-1050,Theo Courtois #151,Netherlands,Premier League,Liverpool,Goalkeeper,24,191,83,Right,High,Medium,48.2,43.0,40.0,67.6,51.1,63.2,43.4,25.0,42.3,50.5,20.0,26.4,56.5,26.5,22.6,15.0,61.6,62.8,63.3,73.4,1398,17,0.0,0.03,48.0,50.0,3.8,2.85,67.9,Developing,0
PLR-1051,Enzo Santos #152,Uruguay,La Liga,Atletico Madrid,Defender,25,183,79,Left,High,Medium,62.1,58.5,61.6,64.6,53.6,62.7,55.9,42.3,59.0,60.2,47.0,39.0,55.5,67.0,66.6,64.3,56.9,56.2,64.8,70.0,2053,26,0.03,0.04,72.0,64.6,8.5,0.5,63.6,Developing,0
PLR-1052,Kaoru Barella #153,Brazil,Premier League,Tottenham,Goalkeeper,28,189,78,Right,Medium,High,48.9,49.5,43.6,65.4,63.5,72.5,48.4,33.2,45.5,54.8,20.5,24.4,64.2,42.5,21.8,22.2,71.8,75.0,72.3,63.1,1928,24,0.0,0.0,49.1,50.0,4.13,9.8,80.3,Star,1
PLR-1053,Son Maignan #154,Italy,Premier League,Chelsea,Defender,26,185,79,Right,High,Medium,68.3,59.4,61.5,77.5,62.0,63.9,52.0,49.4,62.3,66.1,51.8,33.8,59.7,75.2,72.1,68.8,55.5,69.7,65.8,75.9,2003,25,0.03,0.09,72.0,67.5,8.5,5.77,71.9,Star,1
PLR-1054,Jan Alvarez #155,Germany,La Liga,Barcelona,Midfielder,24,180,71,Right,High,Medium,74.7,71.4,,66.8,77.3,60.8,84.9,79.1,,81.8,81.0,62.1,77.0,68.8,67.0,63.0,88.1,79.2,69.3,78.8,1920,24,0.04,0.7,75.8,57.4,12.3,27.6,85.5,Elite,2
PLR-1055,Kaoru Mendes #156,Brazil,La Liga,Real Madrid,Goalkeeper,26,192,78,Right,High,High,37.4,36.2,40.0,73.1,52.2,59.5,35.4,31.1,43.1,55.4,20.0,17.4,55.0,33.7,22.2,15.0,62.0,61.3,59.8,79.4,2349,30,0.0,0.02,48.0,50.0,3.8,1.21,71.4,Star,1
PLR-1056,Lucas Wirtz #157,Japan,Premier League,Manchester City,Forward,24,181,76,Right,Medium,High,75.2,80.7,76.6,73.4,83.0,67.5,79.4,82.9,68.4,57.1,76.2,85.6,81.5,36.7,30.0,29.6,67.7,78.0,64.2,76.5,2326,29,0.42,0.13,65.0,40.0,8.8,14.54,81.0,Star,1
PLR-1057,Bukayo Hernandez #158,Germany,La Liga,Barcelona,Forward,25,181,64,Right,High,Medium,75.7,79.2,67.2,69.1,81.5,68.3,67.9,81.5,69.6,59.6,73.9,86.4,76.1,35.0,36.3,28.0,76.9,63.6,68.1,79.6,1868,23,0.62,0.35,65.0,40.0,8.8,12.45,78.5,Star,1
PLR-1058,Gabriel Mbappe #159,Portugal,Ligue 1,Lille,Forward,23,181,70,Right,High,Medium,60.0,62.0,58.2,54.9,61.4,52.6,58.0,60.0,53.6,45.9,64.6,66.9,59.6,30.5,33.6,22.0,53.9,50.7,48.9,74.7,2711,34,0.2,0.03,65.0,40.0,8.8,3.13,61.6,Developing,0
PLR-1059,Rafael Saka #160,Croatia,Bundesliga,VfB Stuttgart,Midfielder,27,183,69,Right,High,Medium,68.8,77.9,80.2,63.6,74.1,66.2,76.9,74.7,84.4,80.8,72.0,68.6,74.5,63.0,59.6,58.7,87.9,66.9,60.7,77.9,2872,36,0.13,0.64,79.1,53.2,10.81,15.25,79.6,Star,1
PLR-1060,Aurélien Van Dijk #161,South Korea,Serie A,Lazio,Midfielder,22,184,69,Right,Medium,Medium,60.9,77.0,81.3,69.8,76.3,67.4,79.0,70.8,78.9,84.2,72.9,66.4,71.1,62.7,68.0,56.8,71.4,71.1,67.8,76.3,2067,26,0.09,0.39,75.0,60.9,11.28,11.74,75.8,Star,1
PLR-1061,Federico Fernandez #162,Netherlands,La Liga,Atletico Madrid,Forward,26,183,79,Right,High,Medium,73.7,79.8,67.8,68.8,86.3,70.4,76.7,78.0,72.0,54.6,76.5,82.7,76.0,46.7,31.3,36.7,72.0,74.9,71.3,60.4,2606,33,0.56,0.18,65.0,40.0,8.8,6.18,76.5,Star,1
PLR-1062,Enzo Rodri #163,Croatia,Premier League,Manchester City,Defender,20,189,72,Left,High,High,59.3,61.2,63.1,74.1,62.2,68.7,60.8,57.0,64.4,61.0,59.7,41.9,56.6,67.9,74.9,76.8,53.5,64.2,66.7,68.8,2174,27,0.1,0.08,72.0,68.6,8.5,4.94,69.6,Developing,0
PLR-1063,Rafael Davies #164,Italy,Premier League,Manchester City,Midfielder,30,185,77,Left,High,Medium,55.0,66.1,70.9,69.1,72.0,66.3,67.3,68.7,71.3,73.1,60.2,65.3,61.0,46.9,65.6,53.8,66.9,67.5,58.6,65.9,2123,27,0.02,0.39,75.0,52.5,9.8,0.5,67.1,Developing,0
PLR-1064,Mateo Kroos #165,Ghana,Premier League,Chelsea,Midfielder,24,183,72,Right,Medium,Low,73.6,93.0,99.0,78.5,91.6,80.9,94.9,92.4,99.0,98.0,93.1,90.0,83.0,76.2,77.4,61.4,96.2,86.0,79.8,60.0,2222,28,0.35,0.85,87.2,60.8,12.63,79.87,94.5,Elite,2
PLR-1065,Vinicius Garcia #166,Croatia,Serie A,Fiorentina,Midfielder,23,170,78,Right,Medium,High,67.4,72.2,85.3,75.9,72.4,59.6,82.0,81.9,88.7,83.1,82.9,67.7,78.9,66.2,62.1,58.9,85.9,70.2,76.1,63.1,3420,38,0.06,0.79,78.8,55.6,10.59,13.54,80.4,Star,1
PLR-1066,Julian Tanaka #167,Norway,La Liga,Girona,Forward,26,180,65,Right,High,Medium,75.0,72.6,69.1,63.1,69.1,63.2,69.9,70.7,54.4,56.8,61.8,78.1,70.0,43.9,49.5,26.0,64.2,66.7,70.7,70.9,2000,25,0.42,0.11,65.0,40.0,,4.95,71.2,Star,1
PLR-1067,Eduardo Santos #168,Nigeria,Premier League,Arsenal,Defender,26,180,79,Left,Medium,High,82.1,81.2,86.9,98.3,83.2,88.5,76.7,68.8,79.1,78.2,72.7,44.0,79.4,93.1,98.8,96.0,86.4,88.1,69.2,66.7,1552,19,0.08,0.12,73.1,89.2,10.08,43.44,91.8,Elite,2
PLR-1068,Rodri Sato #169,Senegal,Bundesliga,VfB Stuttgart,Forward,26,175,74,Right,Medium,Medium,75.5,81.0,77.3,64.4,73.6,69.3,83.1,80.2,68.7,56.9,69.2,85.3,72.8,44.7,35.5,32.4,63.0,76.9,57.5,83.7,793,10,0.47,0.2,65.0,40.0,8.8,11.76,80.2,Star,1
PLR-1069,Alphonso Barella #170,Ghana,La Liga,Barcelona,Goalkeeper,28,182,85,Right,High,Medium,49.0,44.5,40.0,72.3,59.9,65.0,41.3,26.3,43.8,44.0,26.9,19.9,51.1,31.2,18.0,24.0,62.0,63.1,68.5,70.5,2315,29,0.0,0.01,48.0,50.0,3.8,1.35,68.0,Developing,0
PLR-1070,Victor Modric #171,Croatia,Bundesliga,RB Leipzig,Defender,27,188,83,Right,High,Medium,69.4,75.3,81.0,81.0,63.4,72.3,65.3,59.7,71.7,71.8,54.0,30.5,64.7,84.2,85.4,80.4,67.4,73.5,74.3,83.4,1325,16,0.0,0.07,72.0,84.5,,11.91,80.6,Star,1
PLR-1071,Moises Saliba #172,Norway,La Liga,Villarreal,Forward,32,176,70,Right,Medium,Medium,78.4,78.4,73.1,70.2,89.1,70.5,86.2,82.6,65.3,61.1,77.0,89.8,84.0,51.4,32.7,28.1,64.2,74.4,80.9,60.4,1500,19,0.47,0.11,65.0,40.0,9.33,9.98,83.1,Elite,2
PLR-1072,Alisson Silva #173,Morocco,Serie A,Inter Milan,Forward,27,176,84,Right,Medium,Medium,69.8,75.3,63.4,75.1,68.5,60.0,70.1,72.5,60.7,47.7,56.8,77.3,61.8,34.8,38.5,28.2,58.1,63.7,56.4,86.0,1630,20,0.58,0.05,65.0,40.0,8.8,3.18,69.6,Developing,0
PLR-1073,Gavi Rodriguez #174,Japan,Ligue 1,Monaco,Defender,25,185,76,Right,High,High,77.2,74.7,79.5,84.4,76.7,81.8,69.4,68.1,71.3,65.2,65.7,41.3,63.9,95.5,89.0,88.7,71.1,72.7,83.6,69.9,2712,34,0.02,0.07,72.0,86.4,9.1,21.89,85.6,Elite,2
PLR-1074,Alessandro Diallo #175,USA,Premier League,Manchester City,Defender,27,184,78,Right,High,Medium,63.6,59.4,58.2,67.8,52.5,68.2,57.9,47.6,52.0,60.8,50.2,32.7,55.8,68.3,73.8,62.0,53.2,64.6,67.9,73.7,2149,27,0.08,0.01,72.0,67.6,8.5,4.03,66.9,Developing,0
PLR-1075,Trent Moreno #176,Uruguay,Bundesliga,Eintracht Frankfurt,Defender,23,188,71,Right,Medium,Medium,74.0,81.4,73.3,75.2,78.2,70.0,65.5,60.1,73.6,67.7,54.6,36.1,62.3,77.0,83.7,78.5,58.8,67.4,70.6,77.7,2118,27,0.04,0.14,72.0,75.8,8.5,11.17,77.0,Star,1
PLR-1076,Rodri Saliba #177,Italy,Bundesliga,Bayer Leverkusen,Defender,18,187,92,Left,Medium,Medium,77.9,79.4,85.8,99.0,71.3,90.0,73.8,70.6,70.6,73.9,74.0,43.3,70.4,81.3,91.5,83.7,65.8,71.4,83.9,68.3,2529,32,0.0,0.12,72.0,82.3,9.67,27.65,86.1,Elite,2
PLR-1077,Carlos Valverde #178,Senegal,Premier League,Newcastle,Forward,18,185,76,Right,Medium,Medium,92.1,90.5,86.7,72.6,81.5,78.1,88.1,94.0,75.2,56.2,74.2,94.6,84.2,42.3,47.2,37.6,68.9,74.7,68.5,79.2,1835,23,0.72,0.31,65.0,40.0,9.94,33.9,87.8,Elite,2
PLR-1078,Thibaut Modric #179,Canada,La Liga,Villarreal,Midfielder,27,186,74,Right,Medium,High,87.8,83.2,85.6,76.3,85.6,76.7,84.4,78.8,86.2,95.1,82.4,69.0,79.8,69.4,63.6,63.9,80.2,76.7,69.5,74.7,1310,16,0.1,0.74,80.4,59.4,11.13,17.17,82.5,Elite,2
PLR-1079,Khvicha Mueller #180,England,Serie A,Inter Milan,Forward,31,175,83,Right,Medium,High,96.3,93.3,,95.0,91.1,78.0,98.0,91.8,81.4,70.6,75.5,99.0,83.4,55.2,36.9,36.1,84.3,82.0,78.3,73.4,2346,30,0.84,0.55,67.7,40.0,8.89,31.31,91.6,Elite,2
PLR-1080,Liam Garcia #181,France,Ligue 1,Lille,Defender,25,181,74,Right,Medium,High,71.4,79.8,77.8,89.8,59.7,92.7,76.3,58.8,70.5,81.6,60.2,41.8,60.4,90.8,92.8,93.3,78.8,85.8,90.3,66.5,601,8,0.03,0.14,72.0,88.5,8.62,31.27,88.8,Elite,2
PLR-1081,William Kim #182,England,La Liga,Real Madrid,Midfielder,18,181,77,Right,High,High,55.0,71.6,77.8,70.9,69.2,66.9,77.2,68.9,82.1,79.7,63.7,55.2,70.8,71.1,63.2,54.1,73.3,59.0,72.2,72.3,2791,35,0.02,0.45,75.0,54.5,10.2,5.03,69.9,Developing,0
PLR-1082,Aurélien Saka #183,England,La Liga,Atletico Madrid,Midfielder,27,179,74,Right,High,Medium,85.8,73.8,97.5,70.1,75.6,69.9,97.7,85.3,91.6,91.1,74.8,74.1,78.7,78.4,67.3,61.3,93.0,81.1,74.7,67.7,1500,19,0.25,0.85,83.4,62.8,12.06,35.97,89.8,Elite,2
PLR-1083,Gabriel Donnarumma #184,Brazil,Serie A,Fiorentina,Forward,29,173,77,Left,High,Medium,89.0,82.2,71.2,69.7,83.2,72.3,73.5,87.3,69.1,62.5,72.4,88.0,85.7,45.7,33.3,47.1,71.0,75.1,80.2,76.1,2680,34,0.56,0.22,65.0,40.0,8.8,12.99,82.2,Elite,2
PLR-1084,Ederson Barella #185,Senegal,Bundesliga,Bayern Munich,Midfielder,18,183,65,Right,High,High,63.9,76.9,78.3,63.6,78.0,66.6,69.8,73.5,83.5,73.7,74.5,67.2,75.5,59.0,66.0,57.7,68.6,65.2,63.7,62.6,2208,28,0.11,0.46,77.9,59.2,10.27,3.96,74.0,Star,1
PLR-1085,Vinicius Saliba #186,Netherlands,Serie A,AC Milan,Midfielder,29,173,83,Left,High,High,68.0,75.8,,78.3,78.1,73.1,83.4,81.6,87.7,91.2,79.6,72.2,76.5,68.0,77.3,61.0,88.6,79.7,79.7,59.3,2176,27,0.1,0.78,76.9,67.1,11.17,16.76,82.1,Elite,2
PLR-1086,Achraf Hernandez #187,England,La Liga,Athletic Club,Defender,25,186,80,Right,Medium,High,77.9,78.1,82.7,90.7,63.5,90.0,76.8,64.3,76.6,71.5,66.3,40.9,76.9,92.5,94.1,88.0,68.4,73.6,88.8,66.0,3316,38,0.02,0.09,72.0,87.0,9.2,30.62,88.3,Elite,2
PLR-1087,Gavi Saliba #188,Nigeria,Ligue 1,Paris Saint-Germain,Midfielder,29,172,79,Right,Low,High,74.1,89.5,79.0,70.5,87.1,76.3,83.3,81.5,89.9,87.3,86.6,73.2,82.2,69.4,56.8,56.5,85.4,75.5,65.6,70.7,622,8,0.12,0.81,78.7,52.0,10.22,14.16,81.4,Star,1
PLR-1088,Dominik Diallo #189,Morocco,Ligue 1,Marseille,Defender,27,180,83,Right,High,Medium,66.0,53.6,73.4,70.5,55.8,70.8,59.1,57.6,55.4,63.2,55.8,44.0,50.1,69.3,74.5,67.7,52.7,63.3,85.2,69.5,2969,38,0.12,0.16,72.0,66.9,8.94,2.26,69.5,Developing,0
PLR-1089,Thibaut Wirtz #190,Italy,Ligue 1,Nice,Midfielder,19,178,74,Right,High,Medium,80.3,74.3,93.3,70.5,81.8,67.7,88.3,81.5,86.9,93.9,83.9,70.0,81.3,72.6,71.6,55.3,82.4,64.1,80.4,79.0,1858,23,0.18,0.71,77.2,57.0,11.98,20.09,82.6,Elite,2
PLR-1090,Theo Santos #191,Germany,Serie A,Napoli,Forward,26,182,73,Left,Medium,Low,93.6,98.1,77.9,72.6,84.2,82.2,84.0,88.1,80.6,63.9,81.9,95.6,79.3,42.6,28.9,35.1,76.6,77.2,76.1,65.7,2420,31,0.69,0.26,68.3,40.0,8.8,25.21,86.2,Elite,2
PLR-1091,Bruno Musiala #192,Senegal,La Liga,Real Madrid,Defender,23,184,77,Right,Medium,Medium,78.2,85.2,80.6,90.9,70.9,94.2,68.6,77.3,78.5,80.0,69.3,49.7,71.8,98.4,95.8,91.4,79.2,84.0,87.4,61.2,2470,31,0.01,0.19,72.0,85.2,9.15,67.15,92.8,Elite,2
PLR-1092,Declan Wirtz #193,England,Serie A,Lazio,Defender,28,179,84,Right,Medium,Medium,62.8,61.6,65.6,75.5,60.0,64.6,56.1,63.0,64.6,64.5,53.0,37.7,61.4,78.4,80.1,74.0,64.9,62.6,64.8,80.6,1731,22,0.03,0.04,72.0,73.1,8.5,5.7,73.5,Star,1
PLR-1093,Enzo Haaland #194,Norway,Premier League,Manchester United,Midfielder,25,181,76,Right,High,Medium,77.6,84.9,88.4,81.8,84.3,68.6,87.0,86.3,89.5,89.8,77.7,82.8,88.0,78.1,68.6,62.5,85.0,79.4,80.7,70.0,2042,26,0.32,0.78,79.7,55.9,11.19,26.49,86.8,Elite,2
PLR-1094,Lucas Oblak #195,Nigeria,Serie A,Atalanta,Defender,21,190,79,Right,Medium,Medium,62.5,68.5,71.9,70.5,54.0,72.3,60.1,51.3,64.3,53.0,52.0,30.2,51.6,67.0,76.5,70.0,51.1,67.4,71.7,72.4,1549,19,0.06,0.04,72.0,73.5,8.5,6.71,69.3,Developing,0
PLR-1095,Alphonso Rodri #196,Ghana,La Liga,Villarreal,Midfielder,30,173,72,Right,Low,High,74.3,70.4,89.7,79.9,80.5,67.1,87.5,89.5,91.5,90.6,85.2,75.3,76.0,61.1,63.6,58.1,90.4,84.1,72.1,64.8,2394,30,0.12,0.85,86.2,57.2,11.25,16.68,86.9,Elite,2
PLR-1096,Kevin Hakimi #197,Nigeria,La Liga,Atletico Madrid,Midfielder,23,172,76,Right,High,Medium,72.8,72.2,72.3,58.4,73.0,64.9,82.8,74.6,77.8,82.5,71.4,63.8,65.0,63.5,62.8,52.4,78.9,75.0,65.5,,1781,22,0.04,0.69,75.0,55.6,9.8,13.8,77.2,Star,1
PLR-1097,David Courtois #198,South Korea,Ligue 1,Nice,Midfielder,26,173,66,Right,High,Medium,64.5,66.5,71.8,56.9,70.9,60.8,71.9,69.5,71.6,80.1,52.4,66.2,67.5,57.6,55.5,50.6,74.6,67.2,73.3,79.9,1932,24,0.11,0.34,75.0,52.0,10.12,6.53,68.4,Developing,0
PLR-1098,Achraf Kim #199,Norway,Serie A,Lazio,Forward,28,176,77,Left,Medium,Medium,74.6,78.3,66.0,66.2,61.6,74.7,70.8,66.6,60.3,44.9,56.6,76.5,77.9,40.3,35.4,23.2,60.5,63.6,57.5,79.0,2329,29,0.29,0.1,65.0,40.0,8.83,2.05,70.2,Developing,0
PLR-1099,Carlos Wirtz #200,Belgium,Ligue 1,Marseille,Forward,28,191,79,Right,Medium,Medium,80.3,85.2,75.1,75.3,77.0,78.0,68.7,79.6,68.5,56.3,68.9,88.4,83.8,44.2,34.3,36.1,70.4,75.7,71.8,72.6,2204,28,0.45,0.24,65.0,40.0,8.85,6.54,78.3,Star,1
PLR-1100,Carlos Garcia #201,Norway,Serie A,Napoli,Forward,27,185,76,Right,Medium,Medium,84.5,90.6,73.1,65.5,73.5,73.8,76.3,81.6,78.8,63.0,67.0,89.1,89.6,42.4,25.0,38.1,64.9,69.1,63.9,73.2,1765,22,0.52,0.32,66.2,40.0,9.1,15.12,82.0,Elite,2
PLR-1101,Gavi Schmidt #202,Norway,Ligue 1,Lyon,Midfielder,24,177,64,Right,High,Medium,83.2,70.2,89.8,65.1,81.6,69.1,84.9,88.0,86.6,85.7,76.6,71.4,76.6,68.9,70.6,67.7,90.4,82.7,83.6,72.8,1079,13,0.15,0.76,79.7,61.9,11.52,34.11,87.6,Elite,2
PLR-1102,Antony Davies #203,Colombia,Premier League,Newcastle,Midfielder,27,174,64,Right,Low,Medium,79.9,80.6,94.9,73.8,80.4,78.1,86.6,77.1,85.8,89.0,80.9,78.9,82.9,71.3,74.4,64.7,96.7,87.7,63.2,74.9,2189,28,0.24,0.85,75.0,59.7,12.01,18.49,86.5,Elite,2
PLR-1103,Enzo Foden #204,Nigeria,La Liga,Athletic Club,Midfielder,27,178,73,Right,High,Medium,58.0,63.3,65.9,53.6,64.7,49.5,71.1,58.0,71.0,68.3,71.3,49.0,52.0,58.5,43.7,50.7,69.7,54.9,59.1,75.9,3420,38,0.03,0.44,75.0,52.0,9.8,2.93,65.1,Developing,0
PLR-1104,Noah Camavinga #205,Norway,Premier League,Chelsea,Goalkeeper,29,190,87,Right,High,High,35.0,43.7,41.3,77.3,67.4,78.5,30.1,25.0,48.7,48.0,20.0,20.9,60.3,29.6,21.2,17.0,63.3,69.1,65.8,72.3,3325,38,0.0,0.02,48.0,50.0,3.8,6.48,74.8,Star,1
PLR-1105,Kaoru Williams #206,Senegal,Ligue 1,Rennes,Forward,27,171,79,Right,Low,High,84.9,92.4,69.3,67.7,92.1,84.5,81.7,85.9,71.7,66.6,68.4,81.3,78.1,44.1,32.6,34.5,67.7,76.1,78.9,69.7,1909,24,0.56,0.22,65.0,40.0,8.8,16.79,82.4,Elite,2
PLR-1106,Mateo Courtois #207,USA,La Liga,Atletico Madrid,Midfielder,19,182,62,Left,Medium,High,67.3,68.8,72.4,55.6,70.2,62.3,75.9,66.3,78.6,74.2,63.2,63.5,68.5,64.9,55.2,56.6,70.5,64.1,68.9,69.8,1965,25,0.02,0.56,75.0,52.0,10.14,4.86,70.3,Developing,0
PLR-1107,Victor Maignan #208,South Korea,Ligue 1,Nice,Defender,20,195,79,Left,Medium,Medium,71.3,70.0,78.0,84.6,64.2,78.0,70.5,62.3,74.9,70.8,61.3,48.1,75.4,85.8,93.8,89.7,73.3,68.5,82.7,67.1,1587,20,0.03,0.07,72.0,89.3,10.02,25.82,85.2,Elite,2
PLR-1108,Rodri Hernandez #209,Croatia,Premier League,Arsenal,Forward,21,182,68,Right,Medium,Medium,83.1,92.4,76.8,71.3,86.3,80.1,86.4,81.2,79.0,57.0,78.2,96.9,80.7,47.4,47.1,33.3,72.6,82.9,78.5,60.9,2458,31,0.65,0.32,65.5,40.0,8.87,30.03,85.2,Elite,2
PLR-1109,Alisson Barella #210,Uruguay,Bundesliga,VfB Stuttgart,Forward,18,185,82,Right,Medium,High,60.0,65.1,55.0,51.2,60.0,56.4,58.0,64.6,63.4,49.9,64.6,63.9,58.1,30.0,29.5,42.8,47.2,51.1,55.2,79.4,2479,31,0.18,0.02,65.0,40.0,8.8,1.41,58.5,Developing,0
PLR-1110,Kylian Rodri #211,Italy,La Liga,Real Sociedad,Midfielder,22,186,73,Right,High,Medium,75.3,76.4,90.4,81.1,75.0,72.6,90.4,84.3,96.0,89.5,79.4,77.0,80.8,69.0,71.9,61.3,82.3,77.6,60.0,84.3,1956,25,0.16,0.78,85.2,66.5,10.79,35.77,87.2,Elite,2
PLR-1111,Gavi Sato #212,England,Premier League,Tottenham,Forward,28,178,64,Right,Medium,High,81.8,96.1,75.7,64.8,82.4,85.3,80.3,87.6,79.0,55.0,68.8,93.7,80.6,46.4,34.9,32.2,72.2,80.1,59.6,65.5,1930,24,0.49,0.32,65.0,40.0,9.33,21.55,85.4,Elite,2
PLR-1112,Liam Hernandez #213,Uruguay,Serie A,Juventus,Goalkeeper,32,192,93,Right,High,Medium,39.6,42.3,42.9,71.4,55.2,67.9,30.0,30.3,40.0,44.7,25.3,24.9,57.6,25.0,27.7,15.0,59.2,68.2,60.0,73.5,2088,26,0.0,0.0,48.0,50.0,,1.66,71.1,Star,1
PLR-1113,Kaoru Fernandez #214,Croatia,Premier League,Tottenham,Defender,23,190,92,Right,Low,High,71.2,76.6,80.5,88.5,58.1,77.7,67.4,66.8,69.7,62.0,63.2,41.2,52.6,83.3,87.0,79.0,71.7,72.0,66.7,68.9,1140,14,0.06,0.04,72.0,86.6,8.58,15.26,80.7,Star,1
PLR-1114,Alejandro Schmidt #215,Croatia,Bundesliga,Borussia Dortmund,Midfielder,31,178,82,Right,Low,Medium,66.3,57.4,72.6,53.0,66.0,59.3,68.9,62.3,65.0,64.5,56.8,50.4,60.5,50.8,47.6,42.9,69.2,58.8,55.1,83.3,3287,38,0.02,0.42,75.0,52.0,9.87,0.5,65.1,Developing,0
PLR-1115,Bukayo Foden #216,Portugal,Ligue 1,Rennes,Defender,21,192,74,Right,Medium,High,71.6,74.3,83.9,81.3,73.2,80.5,61.7,70.9,80.6,72.1,60.2,42.1,64.8,85.1,87.4,91.3,65.3,68.1,72.6,75.1,1327,17,0.05,0.12,72.0,84.8,8.97,20.79,82.5,Elite,2
PLR-1116,Pedri Diallo #217,Spain,Ligue 1,Monaco,Defender,23,184,73,Left,Medium,High,70.0,60.7,76.4,77.8,63.0,61.6,60.1,59.6,59.4,61.6,58.4,30.9,52.8,71.7,81.0,75.0,65.5,68.8,67.2,73.8,2035,26,0.03,0.04,72.0,72.7,9.15,10.04,72.5,Star,1
PLR-1117,Gianluigi Oblak #218,Belgium,Ligue 1,Marseille,Forward,25,179,71,Left,High,High,99.0,98.8,77.3,83.5,93.0,82.0,98.0,92.6,72.0,75.6,72.8,97.9,92.4,41.3,41.7,31.1,82.2,85.8,83.3,70.5,2065,26,0.6,0.36,65.0,40.4,9.11,58.25,94.4,Elite,2
PLR-1118,Virgil Saka #219,Canada,Bundesliga,Borussia Dortmund,Defender,31,189,91,Right,High,Low,57.4,52.2,58.0,75.2,48.0,60.8,51.0,42.0,54.8,54.1,42.9,31.1,53.7,65.0,66.0,64.8,51.3,58.2,56.1,87.5,946,12,0.02,0.05,72.0,62.0,8.5,2.92,64.4,Developing,0
PLR-1119,Ederson Jones #220,Nigeria,Premier League,Newcastle,Midfielder,29,169,68,Right,High,Medium,81.3,92.9,92.1,79.2,79.9,75.4,88.3,92.2,98.3,98.0,78.1,75.3,83.0,68.7,71.0,70.1,87.3,78.0,71.7,71.6,1090,13,0.13,0.76,89.5,60.2,11.59,27.68,87.9,Elite,2
PLR-1120,Bruno Rodri #221,England,Serie A,AC Milan,Defender,24,191,83,Right,Medium,High,73.3,69.4,82.6,90.6,75.9,79.4,73.0,62.8,71.4,66.3,47.7,47.0,72.0,79.6,86.4,87.5,62.3,68.9,83.6,62.2,2317,29,0.01,0.01,72.0,80.9,8.68,16.45,81.1,Star,1
PLR-1121,David Hernandez #222,Nigeria,La Liga,Real Madrid,Defender,31,181,82,Left,High,High,80.5,71.3,80.7,90.1,58.6,80.3,74.1,64.9,77.0,76.4,58.8,42.9,69.8,95.0,91.2,81.8,73.0,85.1,76.1,64.4,1958,25,0.06,0.12,72.0,86.1,9.45,21.52,88.7,Elite,2
PLR-1122,Noah Mbappe #223,Argentina,La Liga,Athletic Club,Midfielder,22,185,72,Left,High,Medium,71.1,77.0,84.0,70.5,81.2,66.4,86.6,71.3,91.0,76.7,81.8,59.8,83.0,67.0,60.0,69.7,76.4,82.2,77.0,73.9,680,8,0.02,0.63,81.1,52.0,11.38,16.54,80.5,Star,1
PLR-1123,Moises Oblak #224,Germany,Bundesliga,Borussia Dortmund,Forward,31,181,72,Right,Medium,High,80.9,77.2,75.1,67.2,82.3,73.4,73.6,76.8,72.4,59.0,67.5,91.0,84.3,53.6,36.5,30.1,73.3,76.0,69.0,70.3,1741,22,0.73,0.26,65.0,40.0,9.29,7.32,79.1,Star,1
PLR-1124,Rodri Maignan #225,USA,Ligue 1,Paris Saint-Germain,Forward,29,179,79,Right,Medium,Medium,83.9,78.7,,71.6,83.3,75.6,75.2,85.7,69.7,55.3,67.8,91.1,80.2,42.0,47.4,24.7,69.0,76.6,67.3,72.3,2106,27,0.5,0.21,65.0,40.0,8.8,16.35,83.2,Elite,2
PLR-1125,Darwin Fernandez #226,France,Bundesliga,Bayern Munich,Midfielder,23,182,75,Right,Medium,Medium,66.6,63.7,78.3,66.6,75.5,49.6,71.3,74.8,71.3,78.1,72.6,61.6,61.3,58.5,65.1,61.5,72.9,64.5,65.0,69.9,2461,31,0.13,0.37,75.0,52.0,10.31,6.44,73.0,Star,1
PLR-1126,Kylian Williams #227,USA,La Liga,Athletic Club,Defender,36,188,82,Left,Medium,Medium,69.4,62.0,64.5,85.0,59.0,77.9,66.7,66.1,64.4,61.2,42.3,40.0,66.1,88.8,85.9,80.0,65.6,79.8,68.4,75.5,1227,15,0.01,0.06,72.0,81.0,8.5,11.38,83.1,Elite,2
PLR-1127,Alisson Williams #228,South Korea,Serie A,Atalanta,Defender,24,189,80,Right,Medium,High,80.4,74.9,77.7,86.5,69.0,80.7,73.8,62.1,80.2,78.2,57.3,45.6,66.1,87.8,97.4,86.2,66.5,80.7,76.5,75.3,2152,27,0.02,0.04,76.8,90.1,8.5,32.88,87.2,Elite,2
PLR-1128,Luka Bastoni #229,Brazil,Premier League,Aston Villa,Forward,22,184,78,Right,High,Medium,73.4,70.7,61.3,59.2,65.6,67.2,60.0,62.3,56.2,53.4,67.1,75.6,69.6,35.0,25.0,31.2,56.4,56.8,58.0,73.5,2372,30,0.32,0.02,65.0,40.0,8.8,2.74,67.2,Developing,0
PLR-1129,Jamal Mbappe #230,Germany,Premier League,Liverpool,Midfielder,29,187,71,Right,Medium,Medium,72.0,72.0,83.1,60.2,77.3,57.6,79.6,74.3,74.9,80.0,72.7,62.5,67.3,65.4,63.4,58.5,78.4,67.2,65.9,74.8,2060,26,0.13,0.55,75.0,56.2,11.27,3.68,72.5,Star,1
PLR-1130,Osimhen Dias #231,Ghana,Premier League,Tottenham,Midfielder,22,171,76,Right,Medium,Medium,63.0,67.5,67.6,56.0,62.2,56.4,69.4,66.7,78.5,73.3,60.4,58.0,69.0,59.5,61.8,48.2,70.5,58.9,56.2,71.8,3058,38,0.09,0.44,75.0,52.8,9.8,4.99,68.4,Developing,0
PLR-1131,Enzo Bastoni #232,Netherlands,Serie A,AC Milan,Forward,23,194,66,Right,Medium,High,81.1,86.1,77.9,65.8,75.9,64.2,75.5,79.0,65.8,60.2,62.2,88.3,79.9,38.5,38.1,26.1,62.1,70.7,74.8,70.5,1309,16,0.3,0.06,65.0,40.0,8.8,10.06,77.3,Star,1
PLR-1132,Theo Courtois #233,Morocco,Bundesliga,Borussia Dortmund,Forward,22,185,74,Right,Medium,High,60.0,62.0,55.0,56.0,61.1,55.3,58.0,65.5,50.0,42.0,48.4,69.6,58.0,30.0,25.0,29.3,47.6,51.7,44.5,79.0,2175,27,0.17,0.02,65.0,40.0,8.8,0.5,62.0,Developing,0
PLR-1133,Gianluigi Kroos #234,Canada,Bundesliga,Bayern Munich,Midfielder,23,177,78,Left,Medium,High,65.9,70.6,78.7,72.1,75.9,61.1,75.3,65.6,81.4,79.2,76.8,67.3,76.5,59.3,67.1,54.5,79.6,65.1,60.9,72.3,2011,25,0.12,0.6,76.0,57.0,10.57,9.76,74.6,Star,1
PLR-1134,Liam Mueller #235,Argentina,Bundesliga,Borussia Dortmund,Goalkeeper,30,188,81,Left,Medium,Medium,40.1,38.6,40.0,70.9,51.6,62.4,37.4,33.3,40.3,46.6,25.3,19.9,45.0,36.3,23.9,21.2,54.8,60.1,62.9,78.2,1974,25,0.0,0.01,48.0,50.0,3.8,1.24,67.2,Developing,0
PLR-1135,Eduardo Dias #236,Portugal,Bundesliga,VfB Stuttgart,Midfielder,22,182,65,Left,High,High,77.1,83.0,95.9,69.9,85.7,70.1,92.5,83.1,96.7,85.1,77.6,70.6,83.4,75.7,72.7,63.9,75.9,86.3,81.3,71.2,2031,26,0.12,0.81,87.7,59.0,11.94,45.77,89.1,Elite,2
PLR-1136,Achraf Saliba #237,Argentina,Premier League,Newcastle,Midfielder,32,179,73,Right,High,Medium,68.6,64.9,79.9,66.3,73.7,69.2,80.4,82.2,88.6,79.8,52.0,71.7,69.0,58.8,59.4,55.0,87.4,79.0,68.7,74.9,1690,21,0.19,0.78,79.4,52.4,10.9,7.14,81.6,Star,1
PLR-1137,Trent Hernandez #238,France,Serie A,Atalanta,Defender,23,188,74,Left,Medium,High,61.3,50.3,58.2,60.0,57.9,59.7,50.0,51.3,52.0,56.5,44.5,30.0,48.0,65.0,66.2,62.0,53.7,56.5,58.8,74.8,2188,28,0.01,0.11,72.0,62.3,8.5,0.5,62.0,Developing,0
PLR-1138,Alphonso Traore #239,USA,Bundesliga,Borussia Dortmund,Midfielder,18,177,78,Left,High,High,75.6,73.3,82.0,72.6,73.5,60.5,86.3,83.4,,79.2,65.2,79.5,76.7,64.3,64.0,51.8,76.2,70.3,84.2,61.9,2716,34,0.31,0.63,75.6,58.0,11.3,12.37,79.7,Star,1
PLR-1139,Alexis Valverde #240,Canada,Ligue 1,Marseille,Goalkeeper,26,189,81,Right,High,High,39.9,41.1,40.0,61.5,45.0,52.3,30.0,25.0,46.6,50.1,20.0,24.4,45.0,25.4,19.1,15.5,53.8,58.9,53.3,83.5,1288,16,0.0,0.02,48.0,50.0,3.8,1.66,61.1,Developing,0
PLR-1140,Jude De Bruyne #241,Brazil,La Liga,Real Sociedad,Goalkeeper,24,190,86,Right,High,Medium,48.1,38.4,40.0,74.4,50.0,65.8,40.0,32.4,40.0,51.3,25.7,20.2,62.1,29.2,25.0,15.0,60.3,62.4,67.1,80.7,2695,34,0.0,0.01,48.0,50.0,3.8,7.04,68.9,Developing,0
PLR-1141,Ederson Diallo #242,Brazil,La Liga,Real Sociedad,Forward,27,180,79,Left,Medium,High,85.6,90.8,77.2,70.7,85.4,62.3,88.2,76.2,,62.8,69.7,91.4,77.3,44.5,35.1,35.9,72.2,76.9,63.2,72.5,1977,25,0.48,0.23,65.0,40.0,8.8,15.95,84.0,Elite,2
PLR-1142,Julian Santos #243,Spain,Serie A,Lazio,Midfielder,27,179,71,Right,High,High,70.7,81.1,81.1,70.3,74.6,73.4,79.7,75.2,81.1,84.4,78.1,71.7,74.6,63.0,63.4,59.2,83.5,73.5,70.3,77.2,2285,29,0.17,0.67,76.7,53.6,10.7,11.09,77.3,Star,1
PLR-1143,Alessandro Maignan #244,Portugal,Ligue 1,Lille,Midfielder,20,179,67,Right,Medium,High,57.1,56.0,65.0,58.6,65.6,48.2,72.1,62.9,72.1,63.0,58.4,58.0,59.4,45.0,51.4,38.9,56.1,58.4,40.0,82.1,2981,38,0.02,0.21,75.0,52.0,9.8,5.43,63.1,Developing,0
PLR-1144,William Rodri #245,Croatia,La Liga,Villarreal,Midfielder,22,171,76,Right,Medium,High,80.5,68.7,87.1,69.1,66.0,69.6,79.7,76.1,,77.6,75.7,67.5,71.5,66.4,56.2,60.6,80.9,71.6,76.8,71.3,2525,32,0.17,0.68,75.0,52.0,11.7,16.44,80.7,Star,1
PLR-1145,Rafael Tchouameni #246,Germany,Serie A,Fiorentina,Forward,19,174,64,Right,Medium,Medium,69.8,76.2,60.2,62.2,68.4,70.4,76.7,64.3,57.9,52.7,68.7,78.3,66.1,41.5,28.1,34.9,66.4,52.7,61.0,85.2,2457,31,0.51,0.23,65.0,40.0,8.8,2.25,69.9,Developing,0
PLR-1146,Alexis Davies #247,Croatia,Serie A,Roma,Midfielder,21,182,86,Right,Medium,Medium,62.4,71.1,77.5,65.2,73.9,64.6,72.3,65.4,76.4,82.1,73.8,57.1,63.4,66.4,53.0,57.2,67.8,62.8,69.7,69.6,3174,38,0.03,0.5,75.0,55.2,,3.72,69.8,Developing,0
PLR-1147,Mike Wirtz #248,Belgium,Premier League,Chelsea,Midfielder,25,172,72,Left,High,Low,66.1,73.4,70.8,52.4,69.9,60.6,72.8,64.0,77.3,70.8,66.6,58.2,67.0,51.9,59.1,56.0,75.2,66.3,63.5,59.4,2244,28,0.02,0.51,75.0,52.0,10.06,4.48,72.9,Star,1
PLR-1148,Enzo Musiala #249,Belgium,Ligue 1,Rennes,Forward,24,182,75,Right,Medium,Medium,86.3,87.9,74.2,75.2,91.5,74.9,84.6,78.0,73.4,72.8,72.4,92.2,81.6,45.9,49.6,28.2,81.4,76.8,69.9,67.4,1518,19,0.64,0.3,65.0,40.0,8.8,27.93,84.7,Elite,2
PLR-1149,Jan Hakimi #250,Ghana,Premier League,Newcastle,Forward,25,182,74,Left,High,Medium,76.5,93.4,75.2,69.8,77.5,62.8,83.5,77.6,73.8,65.9,71.1,88.1,85.7,37.6,39.0,32.3,64.7,76.8,69.0,74.7,2709,34,0.59,0.23,65.0,40.0,9.52,12.07,79.8,Star,1
PLR-1150,Moises Martinez #251,Ghana,Ligue 1,Lille,Goalkeeper,29,191,78,Left,Medium,High,45.1,40.6,40.0,60.4,45.0,50.0,30.0,25.0,40.0,42.0,20.0,15.0,51.3,34.6,24.9,15.0,52.9,48.0,46.1,81.7,2392,30,0.0,0.03,48.0,50.0,3.8,5.24,59.7,Developing,0
PLR-1151,Dominik Diallo #252,Netherlands,Serie A,Napoli,Forward,30,191,80,Left,High,Medium,94.2,88.8,80.3,76.6,86.9,86.9,91.6,92.0,78.4,63.1,85.2,99.0,87.6,52.0,42.3,36.1,77.2,78.5,73.4,61.4,1668,21,0.73,0.42,65.0,40.0,9.64,32.89,93.0,Elite,2
PLR-1152,Jamal Hernandez #253,South Korea,La Liga,Atletico Madrid,Forward,22,182,69,Right,Medium,Low,84.9,88.4,72.4,75.6,82.2,67.7,83.3,91.9,75.4,75.4,76.7,94.0,85.9,45.1,39.3,34.3,73.7,83.6,71.9,69.7,2521,32,0.61,0.27,65.0,40.0,8.8,30.45,85.6,Elite,2
PLR-1153,Khvicha Modric #254,Morocco,Serie A,Lazio,Midfielder,27,177,75,Left,High,Medium,65.0,65.1,76.4,57.9,67.1,52.8,73.8,63.5,77.1,71.3,52.0,65.2,68.4,65.4,46.9,50.2,72.4,67.9,56.0,78.3,1980,25,0.12,0.52,75.0,52.0,9.84,2.32,70.2,Developing,0
PLR-1154,Ruben Bellingham #255,Nigeria,La Liga,Barcelona,Goalkeeper,24,183,82,Left,Low,High,55.9,56.5,40.0,81.1,66.6,80.8,49.6,32.5,61.0,53.5,33.5,27.1,59.7,40.2,26.6,26.1,72.4,81.5,71.5,63.1,1692,21,0.0,0.01,48.0,50.0,3.8,30.78,87.0,Elite,2
PLR-1155,Eduardo Hakimi #256,Germany,La Liga,Atletico Madrid,Forward,29,171,81,Left,Medium,Medium,91.8,87.5,75.2,85.8,86.1,72.9,79.9,86.4,77.8,73.5,64.4,92.8,87.4,39.5,37.5,25.3,79.2,81.0,67.4,83.5,2722,34,0.6,0.39,65.0,40.0,8.8,21.13,85.9,Elite,2
PLR-1156,Gianluigi Garcia #257,Senegal,Serie A,Roma,Defender,31,182,86,Right,High,Medium,82.6,86.7,74.7,93.0,65.3,80.1,65.3,67.1,74.9,68.2,67.6,52.1,73.0,96.9,91.3,90.7,73.3,76.3,84.4,74.1,1773,22,0.0,0.11,72.0,80.5,9.05,24.95,90.3,Elite,2
PLR-1157,Alexis Musiala #258,Morocco,Ligue 1,Lille,Defender,33,194,79,Right,Low,High,77.1,67.0,74.1,86.1,68.6,88.0,72.0,71.0,70.9,65.0,68.9,47.7,65.4,93.8,93.1,87.7,71.3,87.1,84.4,60.9,1905,24,0.09,0.16,72.0,88.2,8.88,20.46,88.9,Elite,2
PLR-1158,Victor Schmidt #259,England,Bundesliga,Bayer Leverkusen,Forward,24,181,85,Left,Medium,Medium,83.7,85.4,71.0,72.3,82.1,75.7,80.3,81.5,77.2,66.3,74.1,98.3,85.7,42.6,39.5,36.1,75.9,78.7,72.7,70.6,3126,38,0.66,0.25,65.0,40.0,8.8,25.72,85.0,Elite,2
PLR-1159,Leo Rodriguez #260,Croatia,La Liga,Barcelona,Defender,18,183,77,Right,High,Medium,75.5,72.6,82.1,92.4,72.0,86.8,66.7,69.3,77.2,82.5,60.2,36.7,75.9,83.4,91.5,85.7,66.9,70.9,84.0,60.0,1536,19,0.0,0.17,72.0,79.1,9.75,21.73,83.3,Elite,2
PLR-1160,Ruben Traore #261,Belgium,Serie A,Roma,Midfielder,29,176,79,Right,Low,Low,74.2,74.2,86.2,84.1,88.0,71.1,94.2,84.0,95.6,90.9,82.5,72.0,80.0,76.0,75.2,64.7,91.0,82.8,77.7,66.6,2305,29,0.15,0.85,87.8,60.1,10.65,29.42,88.1,Elite,2
PLR-1161,Alessandro Dias #262,Spain,Bundesliga,Borussia Dortmund,Midfielder,27,175,67,Right,High,Medium,71.2,88.4,83.0,57.6,82.7,70.3,79.2,73.7,87.1,82.3,64.9,77.6,72.8,73.3,70.7,54.9,86.0,74.9,63.4,72.5,2491,31,0.17,0.64,81.9,60.2,11.57,12.89,81.1,Star,1
PLR-1162,Moises Jones #263,Italy,Premier League,Manchester United,Midfielder,22,185,78,Left,Low,Medium,59.2,64.4,81.4,69.9,71.5,59.5,78.0,76.1,76.4,70.7,70.7,67.6,70.8,68.2,66.9,53.5,69.3,69.5,69.3,78.4,2207,28,0.17,0.37,75.0,60.3,11.1,9.83,73.7,Star,1
PLR-1163,Enzo Jones #264,Spain,Ligue 1,Paris Saint-Germain,Midfielder,28,174,76,Right,Medium,Medium,69.3,84.2,86.2,72.5,79.6,65.0,85.1,85.8,89.4,86.4,76.4,72.8,80.2,71.2,65.0,63.7,86.7,81.9,68.4,71.1,2211,28,0.16,0.75,76.3,52.0,11.58,23.92,85.0,Elite,2
PLR-1164,Jude Donnarumma #265,Norway,Bundesliga,VfB Stuttgart,Forward,22,174,75,Left,Low,Low,89.6,93.7,79.3,82.1,83.6,68.5,94.3,93.4,85.2,76.5,73.8,97.6,92.8,47.2,41.0,36.7,76.4,84.4,78.9,71.4,2586,33,0.64,0.3,73.3,40.0,9.91,63.15,92.5,Elite,2
PLR-1165,Cole Rice #266,Morocco,Serie A,Inter Milan,Defender,23,185,77,Right,Medium,Medium,70.5,72.1,71.5,75.7,60.0,85.7,67.5,60.1,67.6,67.8,58.8,43.8,65.0,84.0,84.1,77.3,62.7,68.9,73.0,72.7,2237,28,0.02,0.13,72.0,77.7,8.5,14.45,80.2,Star,1
PLR-1166,Theo Martinez #267,Netherlands,Bundesliga,VfB Stuttgart,Midfielder,18,186,76,Right,Medium,High,63.6,60.3,74.4,58.5,68.6,64.6,73.1,73.5,78.7,79.9,66.9,58.4,68.8,56.6,60.1,50.0,60.7,62.4,68.9,75.5,2653,34,0.16,0.4,75.0,52.0,9.8,4.94,71.4,Star,1
PLR-1167,Marcus Garcia #268,Spain,La Liga,Athletic Club,Forward,25,189,74,Right,Medium,Medium,81.2,83.6,57.4,67.6,70.1,67.7,75.9,77.3,66.2,56.5,65.5,81.7,77.2,40.3,44.1,22.0,60.6,69.6,71.6,71.6,2641,33,0.58,0.27,65.0,40.0,8.8,6.45,73.5,Star,1
PLR-1168,Eduardo Santos #269,France,Ligue 1,Marseille,Forward,30,192,81,Right,High,High,96.2,97.6,87.2,76.9,98.0,81.1,95.0,96.3,85.1,68.6,71.5,99.0,92.7,43.2,49.4,38.5,77.7,84.4,67.8,71.1,2143,27,0.78,0.36,68.5,42.6,9.32,39.67,94.5,Elite,2
PLR-1169,Mike Haaland #270,Belgium,Ligue 1,Paris Saint-Germain,Midfielder,24,174,75,Right,Medium,Medium,82.3,84.6,87.7,83.7,80.3,75.6,89.0,75.4,93.3,91.6,71.5,81.7,82.2,77.1,60.7,62.5,92.6,81.8,73.0,77.2,2282,29,0.1,0.85,87.3,52.0,11.76,30.98,85.2,Elite,2
PLR-1170,Mateo Moreno #271,England,Ligue 1,Rennes,Defender,27,197,90,Right,Low,Medium,55.5,60.5,58.0,73.4,48.0,62.8,50.0,48.1,57.9,48.0,42.1,34.4,63.1,65.0,73.7,72.4,52.3,62.6,59.5,86.7,1989,25,0.0,0.01,72.0,68.6,8.5,2.04,68.0,Developing,0
PLR-1171,Theo Mueller #272,Germany,Ligue 1,Paris Saint-Germain,Forward,23,183,76,Right,Medium,High,94.9,97.0,72.6,77.7,88.6,79.8,82.1,90.0,86.6,72.4,83.4,91.5,90.9,47.9,43.1,40.9,76.7,83.5,69.6,75.5,2787,35,0.69,0.36,76.2,40.0,8.8,31.66,88.0,Elite,2
PLR-1172,Marcus Rice #273,Brazil,Serie A,Fiorentina,Midfielder,25,172,68,Right,Low,Low,79.2,80.7,89.0,77.7,81.4,72.2,84.9,74.1,90.7,88.5,88.8,77.3,78.6,71.5,73.7,67.1,87.9,80.9,69.7,70.5,2255,28,0.12,0.79,83.2,61.3,10.6,22.82,84.9,Elite,2
PLR-1173,Alphonso Valverde #274,Croatia,Premier League,Aston Villa,Forward,24,181,70,Left,High,High,81.3,86.9,71.8,69.1,86.2,71.6,81.5,82.0,82.7,47.0,65.8,88.9,77.4,45.8,37.6,38.8,64.9,72.7,75.9,75.2,2293,29,0.46,0.3,68.4,40.0,8.8,16.13,80.1,Star,1
PLR-1174,Alisson Schmidt #275,Morocco,Premier League,Liverpool,Defender,27,189,86,Right,Medium,Low,64.1,72.5,63.5,74.9,52.5,64.2,50.4,42.6,58.2,55.5,42.7,30.0,54.1,65.3,71.6,63.7,55.3,57.6,72.0,72.2,3420,38,0.06,0.01,72.0,68.4,8.5,4.55,66.3,Developing,0
PLR-1175,Kylian Hernandez #276,USA,Premier League,Liverpool,Forward,28,187,71,Right,High,High,74.9,78.5,75.0,62.2,67.2,60.5,73.2,74.7,66.7,55.7,70.7,80.2,67.6,44.3,46.7,32.1,68.2,63.4,64.8,67.5,1517,19,0.54,0.27,65.0,40.0,8.93,2.19,73.8,Star,1
PLR-1176,Mike De Bruyne #277,Ghana,La Liga,Atletico Madrid,Defender,31,185,73,Left,Medium,Medium,56.9,51.2,58.0,60.0,51.0,61.1,50.0,44.4,52.0,51.5,40.0,39.3,53.4,65.0,66.0,62.0,48.3,56.1,52.2,73.6,2928,37,0.08,0.01,72.0,63.6,8.5,5.56,62.8,Developing,0
PLR-1177,Bruno Davies #278,Netherlands,Ligue 1,Lille,Midfielder,30,174,67,Right,Medium,Medium,55.0,59.8,73.3,48.0,59.4,46.0,63.7,58.0,65.0,61.2,58.7,58.8,56.4,58.3,55.2,56.7,65.9,59.4,49.5,89.2,2077,26,0.14,0.3,75.0,52.0,10.83,0.5,62.7,Developing,0
PLR-1178,Kevin Oblak #279,Ghana,Premier League,Manchester City,Goalkeeper,25,187,86,Right,High,High,46.9,41.9,44.6,76.2,52.3,65.3,40.7,29.3,55.4,53.9,21.3,20.3,58.0,29.5,19.2,23.9,62.3,75.9,59.0,81.5,1044,13,0.0,0.0,48.0,50.0,3.8,10.75,78.5,Star,1
PLR-1179,Darwin Saliba #280,Colombia,La Liga,Atletico Madrid,Forward,19,181,84,Left,Medium,Medium,67.7,78.7,77.3,71.1,70.9,73.1,75.8,72.9,63.2,56.0,58.2,77.6,75.5,45.0,32.5,39.1,59.7,61.5,65.1,77.4,2314,29,0.37,0.11,65.0,40.0,8.86,7.46,73.1,Star,1
PLR-1180,Alejandro Garcia #281,Portugal,Serie A,AC Milan,Midfielder,23,171,82,Right,Medium,Medium,64.6,63.3,72.7,66.1,65.8,54.5,71.3,63.9,82.2,76.8,74.6,63.8,72.6,60.6,61.0,42.8,73.4,66.9,65.8,69.4,2476,31,0.15,0.64,77.0,52.0,9.99,7.11,71.2,Star,1
PLR-1181,Leo Tchouameni #282,Colombia,Serie A,Atalanta,Forward,22,174,77,Right,Medium,Medium,78.5,77.1,74.5,68.8,77.0,77.6,82.2,87.8,68.0,63.4,68.5,86.4,74.7,33.4,37.2,28.1,69.5,66.6,53.0,74.6,2565,32,0.57,0.16,65.0,40.0,8.8,16.31,80.9,Star,1
PLR-1182,Mateo Hakimi #283,Brazil,Bundesliga,Bayern Munich,Goalkeeper,18,187,77,Right,High,High,43.7,41.2,50.3,64.2,61.5,64.7,37.4,33.6,40.0,52.2,25.0,27.8,74.4,25.0,31.0,20.3,52.2,54.5,68.3,71.1,1611,20,0.0,0.02,48.0,50.0,3.87,6.07,69.2,Developing,0
PLR-1183,Theo Haaland #284,Canada,Serie A,Napoli,Defender,30,189,78,Right,Low,Medium,81.7,74.0,78.4,80.4,80.6,72.5,62.5,62.1,78.8,64.4,57.5,49.5,65.9,84.3,88.0,84.3,72.9,74.4,83.3,78.9,2097,26,0.04,0.06,72.0,80.1,9.19,10.76,83.6,Elite,2
PLR-1184,Gavi Mbappe #285,Colombia,Serie A,Fiorentina,Forward,34,183,74,Left,Medium,High,83.6,76.0,70.4,75.2,75.6,70.0,76.0,77.4,73.6,69.1,69.8,81.9,85.3,53.3,34.8,31.4,76.3,82.8,79.2,68.2,1136,14,0.45,0.31,65.0,40.0,8.8,6.56,79.8,Star,1
PLR-1185,Mike Bastoni #286,Colombia,La Liga,Real Madrid,Defender,28,183,76,Left,Medium,Medium,82.5,86.0,89.9,94.1,78.9,97.6,80.7,68.8,79.8,78.8,73.9,45.5,78.7,92.9,99.0,98.0,72.9,83.3,83.2,62.4,966,12,0.02,0.11,72.9,88.6,10.53,54.92,92.7,Elite,2
PLR-1186,Bruno Williams #287,Portugal,Ligue 1,Marseille,Defender,18,179,82,Right,Low,Medium,63.4,59.0,65.9,80.7,57.0,76.6,67.1,47.3,68.7,71.5,55.0,42.9,65.4,67.0,79.2,70.7,58.7,60.6,70.5,71.4,2062,26,0.05,0.03,72.0,72.7,8.5,6.24,74.4,Star,1
PLR-1187,Declan Bellingham #288,France,Ligue 1,Lyon,Midfielder,21,178,71,Right,High,High,79.2,75.8,89.8,65.0,80.9,67.1,89.3,92.6,91.8,80.5,77.4,73.6,79.5,66.2,69.5,57.4,83.4,69.7,84.3,71.3,1622,20,0.09,0.76,82.7,64.4,11.8,28.4,85.2,Elite,2
PLR-1188,Lucas Mbappe #289,Brazil,Premier League,Newcastle,Midfielder,34,166,77,Right,High,Medium,55.0,58.5,72.4,59.0,60.6,55.8,65.0,58.0,65.0,67.2,67.5,57.1,52.0,47.7,48.2,38.0,60.2,54.8,43.2,80.4,1698,21,0.1,0.12,75.0,52.0,9.8,0.5,62.3,Developing,0
PLR-1189,Alejandro Tanaka #290,Uruguay,Bundesliga,Bayer Leverkusen,Forward,27,184,73,Right,High,Medium,76.9,85.6,73.6,58.5,73.3,65.5,77.9,83.8,71.3,56.8,65.8,78.2,72.8,46.2,45.6,28.4,63.2,65.7,62.9,84.4,1569,20,0.45,0.21,65.0,40.0,8.8,5.22,74.9,Star,1
PLR-1190,Jan Rodriguez #291,Argentina,Serie A,AC Milan,Forward,24,175,77,Right,High,Medium,65.0,67.8,55.0,57.1,60.0,52.0,59.4,65.4,50.3,49.7,49.9,64.7,68.7,33.7,25.0,27.7,49.0,62.0,55.3,77.8,2558,32,0.19,0.02,65.0,40.0,8.8,1.63,62.8,Developing,0
PLR-1191,Son Mendes #292,Nigeria,Premier League,Arsenal,Defender,20,189,69,Right,Medium,High,55.0,51.9,67.6,64.9,61.9,62.2,53.5,54.2,52.0,50.6,53.8,30.0,48.0,70.5,66.0,69.1,54.0,53.8,57.4,81.4,1180,15,0.02,0.01,72.0,62.0,8.5,2.05,64.6,Developing,0
PLR-1192,Theo Hakimi #293,Spain,Premier League,Arsenal,Goalkeeper,31,187,86,Left,High,Medium,42.5,40.4,45.5,72.1,58.6,71.6,43.1,34.3,40.6,42.0,26.9,20.5,59.1,43.7,20.3,26.5,58.7,67.8,75.0,61.1,2462,31,0.0,0.01,48.0,50.0,3.82,5.19,75.7,Star,1
PLR-1193,Alisson Fernandez #294,England,Premier League,Tottenham,Midfielder,25,183,75,Left,High,Medium,73.2,69.1,85.6,64.4,73.7,64.9,81.2,66.1,84.5,81.0,74.3,69.6,74.4,54.2,57.5,60.2,80.8,78.0,56.5,79.5,2368,30,0.16,0.75,79.0,52.0,11.58,10.78,78.2,Star,1
PLR-1194,Jan Schmidt #295,Nigeria,Bundesliga,Bayern Munich,Midfielder,33,180,64,Right,Low,Medium,74.6,75.7,95.4,71.0,82.0,68.2,86.0,86.8,92.0,98.0,77.5,78.3,82.4,70.9,67.6,68.0,94.5,82.0,75.4,66.1,3312,38,0.22,0.85,80.0,61.5,12.2,17.82,88.0,Elite,2
PLR-1195,Gavi Valverde #296,Spain,Serie A,Inter Milan,Midfielder,24,174,69,Right,High,High,67.1,57.7,68.3,52.9,66.9,50.6,70.6,63.6,77.3,76.0,65.0,51.7,65.5,60.3,61.4,62.2,75.1,58.1,58.5,73.5,1847,23,0.08,0.56,75.0,52.3,9.8,3.2,70.0,Developing,0
PLR-1196,Pedri Foden #297,Norway,Serie A,Napoli,Defender,20,183,83,Left,High,High,65.6,54.6,58.0,69.3,53.6,66.9,51.2,47.0,52.0,48.0,41.9,30.0,54.9,65.0,67.6,63.2,45.0,50.0,66.9,65.6,863,11,0.09,0.01,72.0,67.2,8.5,0.5,64.0,Developing,0
PLR-1197,Enzo Courtois #298,Netherlands,Premier League,Liverpool,Defender,27,190,81,Right,Medium,High,55.4,75.8,74.0,71.6,63.7,74.2,55.5,54.1,59.2,50.3,52.0,35.6,53.7,75.9,69.8,74.8,61.2,70.2,82.9,58.3,2360,30,0.02,0.04,72.0,62.4,,8.5,74.6,Star,1
PLR-1198,Alphonso Bastoni #299,Netherlands,Ligue 1,Lyon,Defender,25,185,68,Left,Medium,High,76.5,71.2,80.3,82.7,68.3,86.1,66.6,60.0,72.5,67.4,63.2,40.1,69.2,87.0,89.6,84.0,69.0,61.7,79.5,67.5,1522,19,0.01,0.03,72.0,81.3,9.3,13.78,82.6,Elite,2
PLR-1199,Erling Mendes #300,Morocco,La Liga,Real Madrid,Defender,23,188,77,Right,High,High,74.3,66.6,71.6,84.8,70.2,74.7,62.2,54.5,70.6,64.8,54.8,36.6,59.8,81.2,78.5,84.3,62.3,66.4,74.6,74.5,2087,26,0.04,0.03,72.0,76.1,,15.39,79.9,Star,1
PLR-1200,Trent Haaland #301,Morocco,Ligue 1,Paris Saint-Germain,Defender,27,181,76,Right,Medium,Medium,78.3,79.9,79.7,78.7,75.8,80.3,73.0,68.6,62.8,72.8,59.8,30.2,62.9,86.3,92.4,85.7,71.4,82.3,72.8,70.6,1682,21,0.01,0.2,72.0,82.7,9.88,18.0,83.4,Elite,2
PLR-1201,Mateo Schmidt #302,France,Premier League,Arsenal,Forward,25,173,78,Right,Medium,High,74.1,78.0,62.7,50.0,72.5,59.1,65.7,75.2,62.0,59.6,67.5,73.8,74.4,33.0,47.1,25.6,65.6,66.1,57.0,70.7,1397,17,0.36,0.2,65.0,40.0,8.8,4.08,70.7,Developing,0
PLR-1202,Mike Williams #303,Belgium,Bundesliga,Eintracht Frankfurt,Forward,28,171,73,Right,Medium,Low,77.0,74.5,72.1,68.6,77.5,53.6,80.4,76.0,66.1,56.6,57.3,80.8,80.4,39.9,28.3,22.0,68.8,65.4,56.6,68.3,2115,27,0.46,0.25,65.0,40.0,8.8,5.83,78.2,Star,1
PLR-1203,Alisson Diallo #304,Morocco,Ligue 1,Lille,Defender,31,178,79,Right,Medium,Medium,65.7,68.4,75.4,76.9,57.5,65.9,66.5,52.9,77.4,69.6,51.7,48.9,70.3,88.8,81.4,84.3,73.0,71.6,77.2,73.4,1964,25,0.07,0.15,72.0,77.6,8.97,5.99,80.6,Star,1
PLR-1204,Declan Garcia #305,Canada,Bundesliga,Eintracht Frankfurt,Midfielder,24,172,72,Left,Medium,Medium,87.5,77.2,91.2,72.2,90.8,69.5,87.1,78.3,92.0,88.6,76.5,67.7,73.0,71.1,60.5,69.4,80.8,83.3,70.9,73.1,2371,30,0.2,0.76,81.1,52.0,11.27,25.48,85.2,Elite,2
PLR-1205,Mateo Sato #306,Germany,Ligue 1,Nice,Forward,26,190,70,Right,High,Medium,76.0,95.7,79.3,73.1,82.7,77.6,80.6,88.5,70.0,66.2,75.8,89.8,86.0,38.6,34.1,36.8,70.6,76.1,82.7,68.4,2451,31,0.6,0.16,65.0,40.0,9.92,18.2,83.6,Elite,2
PLR-1206,Osimhen Santos #307,Germany,Bundesliga,Bayer Leverkusen,Forward,23,186,67,Left,High,Medium,75.5,77.8,64.8,65.9,76.6,78.8,72.1,85.6,,65.4,73.5,85.7,75.5,32.4,25.5,44.0,65.4,74.1,78.8,61.9,1516,19,0.38,0.33,65.0,40.0,8.8,12.79,79.2,Star,1
PLR-1207,Ruben Moreno #308,Ghana,La Liga,Real Madrid,Defender,25,181,86,Left,Medium,Medium,75.6,72.3,76.5,84.5,62.8,76.1,72.4,60.6,70.6,67.6,54.8,30.0,69.0,85.9,85.0,77.8,72.3,78.5,78.0,76.6,1791,22,0.03,0.05,72.0,75.9,8.62,8.64,79.9,Star,1
PLR-1208,Mateo Moreno #309,Colombia,Premier League,Liverpool,Forward,26,192,75,Left,Medium,Medium,86.2,84.1,75.3,69.9,80.0,75.3,75.1,83.5,73.5,63.9,69.6,92.3,80.4,44.5,46.5,33.7,70.1,72.7,70.0,65.5,2421,31,0.7,0.26,65.0,40.0,8.8,11.6,81.1,Star,1
PLR-1209,Cole Tanaka #310,South Korea,Serie A,Fiorentina,Forward,23,176,77,Right,Medium,High,69.2,65.8,55.0,57.9,60.0,64.5,67.0,66.1,56.0,49.5,51.3,69.7,58.0,35.0,31.5,32.4,56.5,66.4,57.6,,2292,29,0.29,0.05,65.0,40.0,8.8,4.85,66.7,Developing,0
PLR-1210,Khvicha Martinez #311,Norway,Premier League,Manchester City,Midfielder,35,180,74,Right,Medium,High,55.8,62.0,77.5,65.3,67.3,63.3,76.6,73.8,83.0,80.3,76.0,64.6,74.5,69.2,63.5,57.8,85.3,79.1,67.9,64.8,2375,30,0.15,0.69,76.3,52.0,10.21,6.56,78.3,Star,1
PLR-1211,Bruno Williams #312,Senegal,Premier League,Liverpool,Defender,26,196,84,Right,Medium,High,76.2,72.8,79.1,89.8,66.9,81.4,76.7,70.8,74.7,65.4,64.4,54.4,76.0,91.3,95.2,87.5,74.0,79.7,87.1,,1765,22,0.0,0.05,72.0,86.2,9.77,27.32,86.8,Elite,2
PLR-1212,Khvicha Kim #313,Germany,La Liga,Athletic Club,Defender,25,183,92,Right,Medium,Medium,69.4,63.7,70.0,80.2,62.6,68.4,55.3,62.3,61.2,57.7,45.4,38.1,61.9,71.3,73.8,72.8,60.7,58.1,62.7,71.8,1271,16,0.02,0.05,72.0,71.8,8.63,5.91,70.6,Developing,0
PLR-1213,Nicolo Camavinga #314,England,Serie A,Napoli,Forward,26,177,74,Left,Medium,Low,85.4,88.3,69.5,74.9,81.9,83.1,80.7,85.0,68.6,59.1,63.8,94.0,81.8,52.0,25.0,44.2,71.9,76.0,77.1,64.3,1096,14,0.61,0.19,65.0,40.0,9.39,23.2,84.7,Elite,2
PLR-1214,Lucas Tchouameni #315,England,La Liga,Athletic Club,Defender,29,176,91,Right,High,Medium,73.0,74.2,87.3,89.5,68.2,76.5,78.4,62.4,76.7,76.0,59.0,34.7,69.6,89.8,92.0,88.9,77.3,77.4,87.1,64.4,2319,29,0.04,0.14,72.0,83.9,9.25,23.33,86.5,Elite,2
PLR-1215,Darwin Diallo #316,Netherlands,Premier League,Liverpool,Forward,23,183,64,Right,Low,Medium,75.6,74.7,73.0,53.8,71.2,71.1,67.0,74.9,68.2,56.8,60.7,79.1,79.2,51.0,36.7,22.0,67.5,65.7,70.9,73.1,2111,27,0.44,0.35,65.0,40.0,8.8,7.27,75.0,Star,1
PLR-1216,Son Davies #317,Japan,Serie A,Atalanta,Midfielder,18,192,64,Left,High,Medium,63.9,66.1,82.8,62.6,75.6,61.5,79.8,80.7,82.9,79.6,67.3,66.8,71.1,66.4,53.0,57.0,71.3,67.7,65.0,71.6,2813,36,0.07,0.47,75.3,52.0,10.23,13.67,77.8,Star,1
PLR-1217,Darwin Alvarez #318,Senegal,Serie A,Juventus,Defender,21,191,83,Right,Medium,Low,67.5,64.8,64.3,73.7,54.2,77.4,59.3,59.3,66.0,59.3,50.2,41.0,62.0,76.1,78.8,74.4,59.2,60.6,79.8,74.5,2035,26,0.08,0.04,72.0,77.5,8.5,5.3,74.0,Star,1
PLR-1218,Rodri Foden #319,Brazil,Ligue 1,Rennes,Defender,24,184,80,Right,High,Low,82.4,72.2,83.2,95.4,75.8,92.8,75.7,68.3,72.6,82.7,63.9,42.0,86.6,99.0,94.2,85.1,69.7,82.3,85.7,64.1,2021,25,0.01,0.14,72.0,88.3,8.83,58.57,91.7,Elite,2
PLR-1219,William De Bruyne #320,USA,Bundesliga,Eintracht Frankfurt,Defender,24,186,68,Right,Medium,Medium,58.0,57.5,60.5,67.1,67.1,68.9,63.9,55.5,65.5,48.0,49.6,45.2,54.5,79.7,80.0,70.4,54.2,60.9,75.4,68.1,1753,22,0.18,0.04,72.0,78.2,8.5,5.03,73.5,Star,1
PLR-1220,Pedri Fernandez #321,Senegal,Ligue 1,Nice,Defender,28,190,78,Right,High,High,70.3,78.7,68.5,85.2,69.8,78.0,67.7,61.9,74.2,76.3,53.5,38.4,62.9,86.2,86.3,87.4,69.3,71.4,72.9,79.0,2563,32,0.02,0.11,72.0,77.7,8.5,10.35,81.9,Star,1
PLR-1221,Alexis Modric #322,Colombia,La Liga,Villarreal,Midfielder,27,181,72,Right,Medium,High,65.0,67.5,65.0,54.0,58.0,48.9,64.9,58.0,69.3,65.9,61.8,52.9,61.1,52.7,52.9,51.4,66.5,59.8,54.5,74.0,1403,17,0.11,0.32,75.0,52.0,9.8,1.55,65.7,Developing,0
PLR-1222,Victor Camavinga #323,Ghana,Bundesliga,Eintracht Frankfurt,Forward,27,171,79,Right,High,Medium,75.5,76.1,66.7,58.1,74.7,65.9,72.9,70.6,67.1,52.7,56.7,83.1,61.4,55.3,37.7,27.7,62.5,63.0,76.6,76.3,2234,28,0.5,0.18,65.0,40.0,8.8,8.71,74.2,Star,1
PLR-1223,William Garcia #324,Ghana,Premier League,Manchester City,Midfielder,24,185,73,Left,Medium,Medium,79.6,80.3,95.3,68.2,74.1,71.8,90.4,84.6,96.2,92.1,78.0,62.9,79.9,76.5,67.8,65.1,84.4,81.8,63.1,78.6,2757,35,0.09,0.8,86.7,57.4,12.4,36.58,87.6,Elite,2
PLR-1224,Mateo Smith #325,Spain,Premier League,Arsenal,Forward,25,179,77,Right,Medium,High,79.3,78.0,69.3,63.3,73.8,77.2,70.6,68.2,65.3,57.1,63.2,82.6,71.9,33.0,31.9,27.9,74.2,72.7,54.8,81.5,2068,26,0.51,0.16,65.0,40.0,8.8,7.65,75.1,Star,1
PLR-1225,Mateo Mbappe #326,Japan,La Liga,Girona,Forward,29,180,80,Left,High,High,82.8,86.7,79.0,75.1,85.6,72.1,82.8,92.8,80.8,58.9,67.9,97.4,86.2,43.4,38.1,36.7,68.7,81.2,68.8,73.5,3124,38,0.8,0.38,65.0,40.0,9.06,18.02,85.7,Elite,2
PLR-1226,Alexis De Bruyne #327,Portugal,Ligue 1,Monaco,Goalkeeper,25,184,80,Left,High,High,50.2,51.6,48.5,88.7,59.6,80.0,43.4,25.8,49.7,53.9,30.9,27.9,54.5,42.5,29.6,26.1,66.9,78.7,71.9,74.1,1827,23,0.0,0.01,48.0,50.0,3.8,27.38,87.4,Elite,2
PLR-1227,Rafael Foden #328,Canada,La Liga,Villarreal,Midfielder,23,174,76,Right,Low,Medium,73.1,89.4,91.7,79.0,77.5,70.6,86.1,77.1,87.0,81.9,74.9,75.1,69.8,72.6,58.5,62.1,83.3,75.3,65.1,69.0,2370,30,0.17,0.73,80.4,52.0,11.11,17.63,81.0,Star,1
PLR-1228,Jude Wirtz #329,Morocco,Bundesliga,Bayern Munich,Defender,23,193,68,Left,Medium,Low,84.2,73.9,81.0,87.0,64.9,93.7,73.2,67.7,74.1,68.1,60.9,48.1,75.1,90.7,94.8,89.1,78.1,79.6,82.8,65.2,3321,38,0.01,0.1,72.0,88.5,9.91,49.66,89.9,Elite,2
PLR-1229,Mateo Diallo #330,South Korea,Ligue 1,Marseille,Midfielder,26,172,67,Right,High,High,57.7,56.0,65.0,52.9,60.7,45.0,73.0,63.8,,62.5,58.1,52.6,54.7,54.0,44.6,49.2,59.7,60.5,55.6,72.6,1261,16,0.02,0.39,75.0,52.0,9.8,2.46,66.2,Developing,0
PLR-1230,Rafael Bellingham #331,Norway,Ligue 1,Lyon,Defender,27,183,84,Left,Medium,High,60.0,58.3,59.1,72.3,48.2,58.1,50.0,54.2,52.8,58.9,47.7,41.0,48.0,65.4,70.4,64.8,45.0,61.3,56.2,77.0,2524,32,0.04,0.07,72.0,64.9,8.5,5.3,65.3,Developing,0
PLR-1231,Jude Diallo #332,Nigeria,Serie A,Atalanta,Midfielder,33,177,82,Left,High,High,55.0,56.0,71.0,57.0,60.9,56.8,69.4,61.7,74.8,74.2,53.8,53.0,62.2,56.3,63.9,50.3,70.0,60.6,57.3,81.1,1966,25,0.02,0.38,75.0,54.6,10.39,4.47,68.9,Developing,0
PLR-1232,Cole De Bruyne #333,Portugal,Ligue 1,Rennes,Midfielder,23,172,83,Left,High,High,74.8,67.1,86.6,74.4,76.4,64.0,81.6,78.7,86.7,92.0,79.7,66.5,77.7,70.9,61.7,64.1,80.2,79.6,66.5,76.5,2194,28,0.06,0.74,75.3,52.0,12.12,17.32,80.0,Star,1
PLR-1233,Kevin Williams #334,USA,La Liga,Barcelona,Midfielder,18,178,79,Left,Low,Low,73.9,71.2,86.0,75.7,75.3,67.1,85.5,86.7,89.8,92.7,80.3,70.7,77.6,64.2,80.5,69.3,79.1,70.8,65.4,75.5,1732,22,0.12,0.6,83.6,74.0,11.51,25.38,85.0,Elite,2
PLR-1234,Takefusa Saka #335,England,La Liga,Atletico Madrid,Forward,23,177,69,Left,Medium,Medium,81.6,88.4,78.4,67.1,72.5,63.7,74.3,81.6,76.1,61.8,72.5,81.9,79.7,45.7,25.0,29.8,64.7,66.4,69.2,72.5,1570,20,0.61,0.25,65.0,40.0,9.81,12.84,79.3,Star,1
PLR-1235,Florian Kroos #336,Ghana,Premier League,Arsenal,Defender,21,189,77,Left,Medium,High,78.3,74.9,69.0,82.7,76.2,80.9,73.8,64.1,67.8,73.0,59.8,35.1,59.2,82.7,95.5,80.8,61.7,65.7,81.1,,2293,29,0.04,0.07,72.0,90.7,9.13,20.4,82.2,Elite,2
PLR-1236,Eduardo Hernandez #337,Belgium,Serie A,Fiorentina,Midfielder,30,179,78,Right,High,High,76.1,91.9,99.0,89.1,86.9,75.4,95.5,96.0,98.9,92.4,84.9,84.4,90.2,76.2,78.9,58.9,97.4,80.7,72.9,68.6,2238,28,0.22,0.85,90.5,71.3,12.39,35.05,93.5,Elite,2
PLR-1237,Mateo Moreno #338,Japan,Premier League,Liverpool,Forward,29,186,75,Right,High,Low,85.8,85.5,66.6,66.8,78.3,72.0,73.5,78.1,70.8,52.6,67.3,86.3,79.0,35.9,32.7,41.5,62.3,69.0,68.0,67.6,2286,29,0.53,0.14,65.0,40.0,8.8,9.39,77.1,Star,1
PLR-1238,Federico Musiala #339,Senegal,La Liga,Real Madrid,Defender,20,195,74,Right,Medium,Low,64.0,64.8,69.4,70.8,58.4,63.5,58.3,47.5,55.9,51.0,52.3,37.8,54.9,65.1,67.2,72.2,52.4,60.4,67.0,78.6,1239,15,0.0,0.07,72.0,62.0,8.5,1.93,65.0,Developing,0
PLR-1239,Noah Santos #340,Italy,Premier League,Manchester United,Forward,22,179,74,Left,High,Low,65.3,65.2,59.3,55.4,68.3,61.0,62.7,63.1,51.0,44.9,63.1,73.4,66.4,31.4,38.3,22.0,50.1,57.7,55.8,73.9,937,12,0.32,0.16,65.0,40.0,8.8,0.5,64.6,Developing,0
PLR-1240,Trent Wirtz #341,Belgium,La Liga,Barcelona,Goalkeeper,28,185,80,Right,High,Low,51.1,52.8,40.0,74.0,66.9,74.2,40.9,33.3,48.6,53.3,23.0,25.7,58.3,35.0,28.7,19.8,66.5,70.6,63.5,75.4,2710,34,0.0,0.0,48.0,50.0,3.8,5.63,78.3,Star,1
PLR-1241,Khvicha Hernandez #342,Argentina,Bundesliga,VfB Stuttgart,Goalkeeper,24,185,79,Left,Medium,Medium,41.3,38.8,43.5,67.4,64.4,64.7,52.0,37.7,43.2,50.7,27.4,24.2,60.0,41.2,23.0,18.4,65.3,72.0,51.8,77.7,2231,28,0.0,0.01,48.0,50.0,3.8,9.65,75.4,Star,1
PLR-1242,William Bastoni #343,France,Premier League,Liverpool,Goalkeeper,26,190,86,Left,Low,High,45.6,41.1,47.0,72.8,51.1,54.5,30.0,25.7,45.7,53.4,20.7,15.0,52.2,31.3,28.3,25.0,55.9,67.8,58.0,73.6,2420,31,0.0,0.04,48.0,50.0,3.8,2.56,66.3,Developing,0
PLR-1243,Leo Saka #344,Italy,Serie A,AC Milan,Midfielder,27,172,77,Right,Medium,Medium,84.6,78.0,89.9,70.7,81.0,70.3,85.6,83.7,89.8,91.4,71.9,73.1,80.5,69.0,68.1,56.4,89.2,81.0,81.6,65.6,2632,33,0.16,0.8,85.0,60.8,11.87,22.59,86.0,Elite,2
PLR-1244,Federico Garcia #345,Nigeria,Bundesliga,VfB Stuttgart,Forward,27,181,72,Right,Medium,High,83.2,88.2,76.8,75.4,79.9,73.8,86.0,90.8,73.7,59.4,90.2,94.8,84.4,50.3,39.7,40.9,63.3,75.7,76.8,68.5,2026,25,0.59,0.22,65.0,40.0,9.24,22.51,86.1,Elite,2
PLR-1245,Kevin Tchouameni #346,Croatia,La Liga,Real Madrid,Goalkeeper,24,187,85,Right,High,High,54.5,44.6,40.0,72.5,63.6,79.1,37.3,25.0,51.5,48.1,21.3,22.9,67.8,39.9,27.0,20.5,65.1,71.0,74.1,72.3,1937,24,0.0,0.0,48.0,50.0,3.8,8.43,77.6,Star,1
PLR-1246,Kaoru Mueller #347,Italy,La Liga,Villarreal,Midfielder,26,179,68,Right,Medium,High,79.3,77.2,84.9,72.6,83.5,71.0,89.5,87.8,85.1,89.1,69.2,68.4,81.6,69.2,59.8,68.5,90.1,84.2,80.0,64.8,2080,26,0.14,0.77,75.9,54.0,10.48,13.75,83.6,Elite,2
PLR-1247,Jude Fernandez #348,Morocco,Premier League,Aston Villa,Goalkeeper,24,196,77,Left,Low,Medium,44.9,56.0,51.5,81.7,69.8,81.7,36.3,38.0,50.0,65.1,24.4,23.0,75.7,42.6,22.4,18.7,72.0,76.3,77.1,70.1,3394,38,0.0,0.01,49.0,50.0,3.8,45.61,89.2,Elite,2
PLR-1248,Thibaut Bastoni #349,USA,La Liga,Villarreal,Goalkeeper,20,183,74,Right,Low,High,40.3,51.0,47.9,74.5,61.0,72.6,35.2,28.6,55.9,57.2,25.7,24.1,59.5,36.3,27.6,15.0,66.5,57.2,69.0,72.2,1914,24,0.0,0.0,48.0,50.0,3.8,9.61,76.7,Star,1
PLR-1249,Federico Maignan #350,Italy,La Liga,Barcelona,Defender,26,184,87,Left,High,Low,67.7,71.3,71.2,88.4,69.0,76.1,68.5,57.3,71.8,77.9,61.4,34.8,69.5,91.7,83.7,81.4,71.1,77.2,78.1,77.5,1276,16,0.05,0.14,72.0,70.4,8.63,14.92,84.1,Elite,2
PLR-1250,Aurélien Tchouameni #351,South Korea,Ligue 1,Monaco,Midfielder,29,182,63,Left,Medium,Medium,86.7,85.1,,69.2,90.3,69.9,99.0,81.1,98.3,97.6,87.3,73.2,80.0,80.6,77.9,72.9,97.1,86.1,73.3,69.4,2244,28,0.15,0.85,87.9,67.0,12.81,64.37,94.5,Elite,2
PLR-1251,Ederson Garcia #352,Portugal,Ligue 1,Marseille,Midfielder,21,173,77,Right,Medium,High,55.0,56.0,68.0,60.9,62.8,52.9,72.6,58.0,74.8,67.1,61.6,54.5,68.1,48.5,53.5,52.5,62.5,53.7,53.9,,965,12,0.02,0.35,75.0,52.0,9.8,5.95,66.8,Developing,0
PLR-1252,Kaoru De Bruyne #353,Germany,Bundesliga,RB Leipzig,Defender,26,188,80,Right,High,Medium,81.1,74.3,72.0,84.0,65.3,86.0,71.0,78.2,79.0,77.4,64.8,47.2,75.9,81.3,89.0,82.7,64.7,79.3,68.6,,2816,36,0.02,0.07,72.0,83.1,8.5,18.65,84.0,Elite,2
PLR-1253,Julian Jones #354,Netherlands,Serie A,Lazio,Midfielder,20,179,76,Left,High,Medium,64.0,73.6,76.3,67.1,68.1,67.9,76.1,70.5,81.5,69.6,64.5,67.3,75.1,64.9,62.0,69.2,73.7,64.3,65.4,76.1,1229,15,0.15,0.47,75.0,52.0,10.6,2.09,74.0,Star,1
PLR-1254,Takefusa Hakimi #355,France,La Liga,Real Sociedad,Forward,22,183,68,Right,Medium,High,64.9,71.5,66.2,58.4,64.9,52.7,64.1,64.1,65.9,50.4,60.1,71.4,69.6,40.1,46.0,25.6,54.1,57.5,58.9,62.4,3057,38,0.44,0.15,65.0,40.0,8.8,4.9,66.1,Developing,0
PLR-1255,Antony Haaland #356,Spain,Serie A,Juventus,Midfielder,27,181,79,Right,Low,Medium,55.0,56.0,65.0,52.1,58.0,45.0,62.0,58.0,65.0,60.0,68.4,48.0,57.8,45.0,48.5,46.1,63.0,59.5,52.6,78.6,2302,29,0.07,0.27,75.0,52.0,9.8,0.5,61.9,Developing,0
PLR-1256,Rodri Mueller #357,USA,Bundesliga,Bayer Leverkusen,Goalkeeper,22,191,77,Left,High,Medium,53.5,54.2,44.0,74.2,62.7,76.4,39.4,38.0,52.6,66.5,26.0,29.4,67.2,40.4,23.7,16.5,68.3,75.3,84.3,62.3,2828,36,0.0,0.01,54.9,50.0,3.8,33.04,87.3,Elite,2
PLR-1257,Julian Silva #358,Canada,La Liga,Atletico Madrid,Defender,31,189,68,Right,Low,Medium,69.6,57.8,79.8,82.8,80.6,94.1,77.7,69.6,81.9,72.8,73.0,49.4,79.4,99.0,99.0,95.6,79.8,83.3,88.9,58.7,2775,35,0.09,0.14,72.0,91.2,8.86,30.3,91.7,Elite,2
PLR-1258,Nicolo Schmidt #359,Spain,Bundesliga,VfB Stuttgart,Midfielder,25,181,75,Left,High,Medium,71.0,76.6,84.8,72.7,79.4,73.2,85.3,79.0,81.9,90.2,80.1,76.1,76.8,70.2,63.6,58.6,84.0,81.2,70.7,62.6,2148,27,0.19,0.62,75.0,53.1,11.53,15.18,81.9,Star,1
PLR-1259,Achraf Sato #360,Nigeria,Premier League,Newcastle,Forward,26,183,84,Left,High,High,84.9,86.1,65.2,77.9,83.7,81.8,84.9,87.2,70.1,63.3,74.9,78.6,79.1,32.0,39.5,41.1,66.5,74.3,64.9,71.0,2846,36,0.47,0.22,65.0,40.0,8.8,9.13,79.3,Star,1
PLR-1260,Mike Santos #361,France,Premier League,Manchester City,Midfielder,25,172,69,Left,Medium,Medium,56.4,70.9,77.4,63.9,68.4,56.1,75.5,72.7,78.0,78.0,72.9,67.5,72.5,66.0,62.1,57.3,83.6,72.8,60.5,73.9,2200,28,0.15,0.54,75.0,52.0,10.45,4.71,74.8,Star,1
PLR-1261,Jan Diallo #362,Japan,Ligue 1,Marseille,Goalkeeper,30,184,81,Right,Medium,High,45.2,38.6,54.4,76.3,57.5,67.4,43.6,30.7,,46.9,20.0,19.4,57.2,36.1,30.9,25.7,68.4,74.1,68.3,75.5,1475,18,0.0,0.0,48.0,50.0,4.04,4.24,73.8,Star,1
PLR-1262,David Smith #363,Norway,Premier League,Aston Villa,Forward,25,188,77,Right,High,Medium,90.6,80.3,73.3,65.6,79.4,68.6,78.9,84.7,71.2,60.0,70.3,88.8,75.8,43.9,45.8,37.0,69.5,82.8,75.2,66.3,1006,12,0.54,0.22,65.0,40.0,8.8,16.75,84.2,Elite,2
PLR-1263,Declan Rodri #364,Colombia,Ligue 1,Paris Saint-Germain,Midfielder,27,179,72,Left,High,Low,74.7,63.2,82.6,60.0,65.3,55.2,73.8,62.0,72.1,72.5,53.8,59.5,72.0,59.6,52.9,49.9,68.3,68.0,64.7,69.3,1402,17,0.02,0.48,75.0,52.0,10.8,2.08,69.5,Developing,0
PLR-1264,Ederson Saliba #365,Colombia,Premier League,Arsenal,Defender,28,189,89,Left,Medium,Medium,81.2,81.8,85.4,99.0,77.4,94.4,74.3,76.8,83.3,79.2,57.7,55.9,83.7,96.1,97.8,92.3,70.8,75.9,83.7,63.3,2403,30,0.15,0.09,79.7,86.9,9.32,47.83,92.7,Elite,2
PLR-1265,Dominik Rice #366,Canada,Premier League,Liverpool,Defender,22,179,78,Right,High,Low,66.1,69.1,72.4,84.9,55.4,74.5,68.9,56.6,63.3,61.3,60.0,31.7,61.2,74.4,79.2,81.0,60.7,67.4,77.1,70.2,2599,33,0.07,0.06,72.0,74.2,9.21,7.81,74.6,Star,1
PLR-1266,Virgil Modric #367,Italy,La Liga,Atletico Madrid,Defender,28,187,71,Right,Medium,Medium,80.0,71.4,85.4,85.2,59.7,78.3,62.1,69.2,73.0,60.8,63.0,41.5,61.2,93.9,89.9,85.4,69.3,73.6,86.9,53.4,2121,27,0.01,0.06,72.0,86.7,9.51,23.76,86.6,Elite,2
PLR-1267,Leo Camavinga #368,Brazil,Bundesliga,Bayer Leverkusen,Defender,31,187,88,Right,High,Medium,52.0,55.6,58.0,73.0,52.6,76.6,60.7,46.4,60.7,55.7,45.9,30.0,48.0,65.7,66.0,64.2,58.4,59.6,67.8,68.3,2754,35,0.06,0.01,72.0,62.0,8.5,4.34,66.9,Developing,0
PLR-1268,Victor Davies #369,Japan,Bundesliga,Bayer Leverkusen,Midfielder,22,181,70,Right,High,Medium,72.3,74.8,80.5,63.9,73.2,60.5,83.8,74.4,87.4,84.2,73.3,71.7,69.7,60.9,66.9,48.1,77.5,67.7,72.9,68.0,2334,29,0.17,0.68,79.4,56.7,11.18,13.03,77.8,Star,1
PLR-1269,Jan Tchouameni #370,Ghana,La Liga,Villarreal,Midfielder,29,177,78,Right,Medium,High,87.2,87.3,99.0,75.7,91.6,82.0,96.2,82.8,99.0,94.8,78.7,82.4,90.5,74.1,79.6,74.5,95.7,92.7,69.5,73.2,2516,32,0.28,0.79,85.8,58.9,12.71,65.39,94.5,Elite,2
PLR-1270,Liam Martinez #371,Canada,Ligue 1,Nice,Defender,22,183,83,Right,Medium,Medium,53.3,50.0,58.0,70.6,50.3,58.0,54.9,52.4,56.0,49.9,48.4,31.4,55.5,69.0,66.0,65.7,45.0,56.6,59.6,75.3,1674,21,0.05,0.08,72.0,62.0,8.5,0.5,64.5,Developing,0
PLR-1271,Rodri Fernandez #372,Brazil,Bundesliga,Eintracht Frankfurt,Defender,20,193,76,Right,High,Medium,56.5,63.6,62.1,75.0,62.6,72.6,53.5,47.9,68.7,68.6,51.3,37.4,58.8,70.5,70.6,74.1,51.0,54.5,59.4,74.6,3301,38,0.02,0.06,72.0,65.4,8.5,6.0,72.0,Star,1
PLR-1272,Julian Fernandez #373,Japan,Serie A,Atalanta,Defender,28,186,74,Right,Medium,High,75.3,72.5,,84.1,73.1,78.4,67.7,59.0,72.4,68.0,64.5,49.8,67.5,84.2,85.0,85.0,70.0,74.6,74.4,66.1,1573,20,0.02,0.07,72.0,74.0,9.4,18.03,82.3,Elite,2
PLR-1273,Luka Traore #374,France,Ligue 1,Nice,Goalkeeper,23,185,89,Right,Low,Low,39.1,44.1,51.1,74.5,51.1,60.8,42.3,25.0,47.4,45.4,23.1,22.0,49.2,31.0,20.3,15.4,60.0,69.3,66.7,80.8,1796,23,0.0,0.0,48.0,50.0,3.8,7.02,73.8,Star,1
PLR-1274,Jude Mueller #375,Uruguay,Premier League,Aston Villa,Midfielder,30,181,83,Left,Medium,Low,86.1,84.8,91.0,82.2,92.4,76.5,95.4,96.0,97.8,96.2,87.6,81.0,87.1,78.4,68.8,69.0,95.4,89.3,82.3,72.7,1347,17,0.24,0.85,86.8,52.0,11.24,38.27,94.3,Elite,2
PLR-1275,Ruben Mueller #376,Portugal,La Liga,Barcelona,Midfielder,25,182,76,Left,Low,High,61.4,56.0,67.5,65.7,59.1,61.9,62.0,58.0,65.0,62.4,52.0,51.8,62.5,48.7,48.6,53.9,61.3,57.1,49.9,76.4,2991,38,0.07,0.3,75.0,52.0,9.8,3.54,60.7,Developing,0
PLR-1276,Nicolo Davies #377,Netherlands,Ligue 1,Lille,Defender,24,178,83,Right,Medium,High,62.5,56.3,61.4,67.8,48.1,58.0,57.1,46.6,53.4,51.6,46.7,30.0,49.7,66.0,66.0,64.7,56.0,63.5,58.6,77.4,2718,34,0.1,0.03,72.0,62.0,8.5,4.26,64.0,Developing,0
PLR-1277,Carlos Traore #378,France,Ligue 1,Marseille,Defender,28,181,90,Right,Medium,High,64.0,70.1,86.0,90.3,72.8,84.8,69.8,55.6,68.4,65.4,64.1,49.1,64.8,88.4,90.2,87.5,68.3,74.8,79.8,70.5,569,8,0.0,0.08,72.0,80.3,9.05,22.5,86.0,Elite,2
PLR-1278,Ederson Oblak #379,Portugal,Premier League,Manchester United,Defender,19,185,72,Right,Medium,Medium,53.1,58.8,59.6,68.4,55.4,71.4,53.8,50.2,62.0,55.9,49.1,33.5,54.4,66.0,78.4,62.9,54.2,55.8,63.7,75.8,2800,35,0.01,0.01,72.0,74.2,8.5,2.81,69.2,Developing,0
PLR-1279,Gavi Kroos #380,England,Ligue 1,Monaco,Defender,28,185,88,Right,High,Medium,70.3,71.6,77.6,75.9,52.5,80.8,59.7,48.9,59.0,72.0,59.6,35.6,58.2,79.6,83.8,76.9,56.1,65.0,81.2,66.6,1906,24,0.02,0.13,72.0,77.6,9.08,10.26,79.1,Star,1
PLR-1280,Alessandro Van Dijk #381,Portugal,La Liga,Barcelona,Defender,20,187,76,Right,Medium,Medium,78.9,71.8,80.9,86.5,74.5,91.7,75.8,69.9,79.0,75.5,57.3,56.3,79.7,82.6,90.9,91.6,69.2,68.0,78.2,65.4,2143,27,0.09,0.14,72.0,83.1,8.53,28.7,85.4,Elite,2
PLR-1281,Gianluigi Martinez #382,USA,Serie A,AC Milan,Midfielder,27,187,79,Right,Medium,Medium,66.9,76.6,82.7,77.5,79.3,67.2,80.3,89.0,86.7,78.6,71.3,71.5,72.5,63.5,70.0,65.1,89.3,72.9,72.3,72.1,2085,26,0.18,0.66,76.0,62.1,10.86,12.56,82.5,Elite,2
PLR-1282,David Garcia #383,England,Bundesliga,Borussia Dortmund,Midfielder,22,177,74,Right,High,Medium,66.7,71.3,80.9,63.9,76.6,62.4,74.5,76.3,79.1,75.4,74.0,66.8,69.9,65.9,65.4,60.2,78.1,66.0,65.5,65.0,1945,24,0.02,0.56,75.0,52.0,11.15,8.39,74.9,Star,1
PLR-1283,Noah Modric #384,Portugal,Bundesliga,VfB Stuttgart,Forward,25,179,75,Right,Medium,High,76.3,81.6,67.6,58.4,80.9,67.6,81.5,83.1,71.8,63.4,64.4,91.2,78.3,43.0,33.0,27.1,66.6,74.2,76.6,75.2,2576,33,0.59,0.19,65.0,40.0,8.8,13.31,80.6,Star,1
PLR-1284,Ruben Saliba #385,England,Serie A,Lazio,Midfielder,22,189,84,Right,High,Medium,63.7,81.3,82.5,67.2,77.2,60.6,78.0,67.8,86.7,80.1,68.3,69.9,68.2,58.9,60.5,52.2,73.7,65.1,72.7,72.5,2604,33,0.14,0.61,79.5,52.0,10.56,11.88,77.6,Star,1
PLR-1285,Gianluigi Traore #386,Croatia,Serie A,Juventus,Forward,25,178,71,Left,High,Medium,81.6,85.1,,64.8,70.8,71.3,82.0,72.8,70.6,64.1,61.3,83.5,74.7,39.4,33.7,30.5,65.1,71.2,65.2,69.9,1699,21,0.33,0.24,65.0,40.0,8.8,7.6,75.7,Star,1
PLR-1286,Moises Bellingham #387,Argentina,La Liga,Athletic Club,Midfielder,26,174,74,Right,High,Medium,71.8,86.2,83.3,68.6,84.8,67.4,89.5,77.7,86.1,89.7,73.9,70.5,79.6,67.5,64.5,56.7,91.4,79.2,69.8,67.5,2457,31,0.17,0.76,79.9,52.5,10.67,22.62,86.4,Elite,2
PLR-1287,Mateo Hernandez #388,France,Ligue 1,Rennes,Midfielder,18,177,70,Right,Medium,Medium,67.3,69.3,84.7,67.9,70.2,56.2,76.7,70.4,80.4,73.1,67.0,63.2,64.7,60.6,63.0,64.6,66.2,53.1,66.9,74.4,3230,38,0.11,0.4,75.0,55.9,11.67,5.29,74.8,Star,1
PLR-1288,Ruben Diallo #389,Senegal,Bundesliga,Borussia Dortmund,Midfielder,30,170,76,Left,Low,Low,63.4,67.5,79.2,65.2,67.4,56.5,77.6,77.2,72.2,70.8,61.2,67.0,71.9,55.5,70.1,53.1,81.7,66.3,66.4,76.7,953,12,0.11,0.44,75.0,55.4,10.35,3.78,75.6,Star,1
PLR-1289,Gavi Jones #390,Ghana,Ligue 1,Lille,Midfielder,27,185,68,Left,High,Low,69.6,72.6,90.9,73.9,74.5,69.6,81.8,78.5,83.0,92.4,84.0,67.4,72.3,70.5,58.4,64.3,88.6,70.6,69.1,70.1,2421,31,0.1,0.76,75.7,52.0,11.16,12.77,80.2,Star,1
PLR-1290,Alexis Traore #391,South Korea,La Liga,Atletico Madrid,Forward,24,188,74,Left,Medium,Medium,72.3,73.3,68.3,61.9,66.3,64.1,65.4,65.5,56.1,51.6,60.4,80.3,69.8,37.1,31.6,26.3,59.4,61.5,60.3,72.5,1950,25,0.32,0.12,65.0,40.0,8.8,7.61,71.0,Star,1
PLR-1291,Gianluigi Kim #392,Germany,Ligue 1,Monaco,Forward,26,173,76,Right,High,Medium,87.5,87.6,83.9,69.2,81.5,80.9,88.0,92.3,73.5,69.3,71.8,89.7,90.7,42.0,42.3,36.8,70.4,74.7,68.5,72.0,1270,16,0.69,0.33,65.0,40.0,9.65,25.17,87.7,Elite,2
PLR-1292,Khvicha Musiala #393,Canada,Ligue 1,Marseille,Defender,25,188,82,Right,Medium,Medium,68.8,64.6,71.8,81.4,65.6,74.7,53.8,54.3,73.8,64.3,55.9,41.7,62.7,69.4,78.2,76.3,67.7,62.9,78.7,65.1,2496,32,0.04,0.08,72.0,73.4,8.53,1.29,75.1,Star,1
PLR-1293,Bruno Silva #394,Nigeria,Premier League,Manchester United,Midfielder,21,180,76,Left,High,Medium,74.7,80.2,85.9,68.4,84.7,67.9,86.2,83.6,84.3,87.6,79.6,63.1,78.1,66.0,74.4,66.1,81.1,74.3,69.7,70.0,2024,25,0.07,0.59,78.8,60.6,11.67,19.36,82.1,Elite,2
PLR-1294,Noah Hernandez #395,Netherlands,Serie A,Roma,Forward,32,181,67,Left,Medium,Medium,72.6,71.3,66.3,50.0,76.0,59.7,66.9,72.1,57.5,58.4,64.5,75.9,69.8,34.1,38.0,22.0,57.1,66.2,64.1,72.7,1205,15,0.48,0.14,65.0,40.0,8.8,5.58,71.1,Star,1
PLR-1295,Bukayo Kim #396,Portugal,Ligue 1,Rennes,Midfielder,24,173,80,Left,High,High,75.4,73.5,83.2,77.2,73.5,70.4,83.2,85.1,89.8,80.6,73.7,70.5,74.3,72.1,66.9,60.6,87.9,76.5,74.3,76.7,1997,25,0.12,0.85,77.3,54.2,10.92,22.95,83.1,Elite,2
PLR-1296,Theo Saka #397,Canada,Bundesliga,Eintracht Frankfurt,Defender,22,187,79,Right,Low,Low,68.7,70.8,68.3,72.1,67.0,69.6,58.7,46.9,66.7,55.1,50.1,43.0,64.1,72.2,78.4,72.7,66.9,59.4,76.7,71.7,1553,19,0.05,0.07,72.0,66.4,9.45,7.52,71.9,Star,1
PLR-1297,Achraf Dias #398,France,Bundesliga,Eintracht Frankfurt,Forward,21,167,74,Right,Low,Medium,73.4,81.8,84.3,61.6,77.6,81.9,82.4,78.8,71.5,61.3,64.8,84.9,78.3,42.5,33.0,25.5,59.1,76.3,68.6,68.5,1525,19,0.58,0.23,65.0,40.0,9.45,10.98,79.0,Star,1
PLR-1298,Achraf Hernandez #399,Ghana,Premier League,Aston Villa,Midfielder,31,186,71,Right,High,Medium,72.0,77.7,84.2,74.9,81.4,63.3,81.0,77.7,86.3,84.3,79.8,71.3,73.7,62.6,61.6,62.8,84.5,69.0,72.9,76.5,1620,20,0.24,0.64,77.6,52.0,11.27,9.22,81.0,Star,1
PLR-1299,David Mueller #400,Japan,Premier League,Arsenal,Forward,30,180,76,Left,High,Low,82.9,78.1,65.7,73.5,76.4,84.5,75.6,79.1,72.4,62.6,68.4,85.0,92.6,52.0,42.7,26.0,67.9,83.3,61.3,78.6,2316,29,0.62,0.3,65.0,40.0,8.8,5.43,79.7,Star,1
PLR-1300,Achraf Mbappe #401,USA,Ligue 1,Nice,Forward,26,182,66,Right,High,Medium,87.1,90.1,61.5,62.7,79.1,77.2,82.1,83.7,69.1,59.6,66.3,82.3,76.4,35.8,40.0,34.4,72.5,74.1,56.3,77.2,2059,26,0.52,0.21,65.0,40.0,8.8,9.41,77.8,Star,1
PLR-1301,Alphonso Maignan #402,Argentina,Bundesliga,Borussia Dortmund,Midfielder,28,181,78,Right,Low,High,81.8,84.3,99.0,80.4,90.5,89.1,95.5,85.6,91.8,97.9,85.6,71.6,89.9,78.8,73.4,79.4,97.6,93.3,81.2,69.5,2349,30,0.12,0.85,83.4,60.0,12.46,43.86,91.8,Elite,2
PLR-1302,Erling Rodriguez #403,Germany,Serie A,Fiorentina,Midfielder,22,181,75,Right,Medium,High,89.9,86.1,99.0,79.7,92.0,81.2,90.9,91.6,99.0,98.0,87.1,81.7,90.6,71.0,77.4,60.0,97.7,81.8,84.5,66.7,1326,17,0.26,0.85,89.2,64.6,12.72,64.14,92.4,Elite,2
PLR-1303,Alejandro Saka #404,Belgium,Ligue 1,Monaco,Midfielder,27,182,71,Right,Low,Medium,60.3,58.0,71.0,57.1,64.2,50.5,67.7,61.3,67.9,67.2,70.1,50.3,64.3,59.7,55.5,45.2,72.2,64.9,62.0,65.8,2430,31,0.1,0.42,75.0,52.0,9.8,0.95,67.0,Developing,0
PLR-1304,Darwin Wirtz #405,USA,Serie A,Roma,Defender,23,183,86,Right,Medium,Medium,72.1,62.9,68.9,76.9,61.1,80.6,65.7,59.9,68.6,60.7,55.4,43.3,69.3,82.2,87.1,76.9,59.3,75.3,75.4,71.3,2338,29,0.0,0.1,72.0,81.4,8.5,13.15,80.2,Star,1
PLR-1305,Kylian Traore #406,Uruguay,La Liga,Athletic Club,Goalkeeper,25,185,84,Right,High,Medium,60.1,51.9,40.9,90.7,64.7,80.1,43.5,36.3,,48.6,27.6,15.5,61.5,32.5,27.6,23.8,68.9,78.8,76.4,75.2,1181,15,0.0,0.03,48.0,50.0,3.8,14.29,80.6,Star,1
PLR-1306,Moises Haaland #407,Portugal,Bundesliga,Bayer Leverkusen,Midfielder,27,186,78,Right,High,Low,55.0,68.7,71.7,58.9,67.1,64.5,71.8,63.8,77.0,77.2,60.0,73.0,64.0,61.2,58.8,48.0,68.5,61.5,60.2,87.4,2201,28,0.04,0.53,75.0,52.0,10.01,2.77,68.1,Developing,0
PLR-1307,Leo Tanaka #408,Nigeria,La Liga,Atletico Madrid,Midfielder,29,178,73,Right,Medium,Low,71.6,82.0,84.2,74.1,72.1,68.7,79.4,74.5,87.4,82.9,67.7,69.2,71.7,58.6,59.4,70.2,80.5,73.7,76.4,72.9,2565,32,0.21,0.65,80.5,52.0,,5.19,77.8,Star,1
PLR-1308,Gavi Silva #409,Spain,Serie A,Atalanta,Defender,21,179,77,Right,Medium,Low,67.1,69.4,83.1,80.0,65.8,91.0,65.8,62.2,68.2,64.7,68.8,45.7,69.2,76.7,90.7,91.1,71.1,74.3,82.3,71.1,3128,38,0.02,0.09,72.0,78.8,9.73,21.34,82.7,Elite,2
PLR-1309,Ruben Mbappe #410,Colombia,La Liga,Athletic Club,Forward,31,186,74,Right,Medium,Medium,68.1,71.4,62.7,70.1,68.2,67.2,68.0,74.6,67.6,55.1,59.1,76.4,73.9,43.0,35.4,29.5,68.3,66.5,64.4,79.1,2709,34,0.49,0.29,65.0,40.0,8.8,1.79,71.0,Star,1
PLR-1310,Ruben Rice #411,Nigeria,Bundesliga,Eintracht Frankfurt,Midfielder,29,187,76,Left,High,High,80.9,71.5,79.6,72.7,76.5,63.4,84.1,75.9,89.6,79.0,71.2,68.9,79.5,61.8,65.8,53.7,81.9,80.2,74.2,73.4,1746,22,0.09,0.75,78.1,59.7,11.02,12.04,81.0,Star,1
PLR-1311,Thibaut Haaland #412,Norway,Ligue 1,Paris Saint-Germain,Forward,21,183,74,Right,High,Low,60.7,62.0,56.7,51.5,60.0,52.0,63.0,69.8,55.7,52.6,51.8,65.0,65.2,42.1,36.6,22.0,49.2,57.8,60.1,82.5,2356,30,0.36,0.02,65.0,40.0,8.8,0.5,61.3,Developing,0
PLR-1312,Thibaut Camavinga #413,Portugal,Serie A,Atalanta,Forward,27,180,73,Right,High,Medium,60.0,67.3,60.5,56.0,60.0,52.8,60.8,66.1,50.4,53.4,55.9,65.8,66.0,30.0,30.5,22.0,59.2,65.1,40.0,84.8,450,8,0.23,0.06,65.0,40.0,8.8,4.3,62.6,Developing,0
PLR-1313,Declan Kroos #414,Canada,Bundesliga,Bayer Leverkusen,Goalkeeper,27,191,84,Left,High,High,49.3,61.0,45.2,83.2,56.5,68.7,33.7,25.9,42.5,55.6,23.5,26.1,59.6,25.0,27.5,15.0,62.9,76.8,68.9,74.2,1083,13,0.0,0.0,48.9,50.0,3.8,11.93,80.6,Star,1
PLR-1314,Aurélien Hernandez #415,Nigeria,La Liga,Atletico Madrid,Defender,22,191,83,Right,Medium,High,66.8,58.3,62.4,73.7,53.9,76.9,61.7,46.8,57.6,52.8,55.5,36.6,51.9,75.5,75.9,72.4,58.1,63.3,62.1,83.0,2831,36,0.02,0.03,72.0,69.4,8.5,2.49,71.8,Star,1
PLR-1315,Kaoru Moreno #416,Argentina,Ligue 1,Monaco,Defender,33,181,80,Right,High,High,80.3,72.8,92.5,97.1,78.1,93.6,76.1,73.2,76.5,70.0,70.8,56.7,74.8,99.0,99.0,97.4,86.3,89.2,95.0,64.7,1428,18,0.09,0.04,72.0,90.0,10.1,37.28,94.5,Elite,2
PLR-1316,Thibaut Silva #417,France,Serie A,Juventus,Midfielder,26,183,77,Left,High,High,69.7,70.3,80.6,66.0,74.5,60.7,75.0,74.2,83.7,76.3,69.4,65.9,71.6,67.6,67.1,59.2,78.0,69.9,63.3,73.1,3420,38,0.15,0.54,75.0,56.1,10.36,8.18,75.8,Star,1
PLR-1317,Nicolo Mbappe #418,Spain,Serie A,AC Milan,Forward,32,190,78,Right,Medium,Medium,74.9,75.9,66.7,69.9,68.4,63.2,78.8,77.7,72.5,60.1,67.7,79.7,74.7,45.6,34.8,38.7,66.7,77.6,63.0,67.2,2360,30,0.44,0.18,65.0,40.0,8.8,2.87,76.1,Star,1
PLR-1318,Declan Tchouameni #419,USA,Premier League,Liverpool,Forward,28,184,82,Right,Medium,High,65.0,65.9,55.0,52.5,61.6,56.7,59.2,66.5,55.1,42.7,57.0,62.0,58.0,33.2,25.0,26.9,53.7,67.3,52.7,80.0,2818,36,0.18,0.02,65.0,40.0,8.8,3.13,63.5,Developing,0
PLR-1319,Marcus Bellingham #420,Senegal,Bundesliga,VfB Stuttgart,Forward,28,175,74,Right,Low,High,85.1,89.2,75.6,69.0,78.2,70.8,77.2,77.9,76.3,65.0,70.7,84.8,85.7,34.4,37.7,39.9,62.3,73.5,70.9,75.8,2293,29,0.52,0.37,67.5,40.0,,14.13,80.5,Star,1
PLR-1320,Kylian Bellingham #421,Croatia,Ligue 1,Lille,Midfielder,27,178,69,Right,Medium,Low,76.3,85.0,85.0,64.6,77.4,65.4,73.3,76.4,86.6,85.9,74.6,72.4,75.1,65.9,59.9,57.3,79.5,74.7,67.9,73.0,2182,27,0.21,0.73,80.2,52.0,11.28,2.57,76.0,Star,1
PLR-1321,Darwin Haaland #422,Uruguay,La Liga,Villarreal,Defender,30,182,88,Left,High,Medium,56.1,73.8,,81.1,66.8,72.2,64.7,47.6,67.0,62.7,56.3,50.6,61.8,78.6,79.2,72.4,73.7,78.0,74.2,66.4,3083,38,0.01,0.06,72.0,76.0,8.5,3.18,76.2,Star,1
PLR-1322,Julian Mbappe #423,Morocco,La Liga,Real Sociedad,Defender,19,186,85,Left,Medium,Medium,72.2,71.4,72.9,89.2,70.6,75.7,61.1,63.9,64.1,68.9,56.7,50.4,64.1,80.1,84.4,87.3,61.8,68.4,85.0,65.8,2140,27,0.1,0.12,72.0,81.0,8.5,17.94,80.7,Star,1
PLR-1323,Declan Maignan #424,Belgium,Bundesliga,VfB Stuttgart,Forward,24,182,71,Right,Medium,High,87.3,93.0,81.0,78.0,78.3,85.0,87.6,83.4,76.4,70.9,69.2,89.0,86.5,42.9,42.3,41.1,75.1,80.9,74.8,80.5,1505,19,0.56,0.36,65.0,40.0,9.76,30.27,87.0,Elite,2
PLR-1324,Kevin Diallo #425,Argentina,Bundesliga,Borussia Dortmund,Goalkeeper,26,182,77,Right,Medium,Low,54.8,52.0,40.0,75.9,47.1,66.9,38.0,25.0,49.0,51.5,20.0,16.3,52.0,25.0,31.6,19.1,60.7,67.2,71.8,77.1,1751,22,0.0,0.01,48.0,50.0,,1.09,72.6,Star,1
PLR-1325,Takefusa Mbappe #426,Germany,Bundesliga,Bayer Leverkusen,Defender,25,178,83,Left,Medium,Low,68.7,71.4,81.7,84.4,73.5,83.2,70.1,60.6,68.3,76.2,63.2,42.5,75.0,87.5,81.8,82.1,63.7,75.8,76.1,66.0,2860,36,0.04,0.09,72.0,75.5,9.79,19.11,85.3,Elite,2
PLR-1326,Mike Garcia #427,Colombia,La Liga,Real Sociedad,Midfielder,18,177,75,Right,High,High,80.9,78.5,99.0,83.4,91.5,82.4,92.0,81.9,91.0,84.7,77.9,77.1,81.0,72.6,74.3,65.4,79.7,72.3,77.0,72.3,2317,29,0.25,0.62,83.1,66.5,12.25,37.39,88.0,Elite,2
PLR-1327,Achraf Rodri #428,Norway,Bundesliga,Eintracht Frankfurt,Midfielder,23,182,74,Right,Low,Medium,80.6,74.6,89.1,59.9,79.3,75.9,91.5,80.1,88.0,85.5,76.3,78.6,85.6,61.3,64.2,54.3,85.0,76.7,74.6,70.2,2541,32,0.22,0.62,75.8,53.2,12.1,22.62,84.0,Elite,2
PLR-1328,Khvicha Davies #429,Croatia,Ligue 1,Lille,Midfielder,24,186,76,Left,High,Low,56.3,74.7,74.5,70.7,67.2,62.7,74.6,68.1,78.8,80.9,76.7,66.2,63.0,52.8,64.2,49.5,75.0,70.2,67.2,67.7,3192,38,0.11,0.5,75.0,52.0,9.84,7.02,74.3,Star,1
PLR-1329,Luka Saka #430,Senegal,Ligue 1,Paris Saint-Germain,Forward,32,180,79,Right,Medium,Medium,76.0,74.0,68.0,68.9,74.0,62.6,75.6,74.1,63.8,52.1,62.6,77.7,79.2,37.7,38.4,22.0,69.3,70.1,61.5,72.4,1746,22,0.47,0.19,65.0,40.0,8.8,6.68,73.8,Star,1
PLR-1330,Declan Schmidt #431,Netherlands,La Liga,Real Sociedad,Midfielder,26,172,67,Right,High,High,70.3,63.8,75.7,62.9,63.7,61.2,76.8,68.0,72.5,77.1,79.3,59.4,65.6,59.3,66.8,46.6,71.4,67.0,60.7,76.2,1698,21,0.02,0.63,75.0,57.4,9.8,3.45,69.8,Developing,0
PLR-1331,Liam Rodriguez #432,Germany,Premier League,Aston Villa,Defender,29,186,80,Left,High,High,76.7,73.4,75.1,79.4,71.2,84.3,69.7,57.1,67.9,80.6,47.4,37.8,78.7,95.8,94.6,87.8,67.6,77.1,65.7,78.8,1394,17,0.0,0.16,72.0,89.5,8.9,29.01,87.5,Elite,2
PLR-1332,Kaoru Musiala #433,Belgium,Premier League,Manchester City,Forward,29,181,73,Right,High,High,66.9,62.0,55.3,57.2,70.0,70.8,63.4,65.8,58.3,52.1,56.8,71.3,60.7,30.0,35.5,26.4,60.3,61.2,54.6,79.7,2232,28,0.3,0.14,65.0,40.0,8.8,0.5,64.0,Developing,0
PLR-1333,Pedri Camavinga #434,Brazil,La Liga,Villarreal,Forward,26,182,66,Right,Low,Medium,89.9,86.6,67.7,69.7,77.6,76.4,83.6,91.0,69.7,70.2,73.9,95.3,83.2,36.8,32.9,27.8,71.9,81.6,74.4,77.8,1659,21,0.61,0.22,65.0,40.0,8.8,28.83,88.1,Elite,2
PLR-1334,Khvicha Mbappe #435,Morocco,Bundesliga,RB Leipzig,Forward,28,180,76,Right,Medium,High,89.3,85.9,71.2,79.8,85.5,81.9,82.9,86.8,74.5,71.0,71.2,86.6,86.5,43.6,41.4,39.6,70.6,77.2,74.4,61.3,2341,30,0.6,0.34,65.0,40.0,9.52,19.58,83.8,Elite,2
PLR-1335,Bruno Alvarez #436,Morocco,Ligue 1,Nice,Forward,29,180,70,Right,High,High,94.3,99.0,84.1,78.4,87.5,83.8,89.1,94.2,70.9,71.8,80.3,99.0,90.4,49.0,45.1,40.4,81.4,78.9,76.3,74.8,1919,24,0.69,0.36,65.0,40.0,9.55,38.3,90.5,Elite,2
PLR-1336,David Musiala #437,Belgium,Ligue 1,Lyon,Defender,27,182,81,Right,Medium,Medium,83.3,80.0,77.0,99.0,73.9,98.0,77.0,73.2,81.0,80.1,62.5,56.5,74.0,99.0,93.7,92.5,79.8,77.9,89.8,62.4,2318,29,0.02,0.06,73.0,82.9,9.36,52.01,92.8,Elite,2
PLR-1337,Thibaut Hakimi #438,South Korea,Bundesliga,Bayer Leverkusen,Defender,20,185,75,Right,Medium,Low,60.6,67.7,65.8,88.9,71.1,87.2,65.5,61.7,66.2,69.9,50.8,30.0,59.9,70.2,88.5,87.8,56.7,66.3,74.6,70.6,1797,23,0.02,0.09,72.0,80.7,8.5,18.06,79.8,Star,1
PLR-1338,Son Rice #439,Brazil,Bundesliga,Borussia Dortmund,Midfielder,24,191,72,Right,High,Medium,59.5,67.4,79.0,62.2,68.0,54.8,71.4,73.2,71.9,82.0,67.5,53.9,69.1,61.4,55.7,58.6,81.5,63.8,57.1,74.4,2147,27,0.04,0.55,75.0,53.0,10.82,6.1,74.2,Star,1
PLR-1339,Trent Kroos #440,Italy,Ligue 1,Rennes,Forward,25,178,79,Right,High,High,96.1,88.9,89.2,79.6,84.6,86.8,87.7,90.0,83.3,68.2,73.7,99.0,90.4,52.4,40.6,44.1,78.6,82.4,82.6,65.7,2542,32,0.76,0.37,69.5,40.0,10.34,55.04,93.3,Elite,2
PLR-1340,Marcus Moreno #441,Morocco,Ligue 1,Lille,Midfielder,22,177,69,Right,High,High,69.5,80.6,94.1,73.1,78.5,66.2,97.2,78.8,86.7,89.6,85.4,83.2,80.4,70.6,63.7,70.8,85.9,78.3,88.7,75.4,1696,21,0.21,0.76,79.4,53.4,12.47,23.71,84.7,Elite,2
PLR-1341,Rafael Wirtz #442,Nigeria,La Liga,Real Sociedad,Midfielder,26,173,72,Right,High,Medium,66.8,71.4,85.9,64.4,76.0,65.0,91.2,77.6,78.8,88.3,78.0,67.3,71.0,57.6,64.9,55.1,76.4,74.8,66.2,76.7,2977,38,0.11,0.52,75.0,55.9,10.8,8.74,79.2,Star,1
PLR-1342,Dominik Moreno #443,France,Ligue 1,Monaco,Forward,29,176,73,Left,High,High,83.6,88.7,76.4,73.6,81.7,76.8,79.1,76.2,71.4,63.9,70.0,88.1,88.8,39.5,35.7,41.0,64.9,76.6,71.6,72.4,2117,27,0.55,0.19,65.0,40.0,8.8,13.88,80.5,Star,1
PLR-1343,Lucas Valverde #444,Canada,Premier League,Aston Villa,Midfielder,24,179,74,Left,High,High,70.5,59.0,66.3,57.7,63.0,45.6,68.5,65.5,72.8,66.7,53.8,54.8,64.6,54.1,57.5,43.1,71.0,63.4,66.1,71.4,2523,32,0.06,0.32,75.0,52.0,9.8,4.92,67.5,Developing,0
PLR-1344,Mateo Kim #445,Netherlands,Bundesliga,Eintracht Frankfurt,Midfielder,26,179,75,Left,Medium,Low,73.5,75.5,76.0,64.5,75.7,59.8,76.4,71.6,78.0,78.7,68.4,63.3,71.9,67.5,65.0,57.9,78.9,66.1,66.8,72.3,2174,27,0.02,0.53,75.0,52.0,10.28,4.93,74.4,Star,1
PLR-1345,Federico Tanaka #446,France,Premier League,Liverpool,Midfielder,30,183,78,Left,Medium,High,74.8,74.5,87.7,74.6,78.0,70.6,87.4,73.0,88.9,85.6,69.4,74.7,79.2,69.6,70.3,64.3,83.5,82.3,79.1,66.9,2004,25,0.13,0.7,78.7,62.3,11.45,10.09,84.6,Elite,2
PLR-1346,Vinicius Haaland #447,Belgium,Serie A,Napoli,Midfielder,31,174,75,Left,High,Medium,76.9,79.7,85.7,71.2,66.6,81.2,87.3,80.9,85.5,74.8,75.8,69.2,69.3,68.3,70.8,61.9,84.3,68.0,65.4,69.5,2754,35,0.11,0.63,78.7,61.1,11.1,8.72,83.6,Elite,2
PLR-1347,Dominik Bellingham #448,Netherlands,Premier League,Newcastle,Forward,23,174,72,Right,Low,Medium,79.0,76.8,73.1,61.4,74.4,64.4,74.8,77.1,70.7,66.4,68.5,82.1,72.4,30.0,42.8,42.1,63.9,70.3,64.6,77.4,2963,37,0.51,0.08,65.0,40.0,8.8,9.26,75.5,Star,1
PLR-1348,Carlos Schmidt #449,Brazil,Premier League,Chelsea,Midfielder,23,181,78,Right,Medium,Medium,55.0,56.0,65.0,48.0,58.0,46.1,62.0,58.0,65.0,60.0,56.2,48.0,52.0,58.5,58.5,41.5,54.2,55.8,57.0,80.5,2265,29,0.02,0.24,75.0,52.0,9.8,2.37,62.4,Developing,0
PLR-1349,Victor Sato #450,Nigeria,Bundesliga,RB Leipzig,Midfielder,22,174,72,Right,Medium,High,77.8,82.5,88.1,77.1,82.0,71.3,93.5,78.7,,89.1,88.6,73.7,78.1,73.4,66.2,62.1,89.1,76.9,75.7,71.0,1050,13,0.19,0.75,81.5,62.4,,38.21,88.5,Elite,2
PLR-1350,Dominik Barella #451,Japan,Serie A,Roma,Midfielder,28,184,66,Right,High,Medium,55.0,56.0,65.0,48.1,61.4,52.9,62.0,58.0,65.0,61.4,60.8,48.0,52.5,45.4,46.7,44.2,60.0,62.3,62.3,76.3,1315,16,0.06,0.16,75.0,52.0,9.8,0.5,62.7,Developing,0
PLR-1351,Alessandro Hernandez #452,Brazil,La Liga,Real Sociedad,Defender,29,180,81,Right,Medium,High,66.9,61.3,70.5,86.7,68.6,70.2,60.0,60.1,68.9,69.6,48.4,48.5,57.7,84.5,75.5,74.0,71.2,72.8,75.7,73.1,2714,34,0.03,0.06,72.0,71.8,8.53,7.56,77.4,Star,1
PLR-1352,Jamal Smith #453,France,Bundesliga,RB Leipzig,Defender,27,195,77,Right,Medium,Medium,77.6,75.9,78.5,82.5,69.0,86.1,68.9,71.8,68.7,67.7,58.8,50.0,70.2,85.6,83.7,82.4,64.4,74.7,87.4,61.7,2865,36,0.13,0.08,72.0,79.5,9.33,13.26,82.1,Elite,2
PLR-1353,Alejandro Bellingham #454,Senegal,Bundesliga,VfB Stuttgart,Forward,25,184,76,Right,Medium,Medium,76.5,76.4,71.8,54.7,69.9,68.7,70.6,71.2,62.3,57.4,54.5,77.9,75.1,35.9,25.0,27.1,61.8,71.7,63.4,71.5,2500,32,0.38,0.08,65.0,40.0,8.8,5.45,74.2,Star,1
PLR-1354,Leo Barella #455,Uruguay,La Liga,Real Sociedad,Forward,20,186,69,Right,High,High,89.5,80.4,67.2,72.8,85.1,82.3,79.6,82.7,81.6,66.8,70.9,90.6,80.8,45.3,40.7,39.5,62.9,71.8,70.0,73.3,2247,28,0.55,0.17,65.3,40.0,8.8,19.9,82.0,Elite,2
PLR-1355,Bukayo Mbappe #456,England,Serie A,Roma,Defender,21,174,85,Right,Medium,High,63.7,61.7,76.3,85.7,60.7,71.0,72.7,60.2,66.3,69.4,56.1,36.9,61.6,77.5,72.9,76.1,65.0,62.0,56.0,80.7,2658,34,0.0,0.18,72.0,67.4,8.61,7.95,74.6,Star,1
PLR-1356,Vinicius Silva #457,Uruguay,La Liga,Athletic Club,Forward,31,186,85,Right,High,High,69.3,71.5,70.9,70.5,73.5,78.2,68.1,68.2,64.5,62.1,60.1,77.3,79.5,42.7,38.1,36.4,65.0,68.2,54.9,72.2,1991,25,0.47,0.16,65.0,40.0,8.8,0.55,70.7,Developing,0
PLR-1357,Liam Camavinga #458,England,Ligue 1,Rennes,Midfielder,34,178,74,Right,Medium,Medium,59.1,56.0,78.6,62.0,73.3,76.6,81.1,80.3,84.0,79.3,71.3,70.1,72.3,61.5,68.7,59.6,77.4,75.7,64.8,80.6,1084,13,0.12,0.59,75.0,61.0,10.32,4.71,77.3,Star,1
PLR-1358,Julian Tchouameni #459,South Korea,Serie A,Fiorentina,Goalkeeper,23,186,77,Right,Medium,Medium,35.0,48.9,40.0,56.9,47.3,73.9,30.0,25.0,40.0,43.7,20.0,16.6,45.0,32.3,26.2,15.3,53.2,60.3,61.8,79.3,1914,24,0.0,0.01,48.0,50.0,3.8,0.5,62.6,Developing,0
PLR-1359,Eduardo Kim #460,Croatia,La Liga,Barcelona,Midfielder,29,175,70,Right,Medium,Medium,59.5,56.8,76.3,65.0,66.5,66.5,72.1,74.8,74.4,65.2,71.0,57.9,61.7,62.3,54.1,47.5,73.7,71.4,63.5,82.5,1885,24,0.06,0.55,75.0,52.0,10.13,3.5,72.9,Star,1
PLR-1360,Liam Diallo #461,Uruguay,La Liga,Barcelona,Midfielder,27,177,78,Right,Medium,Medium,70.9,72.2,89.5,72.1,75.4,68.9,86.0,79.6,91.4,87.9,77.4,63.8,74.1,66.4,68.0,63.3,82.8,80.2,57.3,72.4,1978,25,0.16,0.74,83.2,59.1,11.75,18.04,84.9,Elite,2
PLR-1361,Alisson Moreno #462,USA,Premier League,Manchester City,Defender,25,190,84,Right,Medium,Medium,65.1,73.5,71.7,88.9,75.3,74.5,62.7,63.6,69.4,68.5,64.4,40.6,59.4,78.8,83.8,80.2,65.7,68.3,80.3,65.3,2599,33,0.03,0.07,72.0,72.7,9.23,9.02,78.5,Star,1
PLR-1362,Theo Tanaka #463,Brazil,La Liga,Atletico Madrid,Midfielder,24,185,70,Right,Low,High,72.3,77.4,82.1,69.5,73.7,57.0,84.6,87.8,87.4,83.7,73.1,67.4,73.5,67.3,52.9,47.6,78.6,72.0,67.7,77.8,2782,35,0.16,0.62,80.0,52.0,,20.96,82.6,Elite,2
PLR-1363,Rafael Kroos #464,Brazil,Bundesliga,Borussia Dortmund,Midfielder,18,178,74,Right,High,Medium,69.6,71.1,90.4,81.5,82.7,74.9,88.0,86.6,97.6,87.5,79.9,74.4,81.9,71.1,66.2,64.1,86.9,73.1,72.1,76.2,3420,38,0.21,0.78,87.3,57.3,11.78,27.55,85.8,Elite,2
PLR-1364,Julian Van Dijk #465,South Korea,Bundesliga,Bayer Leverkusen,Goalkeeper,19,189,83,Right,Low,Medium,43.8,47.4,47.0,83.9,62.3,73.5,44.7,33.6,43.8,48.2,33.7,17.5,63.1,29.1,31.0,18.7,60.7,68.0,70.6,70.4,2490,31,0.0,0.0,48.0,50.0,3.82,8.66,76.9,Star,1
PLR-1365,Takefusa Donnarumma #466,Croatia,Bundesliga,Eintracht Frankfurt,Midfielder,23,169,72,Left,High,Medium,74.0,62.3,79.6,72.9,75.4,72.1,78.5,79.1,81.0,78.2,72.9,64.4,67.3,63.9,63.9,65.4,82.8,74.5,69.2,64.7,3010,38,0.06,0.72,75.0,55.2,10.48,10.54,77.0,Star,1
PLR-1366,Carlos Donnarumma #467,Colombia,Ligue 1,Marseille,Goalkeeper,27,183,92,Right,Medium,Medium,46.0,63.2,54.0,85.0,70.2,78.9,44.4,43.4,46.1,55.4,27.0,24.7,57.7,43.9,21.1,16.8,74.9,77.3,73.9,68.8,2979,38,0.0,0.01,48.0,50.0,3.8,32.66,89.1,Elite,2
PLR-1367,Khvicha Kim #468,South Korea,Serie A,Napoli,Goalkeeper,29,193,80,Right,High,Low,40.7,52.4,40.0,81.0,67.3,64.4,46.5,32.2,56.4,60.2,20.0,17.6,71.6,29.0,27.3,18.1,72.3,70.1,70.4,81.1,747,9,0.0,0.01,48.0,50.0,3.8,16.49,84.1,Elite,2
PLR-1368,Jamal Santos #469,Senegal,Ligue 1,Monaco,Forward,21,182,75,Right,Medium,Medium,70.4,69.5,67.8,53.5,69.4,52.5,65.1,69.6,68.3,58.9,59.2,79.9,75.3,36.9,25.6,28.8,59.7,64.7,61.0,72.2,2693,34,0.52,0.23,65.0,40.0,8.8,2.99,70.2,Developing,0
PLR-1369,Gavi Mueller #470,USA,Serie A,Fiorentina,Forward,26,172,72,Right,High,Medium,83.4,89.5,75.5,59.5,76.6,61.7,72.7,78.6,66.4,57.7,63.8,92.3,78.2,44.7,36.4,34.5,58.9,76.3,74.1,70.0,3323,38,0.7,0.07,65.0,40.0,9.37,9.83,79.2,Star,1
PLR-1370,Kevin Martinez #471,Belgium,Bundesliga,Eintracht Frankfurt,Forward,29,170,69,Right,Medium,Medium,94.9,95.1,76.8,71.6,91.2,88.0,83.2,89.6,79.3,67.4,82.0,94.3,96.1,53.8,37.7,37.4,77.0,84.6,75.5,65.0,1850,23,0.67,0.49,65.0,40.0,8.8,34.65,89.5,Elite,2
PLR-1371,Aurélien Saliba #472,USA,Premier League,Liverpool,Forward,26,177,72,Right,Medium,High,80.4,77.1,71.6,61.3,78.1,68.0,77.4,73.2,74.0,66.5,65.5,95.9,82.0,40.1,34.4,28.3,65.9,78.9,61.3,69.7,2242,28,0.81,0.32,65.0,40.0,8.8,10.94,78.9,Star,1
PLR-1372,Mike Garcia #473,Colombia,Serie A,Roma,Forward,26,176,77,Right,Medium,Medium,91.7,85.7,73.3,75.7,86.0,78.6,81.6,91.3,76.5,66.9,72.9,88.6,89.8,41.1,50.5,30.7,80.3,76.9,72.5,73.1,1697,21,0.43,0.34,65.0,40.0,9.58,21.96,85.6,Elite,2
PLR-1373,Alexis Martinez #474,France,La Liga,Atletico Madrid,Defender,25,186,70,Right,High,Medium,69.2,67.8,64.1,72.9,48.0,62.9,65.2,52.6,54.5,56.9,47.2,36.9,56.3,75.2,75.6,78.7,61.7,59.7,71.1,66.8,701,8,0.07,0.03,72.0,67.7,8.5,6.55,73.4,Star,1
PLR-1374,Lucas Davies #475,Italy,Ligue 1,Lille,Forward,28,180,75,Right,High,High,82.6,81.6,70.8,65.0,74.0,63.5,82.7,80.6,68.3,64.1,65.2,79.0,78.0,41.2,46.3,27.6,62.3,69.6,68.8,73.8,1896,24,0.33,0.21,65.0,40.0,8.8,11.93,77.8,Star,1
PLR-1375,Alexis Van Dijk #476,USA,Premier League,Manchester City,Midfielder,28,173,67,Right,High,Medium,81.8,90.7,96.2,77.8,84.5,71.6,92.5,83.2,95.6,98.0,78.1,81.0,88.4,73.2,73.0,65.5,89.1,83.0,81.5,71.5,2305,29,0.26,0.82,81.4,61.1,11.97,31.4,88.4,Elite,2
PLR-1376,Noah Foden #477,Spain,Bundesliga,Bayer Leverkusen,Defender,29,184,89,Right,Medium,Medium,75.3,76.6,77.5,89.8,70.2,74.3,65.8,63.0,68.7,68.3,54.7,50.9,70.5,88.7,88.1,78.6,66.0,71.9,73.5,66.5,2260,28,0.07,0.05,72.0,77.1,9.04,17.69,82.8,Elite,2
PLR-1377,Bruno Courtois #478,Belgium,Bundesliga,Eintracht Frankfurt,Forward,20,183,77,Right,Medium,Medium,64.4,62.0,67.3,53.3,63.8,60.1,67.4,70.8,,55.9,59.1,73.5,62.6,30.8,37.0,33.0,56.1,61.5,52.6,67.3,1566,20,0.26,0.1,65.0,40.0,8.89,2.14,67.3,Developing,0
PLR-1378,Ederson Donnarumma #479,England,Premier League,Manchester United,Defender,23,185,71,Right,High,High,75.8,69.7,69.2,78.4,61.2,74.2,68.1,55.3,,64.4,53.9,38.3,60.3,79.9,81.6,85.3,69.9,71.0,76.6,70.2,995,12,0.0,0.12,72.0,73.8,8.5,20.02,82.2,Elite,2
PLR-1379,Theo De Bruyne #480,Colombia,La Liga,Girona,Midfielder,24,172,73,Right,Medium,Low,83.8,87.5,94.8,80.4,93.8,87.8,94.3,84.2,98.7,89.9,81.8,75.7,93.1,82.1,79.4,72.4,94.3,91.0,73.7,62.9,1288,16,0.21,0.85,90.5,71.1,11.96,57.56,91.3,Elite,2
PLR-1380,Thibaut Hakimi #481,Argentina,Premier League,Manchester United,Forward,30,188,66,Right,Medium,High,82.2,89.6,81.7,59.0,74.7,79.9,83.9,85.4,73.0,62.8,73.4,88.5,87.1,39.1,38.8,39.6,72.1,71.7,66.7,69.5,1047,13,0.65,0.15,65.0,40.0,9.56,13.56,85.2,Elite,2
PLR-1381,Gabriel Moreno #482,England,La Liga,Atletico Madrid,Defender,25,185,73,Right,Medium,Medium,75.4,75.5,81.5,80.6,72.6,76.7,71.6,65.6,69.8,63.4,59.4,30.0,67.2,83.0,99.0,90.1,74.7,77.9,86.5,72.2,1851,23,0.1,0.02,72.0,93.6,9.6,23.57,86.3,Elite,2
PLR-1382,Victor Davies #483,South Korea,Premier League,Aston Villa,Midfielder,28,186,72,Left,Low,High,72.4,65.5,73.5,57.1,64.2,61.1,70.4,67.4,75.3,73.6,66.3,61.1,68.1,71.1,62.8,50.9,68.5,70.4,66.6,70.5,2575,33,0.04,0.39,75.0,52.0,10.48,4.57,70.6,Developing,0
PLR-1383,Florian Mbappe #484,Japan,Bundesliga,VfB Stuttgart,Defender,29,183,77,Right,Medium,High,67.2,62.8,59.8,80.3,55.9,78.0,64.3,56.8,63.6,65.0,48.7,47.1,60.6,82.0,77.7,76.1,62.9,58.4,75.9,70.3,1833,23,0.03,0.04,72.0,79.4,8.5,4.38,76.6,Star,1
PLR-1384,Jude Van Dijk #485,Morocco,Bundesliga,Borussia Dortmund,Defender,25,180,71,Right,Medium,High,78.8,73.8,77.8,90.6,73.2,79.9,79.4,75.5,69.4,79.1,62.9,41.0,64.2,90.1,91.5,90.8,82.4,82.3,82.7,60.5,1377,17,0.14,0.18,72.0,81.0,8.62,29.57,88.2,Elite,2
PLR-1385,Thibaut Donnarumma #486,France,La Liga,Girona,Defender,28,183,81,Left,Low,High,56.9,63.6,66.9,66.2,65.0,67.7,56.1,57.8,59.8,52.2,54.2,30.0,58.2,76.1,75.3,72.7,66.6,63.7,56.7,81.7,2804,35,0.01,0.02,72.0,70.2,8.5,3.84,71.6,Star,1
PLR-1386,Takefusa Haaland #487,England,Serie A,AC Milan,Midfielder,34,174,68,Right,Medium,Low,66.0,63.6,80.5,63.6,74.5,66.7,79.5,79.9,85.1,80.7,67.3,69.7,71.2,63.1,55.9,60.3,93.9,76.7,76.2,71.5,2051,26,0.19,0.81,75.0,52.0,11.18,2.98,81.4,Star,1
PLR-1387,Alexis Diallo #488,Japan,Bundesliga,RB Leipzig,Forward,27,174,72,Right,High,Medium,84.4,84.3,72.0,77.5,81.1,76.6,77.5,81.9,,65.4,68.2,86.3,80.2,41.9,55.3,29.3,65.8,69.8,70.3,75.6,1758,22,0.48,0.19,65.0,40.0,9.13,9.59,79.9,Star,1
PLR-1388,Thibaut Bastoni #489,Italy,Bundesliga,RB Leipzig,Defender,34,175,74,Left,Low,Low,54.4,63.5,82.1,81.6,69.9,82.9,68.6,62.7,72.8,64.3,56.3,45.0,64.7,99.0,87.9,77.5,61.4,76.2,86.2,,1940,24,0.01,0.09,72.0,82.4,10.06,11.31,86.1,Elite,2
PLR-1389,Jamal Haaland #490,Nigeria,Ligue 1,Marseille,Defender,31,181,81,Right,Medium,Medium,77.2,73.7,77.7,95.6,73.3,93.3,63.9,68.8,77.1,74.2,60.1,48.1,69.5,99.0,97.8,96.4,70.3,80.6,94.2,63.5,1932,24,0.06,0.1,75.5,87.1,9.11,29.47,92.6,Elite,2
PLR-1390,William Kroos #491,Croatia,Serie A,Roma,Goalkeeper,28,182,89,Left,Medium,Low,42.6,37.5,40.0,70.8,54.6,67.6,30.0,27.3,40.0,51.5,28.3,21.0,49.1,26.4,19.6,15.0,60.2,64.8,68.9,74.6,965,12,0.0,0.01,48.0,50.0,3.8,5.63,67.8,Developing,0
PLR-1391,Thibaut Diallo #492,Norway,Ligue 1,Rennes,Midfielder,29,172,79,Right,Medium,Medium,73.6,79.3,87.5,74.8,79.6,71.3,79.1,79.1,87.9,83.8,70.3,70.6,93.2,63.5,65.4,67.9,86.7,78.6,77.4,70.7,2183,27,0.11,0.73,83.9,52.7,10.9,13.8,82.3,Elite,2
PLR-1392,Gianluigi Van Dijk #493,Argentina,Bundesliga,VfB Stuttgart,Midfielder,31,185,67,Right,High,Medium,74.1,90.4,90.3,80.2,89.3,71.7,99.0,87.6,96.0,87.7,73.4,76.2,89.2,64.8,73.2,67.9,98.0,77.8,74.0,70.1,2074,26,0.18,0.85,85.1,62.0,12.11,37.81,93.4,Elite,2
PLR-1393,Pedri Modric #494,Japan,Serie A,Roma,Defender,24,184,84,Right,High,Medium,59.6,60.4,58.0,79.1,51.3,63.4,61.1,49.0,57.7,54.5,46.7,37.4,56.7,67.0,67.7,65.6,50.3,66.7,67.0,73.0,1972,25,0.13,0.01,72.0,62.0,8.5,4.22,67.1,Developing,0
PLR-1394,Noah Santos #495,Morocco,Ligue 1,Nice,Midfielder,26,180,71,Right,Low,Medium,77.4,80.0,97.2,74.2,80.0,71.1,95.1,87.7,89.4,90.8,92.5,76.5,82.5,73.7,73.0,65.1,95.1,84.1,74.0,69.5,2239,28,0.23,0.69,76.9,62.9,12.36,35.17,89.5,Elite,2
PLR-1395,Liam Saka #496,Brazil,La Liga,Real Sociedad,Goalkeeper,22,185,91,Right,Medium,High,56.1,58.2,49.9,83.5,56.3,74.0,38.5,37.2,53.5,47.5,30.9,29.4,73.3,31.2,28.2,17.7,67.0,75.6,75.2,78.2,2938,37,0.0,0.01,48.0,50.0,3.98,22.0,84.6,Elite,2
PLR-1396,Bruno Mueller #497,Canada,Ligue 1,Paris Saint-Germain,Defender,25,185,75,Right,High,Medium,60.1,62.4,58.6,68.6,55.9,67.0,56.6,52.6,67.4,68.4,45.9,30.0,58.1,71.3,75.6,70.6,53.7,69.3,63.4,78.2,2607,33,0.04,0.09,72.0,71.3,8.5,3.37,70.5,Developing,0
PLR-1397,Alessandro Santos #498,Belgium,Serie A,Atalanta,Midfielder,28,179,73,Right,Medium,Low,67.4,69.9,75.6,63.2,70.1,61.9,76.2,75.7,80.5,72.8,72.5,61.5,65.4,55.8,61.0,61.4,73.7,69.8,62.4,77.7,2448,31,0.12,0.5,75.0,56.3,11.13,6.97,73.7,Star,1
PLR-1398,Cole Tchouameni #499,USA,Bundesliga,RB Leipzig,Defender,23,191,83,Left,High,Low,77.7,60.6,77.8,91.7,58.9,77.4,70.5,60.3,70.0,65.5,55.9,41.9,65.3,77.7,84.7,88.4,64.2,68.3,75.3,60.9,2943,37,0.0,0.01,72.0,79.9,8.5,12.02,80.7,Star,1
PLR-1399,Bukayo Camavinga #500,Morocco,Bundesliga,Eintracht Frankfurt,Defender,18,185,82,Right,Medium,Medium,72.0,61.7,77.9,86.8,63.0,78.1,75.8,61.8,80.2,61.9,57.6,34.8,61.5,73.3,89.2,86.2,58.7,71.3,76.8,67.6,2483,31,0.0,0.01,72.9,79.1,8.74,21.2,82.3,Elite,2
PLR-1400,Pedri Jones #501,Norway,Ligue 1,Monaco,Forward,28,185,66,Left,Medium,Medium,89.9,95.9,83.6,73.2,93.4,86.9,84.6,93.6,83.6,69.5,75.0,91.4,87.1,40.6,47.7,35.8,79.3,85.0,81.9,68.4,2438,31,0.61,0.32,67.8,40.0,10.06,25.98,87.4,Elite,2
PLR-1401,Gabriel Courtois #502,Belgium,La Liga,Atletico Madrid,Goalkeeper,22,187,84,Right,Medium,Medium,46.8,46.2,55.6,74.7,61.1,78.1,43.4,39.9,48.0,59.8,25.9,22.6,60.8,38.4,25.5,20.7,67.4,70.2,70.3,72.4,2620,33,0.0,0.02,48.0,50.0,4.18,17.78,82.2,Elite,2
PLR-1402,Liam Tanaka #503,Canada,La Liga,Athletic Club,Midfielder,30,175,80,Right,Medium,Medium,71.1,69.9,81.1,71.5,74.3,58.1,79.0,74.5,73.6,84.7,67.9,69.3,68.5,58.9,59.8,66.7,85.5,71.8,69.1,59.0,2140,27,0.07,0.61,75.0,52.0,11.11,4.12,77.5,Star,1
PLR-1403,Theo Garcia #504,Netherlands,La Liga,Atletico Madrid,Defender,25,186,85,Right,Medium,High,87.6,77.8,79.3,98.4,73.8,91.1,75.1,74.2,77.2,69.3,60.5,50.9,70.7,99.0,92.5,97.4,71.1,85.9,83.3,66.7,1906,24,0.07,0.02,75.7,83.2,8.95,64.33,94.5,Elite,2
PLR-1404,Eduardo Davies #505,USA,Ligue 1,Rennes,Midfielder,27,172,74,Right,Medium,Medium,65.0,64.1,73.7,51.3,69.8,60.7,76.7,72.0,75.7,78.7,71.6,59.4,67.9,66.8,59.5,49.9,71.1,58.3,61.2,75.9,1254,16,0.05,0.45,75.0,52.0,9.8,6.65,71.9,Star,1
PLR-1405,Son Modric #506,Belgium,Serie A,Roma,Defender,28,183,72,Left,High,Medium,75.6,68.4,78.9,89.5,68.6,80.2,67.3,55.3,78.4,73.6,65.5,46.6,65.2,87.6,88.5,85.6,69.8,76.6,82.2,65.5,2134,27,0.03,0.09,72.0,81.4,8.5,21.19,84.2,Elite,2
PLR-1406,Bukayo Jones #507,USA,Premier League,Tottenham,Midfielder,20,182,71,Right,Medium,Medium,55.0,61.9,65.1,56.0,61.7,55.8,62.0,58.3,65.2,61.9,60.5,59.7,63.7,49.8,51.8,49.1,61.4,56.9,62.7,76.1,2943,37,0.08,0.19,75.0,52.0,9.8,1.88,61.2,Developing,0
PLR-1407,Eduardo Bellingham #508,Colombia,Ligue 1,Monaco,Forward,31,181,77,Right,Medium,Medium,86.4,85.8,78.9,72.6,78.7,77.1,80.8,89.8,80.8,63.3,75.7,92.8,83.6,32.0,34.8,31.5,75.6,80.7,76.8,70.7,1767,22,0.57,0.47,68.6,40.0,9.72,16.05,86.7,Elite,2
PLR-1408,Marcus Martinez #509,Ghana,Ligue 1,Nice,Goalkeeper,26,187,89,Right,Medium,Medium,48.7,43.6,40.0,79.5,54.6,62.0,34.2,25.7,42.7,48.2,31.8,16.5,66.0,38.1,25.1,23.5,56.0,68.5,67.4,74.5,2175,27,0.0,0.0,48.0,50.0,3.8,6.36,74.6,Star,1
PLR-1409,Son Tchouameni #510,Argentina,Bundesliga,Bayern Munich,Forward,30,180,73,Right,Medium,High,67.1,71.3,55.0,54.1,65.8,55.1,59.7,69.3,55.2,58.6,64.9,70.6,70.4,36.2,38.5,25.7,55.3,70.0,56.7,75.9,2010,25,0.27,0.12,65.0,40.0,8.8,2.27,68.9,Developing,0
PLR-1410,Vinicius Kroos #511,Brazil,Serie A,Inter Milan,Midfielder,24,177,79,Right,High,High,61.6,60.9,65.0,55.5,58.0,62.1,72.2,64.4,70.6,67.5,61.3,48.0,59.2,48.1,52.7,47.5,73.1,60.8,55.2,82.9,2032,26,0.02,0.47,75.0,52.0,9.8,1.02,66.0,Developing,0
PLR-1411,Pedri Bastoni #512,Japan,La Liga,Girona,Goalkeeper,29,188,84,Right,High,High,45.1,45.7,40.0,78.4,69.5,77.9,41.2,29.1,56.0,53.9,33.4,16.9,57.4,31.3,18.1,17.2,73.5,67.5,72.7,70.8,3370,38,0.0,0.0,48.0,50.0,3.8,6.66,76.6,Star,1
PLR-1412,Julian Foden #513,Uruguay,Serie A,Fiorentina,Goalkeeper,36,186,83,Right,High,High,36.6,41.3,41.7,74.8,62.3,77.5,34.5,29.2,46.9,43.4,20.0,23.3,69.6,27.9,35.4,17.7,67.7,74.6,60.6,71.0,2770,35,0.0,0.0,48.0,50.0,3.8,7.17,80.2,Star,1
PLR-1413,Gianluigi Williams #514,Norway,Ligue 1,Nice,Midfielder,28,173,78,Right,Medium,High,60.9,69.1,65.0,56.0,61.9,57.9,66.2,71.0,69.5,65.3,60.9,55.2,65.4,52.4,45.6,50.5,63.2,59.3,63.6,73.4,2316,29,0.02,0.34,75.0,52.0,9.8,0.5,64.4,Developing,0
PLR-1414,Rodri Jones #515,Norway,La Liga,Real Sociedad,Midfielder,30,183,69,Right,Medium,Medium,73.9,68.8,80.4,70.8,73.9,75.5,74.0,75.8,78.4,83.0,75.3,71.8,68.1,66.6,58.7,59.2,79.2,79.7,63.1,79.9,2380,30,0.17,0.44,75.0,57.0,11.3,5.77,75.8,Star,1
PLR-1415,Mateo Williams #516,Portugal,Premier League,Arsenal,Midfielder,22,180,76,Right,Low,Medium,75.6,68.4,83.9,63.6,74.6,65.2,76.5,73.7,78.5,80.9,63.5,66.3,74.9,63.7,58.9,54.9,72.4,73.3,68.5,72.9,2440,31,0.2,0.5,75.0,57.3,10.91,8.75,76.2,Star,1
PLR-1416,Kevin Courtois #517,Morocco,La Liga,Barcelona,Midfielder,29,175,75,Right,Medium,Medium,79.1,79.8,85.9,82.9,78.9,64.3,85.2,85.8,84.3,82.2,75.7,67.4,71.2,59.9,67.2,65.2,81.3,77.5,70.6,66.6,2457,31,0.13,0.62,75.0,58.0,11.35,9.59,80.7,Star,1
PLR-1417,Theo Tchouameni #518,England,Ligue 1,Rennes,Midfielder,27,176,76,Right,Medium,Low,59.8,56.0,65.0,49.7,60.7,49.2,62.0,60.5,67.8,64.2,63.6,57.4,62.4,55.0,51.1,40.3,60.3,53.8,56.6,83.1,1612,20,0.03,0.3,75.0,52.0,9.8,2.77,62.9,Developing,0
PLR-1418,Darwin Musiala #519,USA,La Liga,Atletico Madrid,Defender,24,184,80,Right,Low,Low,70.9,70.0,62.9,86.7,65.0,68.2,64.6,61.6,61.3,60.9,49.3,42.6,61.8,78.3,76.7,76.0,60.1,70.9,65.6,82.5,1842,23,0.03,0.01,72.0,72.8,8.5,11.02,75.7,Star,1
PLR-1419,Mateo Silva #520,Colombia,Premier League,Arsenal,Defender,28,184,84,Right,High,Medium,75.6,84.1,74.0,98.7,77.5,83.5,75.9,70.7,78.6,81.4,58.5,50.9,70.4,88.1,91.7,90.5,75.9,85.8,82.7,66.2,1248,16,0.06,0.13,72.0,83.2,8.89,36.39,90.5,Elite,2
PLR-1420,Antony Oblak #521,Senegal,La Liga,Athletic Club,Defender,30,177,78,Right,Medium,Medium,70.6,69.8,90.5,81.8,61.3,83.6,69.9,66.8,71.0,67.1,69.6,35.2,70.5,91.5,92.5,85.5,66.7,77.5,75.4,66.1,2508,32,0.01,0.11,72.0,82.9,9.31,15.06,85.2,Elite,2
PLR-1421,Theo Valverde #522,Uruguay,Bundesliga,Bayer Leverkusen,Defender,22,188,80,Right,Medium,Medium,77.9,70.4,86.8,94.0,77.6,81.6,82.1,58.1,79.8,66.0,60.5,56.5,76.4,87.1,92.5,91.5,73.7,73.9,80.9,62.5,1922,24,0.0,0.08,72.0,86.0,,36.76,88.4,Elite,2
PLR-1422,Bruno Fernandez #523,Colombia,Bundesliga,Bayer Leverkusen,Forward,20,188,76,Right,High,High,69.5,75.2,73.1,60.4,69.3,68.6,65.4,81.7,61.6,67.1,60.8,74.8,77.4,42.7,38.8,32.0,68.6,68.4,61.9,76.5,1795,23,0.38,0.22,65.0,40.0,9.14,2.7,72.3,Star,1
PLR-1423,Alessandro Silva #524,South Korea,Serie A,Fiorentina,Midfielder,27,177,67,Right,Medium,High,64.8,69.1,76.1,58.8,70.1,64.1,69.6,73.8,,78.9,65.0,66.6,68.2,55.7,56.8,60.9,72.6,74.4,64.8,78.4,2336,29,0.11,0.24,75.0,52.0,9.8,3.53,69.9,Developing,0
PLR-1424,Erling Oblak #525,Canada,Ligue 1,Lille,Forward,33,169,82,Right,Low,Medium,68.3,70.8,75.8,60.5,76.9,65.6,84.3,81.4,68.7,54.5,71.1,69.8,78.8,43.8,39.2,37.3,67.1,77.6,64.0,73.6,2085,26,0.29,0.14,65.0,40.0,8.97,3.67,74.4,Star,1
PLR-1425,Trent Camavinga #526,France,Ligue 1,Lille,Midfielder,18,183,81,Right,Medium,High,55.0,56.0,67.8,59.4,63.3,57.1,67.0,59.4,65.0,65.9,56.1,50.9,57.1,62.4,58.5,46.1,62.1,53.8,60.9,70.8,1911,24,0.02,0.21,75.0,52.0,9.8,2.05,62.9,Developing,0
PLR-1426,David Kim #527,Ghana,La Liga,Real Madrid,Midfielder,29,169,79,Right,Medium,Medium,55.0,61.9,69.4,70.5,60.5,60.6,62.0,64.8,73.6,66.0,52.0,57.4,58.3,56.4,48.7,59.5,65.4,64.1,46.7,85.2,1666,21,0.11,0.35,75.0,52.0,9.97,5.67,67.0,Developing,0
PLR-1427,Jan Courtois #528,Belgium,La Liga,Athletic Club,Defender,25,189,80,Left,High,Medium,80.6,80.6,86.1,88.1,72.1,87.8,78.5,66.7,77.7,76.3,70.6,35.5,73.8,98.1,92.7,89.4,77.6,83.2,85.8,,886,11,0.1,0.1,72.0,83.3,9.55,45.4,91.7,Elite,2
PLR-1428,Enzo Williams #529,Croatia,Premier League,Tottenham,Midfielder,30,174,77,Left,High,Medium,67.9,65.9,75.0,72.0,70.1,62.2,78.8,73.6,81.7,72.1,69.8,69.6,69.3,58.3,66.0,55.0,80.8,74.1,57.2,77.1,1484,19,0.16,0.66,75.0,59.5,10.95,5.44,78.2,Star,1
PLR-1429,Mateo Rice #530,Portugal,La Liga,Real Madrid,Forward,21,169,77,Right,High,High,86.4,83.6,82.7,66.9,72.5,73.2,77.1,82.0,72.9,62.4,70.6,91.0,77.5,34.2,39.1,25.2,59.4,70.4,71.8,80.3,1512,19,0.62,0.19,65.0,40.0,10.03,14.93,81.4,Star,1
PLR-1430,Vinicius Kim #531,England,Ligue 1,Lille,Forward,22,179,83,Right,High,Low,76.7,83.8,76.0,67.5,74.6,66.5,76.0,79.2,71.8,63.5,55.0,82.0,82.6,38.0,43.2,30.4,64.1,62.3,66.7,68.9,2334,29,0.4,0.19,65.0,40.0,8.8,5.88,74.5,Star,1
PLR-1431,Luka Mueller #532,France,Ligue 1,Nice,Defender,25,180,77,Right,High,Medium,74.1,83.2,72.6,96.2,78.1,83.7,63.5,63.9,,66.0,63.3,40.3,65.9,88.4,88.6,95.9,69.6,79.3,73.5,69.2,2619,33,0.15,0.06,72.0,81.3,8.65,31.56,88.7,Elite,2
PLR-1432,Theo Mueller #533,Netherlands,Ligue 1,Nice,Midfielder,27,182,76,Right,High,Medium,76.3,78.3,84.4,63.2,75.0,71.9,80.7,68.9,85.0,79.3,75.5,76.7,77.9,73.7,61.8,59.5,78.0,78.1,57.6,82.9,1911,24,0.19,0.59,75.0,56.4,11.44,8.56,78.6,Star,1
PLR-1433,Cole Haaland #534,Italy,Bundesliga,VfB Stuttgart,Forward,25,185,71,Right,Medium,Medium,81.9,79.3,70.6,53.8,78.6,65.9,71.0,82.5,73.5,60.0,63.9,86.7,75.1,40.3,45.0,34.9,72.0,73.5,67.7,72.5,1373,17,0.46,0.27,65.0,40.0,8.84,11.76,80.0,Star,1
PLR-1434,Bruno Camavinga #535,Croatia,Premier League,Arsenal,Forward,27,184,76,Right,Medium,Low,73.2,89.4,65.6,77.5,71.5,67.5,77.1,82.1,71.0,49.7,63.4,77.7,71.2,40.3,25.0,38.1,69.2,68.8,64.5,72.6,2516,32,0.37,0.25,65.0,40.0,8.8,4.57,73.4,Star,1
PLR-1435,Thibaut Saka #536,South Korea,Serie A,Napoli,Defender,22,182,79,Right,Low,Medium,65.0,80.1,81.5,88.9,75.6,76.5,62.9,65.9,74.9,63.7,63.5,42.8,65.2,84.1,81.8,85.0,66.4,64.2,71.4,74.4,1916,24,0.03,0.08,72.0,73.3,8.99,20.71,82.1,Elite,2
PLR-1436,Leo Foden #537,Argentina,Premier League,Manchester City,Forward,30,182,72,Right,Medium,Medium,84.6,96.1,86.1,78.9,87.3,75.2,83.4,87.5,79.0,74.7,82.8,89.6,86.9,43.0,27.2,40.9,79.6,85.3,80.7,74.8,1934,24,0.68,0.31,65.0,40.0,9.61,14.4,86.5,Elite,2
PLR-1437,Kylian Alvarez #538,USA,Serie A,Atalanta,Defender,20,179,80,Left,High,High,62.3,59.3,61.3,74.9,58.1,64.9,63.7,57.4,66.2,58.0,43.1,41.6,56.2,67.1,73.3,74.0,55.5,65.4,75.0,64.1,1719,22,0.03,0.01,72.0,73.8,8.5,0.5,68.7,Developing,0
PLR-1438,Victor Moreno #539,Nigeria,Ligue 1,Lille,Defender,25,187,79,Right,Medium,Low,59.2,62.3,62.7,72.8,57.6,70.3,54.5,53.2,69.5,60.7,56.3,38.6,60.4,76.4,80.7,72.2,66.4,72.1,71.5,68.1,1331,17,0.04,0.03,72.0,69.3,8.5,4.23,75.8,Star,1
PLR-1439,Julian Tchouameni #540,Brazil,Premier League,Newcastle,Forward,29,175,73,Right,Medium,High,76.8,74.8,71.6,70.2,78.6,68.6,72.2,81.2,71.0,60.5,75.1,82.3,75.8,38.1,27.0,36.1,67.3,78.8,62.2,76.1,2707,34,0.51,0.17,65.0,40.0,8.8,9.25,77.4,Star,1
PLR-1440,Cole Jones #541,Norway,Premier League,Manchester City,Forward,20,174,81,Right,Low,Medium,99.0,99.0,80.0,78.2,89.4,86.1,87.6,89.8,79.1,70.0,80.6,96.6,88.1,51.3,54.8,36.4,77.4,94.9,94.1,63.4,2354,30,0.8,0.26,66.9,42.3,9.45,69.32,93.1,Elite,2
PLR-1441,Leo Donnarumma #542,Morocco,Ligue 1,Lyon,Goalkeeper,30,183,87,Right,High,Low,52.5,54.3,53.1,87.1,64.3,72.0,40.9,39.9,53.3,64.3,20.4,18.5,60.3,40.0,36.4,34.8,63.1,81.5,84.3,62.2,1040,13,0.0,0.01,52.7,50.0,4.32,13.73,84.0,Elite,2
PLR-1442,Gavi Haaland #543,France,Premier League,Newcastle,Midfielder,18,173,69,Right,Medium,High,61.1,73.0,83.6,59.6,71.9,61.0,77.8,75.9,78.1,74.3,78.0,70.0,71.5,56.6,64.8,55.5,58.9,60.0,62.2,79.9,1778,22,0.2,0.41,75.0,58.5,11.71,4.77,72.2,Star,1
PLR-1443,Jude Mendes #544,Portugal,La Liga,Atletico Madrid,Midfielder,27,180,71,Right,Medium,Low,81.6,78.6,76.0,71.1,80.4,62.6,78.6,72.5,77.8,86.6,58.9,62.9,70.2,64.2,55.8,64.6,77.6,77.5,59.5,77.4,1584,20,0.09,0.46,75.0,52.0,10.74,9.56,77.2,Star,1
PLR-1444,Takefusa Modric #545,Japan,Bundesliga,Bayern Munich,Defender,19,181,76,Right,Medium,Low,66.3,65.6,66.8,86.5,59.0,73.4,61.7,59.1,73.2,73.7,54.7,43.7,64.0,70.0,91.4,85.6,59.8,57.5,83.4,61.3,2869,36,0.0,0.16,72.0,88.7,8.5,13.46,79.5,Star,1
PLR-1445,Carlos De Bruyne #546,Belgium,Ligue 1,Rennes,Goalkeeper,26,191,89,Right,High,Medium,44.2,39.7,40.0,69.1,50.4,59.9,32.3,29.9,44.4,42.0,20.9,15.0,54.0,27.2,24.6,16.8,55.5,57.4,62.7,75.2,2128,27,0.0,0.01,48.0,50.0,3.8,0.5,68.0,Developing,0
PLR-1446,Julian Rice #547,Netherlands,La Liga,Barcelona,Goalkeeper,26,193,83,Left,High,Medium,46.7,53.2,50.1,77.4,64.3,67.5,48.9,27.0,50.0,64.3,25.1,16.5,68.1,41.7,23.1,19.9,70.6,83.7,65.9,76.5,1389,17,0.0,0.02,48.0,50.0,4.1,16.14,82.4,Elite,2
PLR-1447,Ruben Mendes #548,Japan,Premier League,Newcastle,Defender,24,184,76,Right,Medium,High,73.5,54.1,76.1,75.0,57.5,73.4,58.5,57.0,71.0,55.9,55.6,40.1,65.3,79.7,85.0,84.5,68.9,71.4,64.7,83.6,2438,31,0.06,0.06,72.0,81.7,8.94,16.48,81.1,Star,1
PLR-1448,Jude Donnarumma #549,Japan,Ligue 1,Nice,Midfielder,21,180,75,Left,High,High,63.6,60.7,69.4,57.1,73.5,62.6,78.2,72.2,72.8,81.9,63.8,57.5,67.8,61.1,61.9,52.1,74.5,62.4,66.3,68.2,1546,19,0.09,0.51,75.0,52.0,9.8,5.65,73.4,Star,1
PLR-1449,Federico Traore #550,Ghana,Bundesliga,Borussia Dortmund,Forward,27,188,72,Right,Medium,Medium,84.9,81.7,72.1,64.8,76.3,71.8,80.0,81.7,69.3,61.0,70.0,86.9,72.5,35.0,43.8,32.5,68.2,65.1,69.1,71.7,1517,19,0.6,0.22,65.0,40.0,8.8,11.51,81.5,Star,1
PLR-1450,Aurélien Santos #551,Portugal,Serie A,Napoli,Defender,32,182,74,Right,Low,Medium,52.0,50.0,58.0,60.1,48.0,62.0,50.0,53.2,58.0,58.8,42.9,34.5,55.2,67.0,66.0,64.9,53.5,48.9,54.3,69.3,1914,24,0.02,0.01,72.0,64.4,8.5,0.98,64.7,Developing,0
PLR-1451,Dominik Davies #552,Argentina,Serie A,Napoli,Midfielder,34,178,71,Right,High,Medium,55.0,61.0,68.6,56.3,63.0,59.4,70.8,63.8,73.3,60.0,67.6,62.9,61.4,52.4,54.4,46.4,70.1,75.3,59.6,74.5,3047,38,0.08,0.48,75.0,52.0,9.92,1.46,68.1,Developing,0
PLR-1452,Mateo Haaland #553,Argentina,La Liga,Athletic Club,Midfielder,20,185,76,Right,High,High,83.5,73.7,99.0,79.4,91.7,82.9,90.6,88.4,95.9,94.8,82.2,83.9,84.3,73.3,79.0,72.5,90.5,83.1,83.1,61.9,2114,27,0.21,0.83,82.4,65.9,12.3,58.43,91.0,Elite,2
PLR-1453,Jude De Bruyne #554,Nigeria,Bundesliga,Bayern Munich,Goalkeeper,26,188,78,Right,Medium,High,53.5,57.4,49.4,79.9,70.6,84.6,37.5,30.2,54.6,56.6,31.1,22.0,67.3,33.9,32.9,20.3,78.3,79.8,74.0,77.1,3254,38,0.0,0.0,48.7,50.0,3.8,34.83,89.6,Elite,2
PLR-1454,Marcus Mendes #555,Netherlands,Serie A,Juventus,Forward,26,177,74,Left,Low,High,80.8,79.2,68.2,52.4,73.2,63.2,72.0,77.8,64.8,55.9,65.7,78.9,71.3,30.0,37.7,28.5,70.7,71.8,69.2,77.6,1872,24,0.42,0.16,65.0,40.0,8.84,9.31,75.7,Star,1
PLR-1455,Marcus Silva #556,Nigeria,La Liga,Real Madrid,Midfielder,24,174,70,Right,High,High,71.9,71.8,84.0,62.6,80.2,67.7,74.9,72.7,88.7,83.3,69.2,70.6,66.7,60.6,50.3,60.7,74.2,71.0,61.5,69.3,3122,38,0.12,0.64,78.3,52.0,10.59,11.22,75.9,Star,1
PLR-1456,Liam Davies #557,Croatia,La Liga,Atletico Madrid,Forward,27,176,68,Right,High,Low,99.0,99.0,91.2,81.7,90.5,84.6,91.8,99.0,90.0,77.7,82.6,93.9,98.0,54.9,46.7,42.7,82.8,89.7,84.6,61.3,1872,24,0.65,0.39,74.5,40.0,10.02,63.08,94.5,Elite,2
PLR-1457,Noah Maignan #558,Norway,Ligue 1,Lille,Midfielder,22,169,74,Right,High,Medium,83.7,87.5,88.5,79.6,85.7,84.2,93.8,79.3,98.0,87.3,87.3,90.0,90.5,76.4,70.1,74.8,92.2,83.3,74.3,71.2,1824,23,0.3,0.85,90.5,60.8,11.47,57.1,92.0,Elite,2
PLR-1458,Gianluigi Santos #559,Canada,Premier League,Tottenham,Forward,32,179,75,Right,Medium,Medium,85.7,82.0,73.1,71.0,86.7,71.3,78.1,87.5,76.0,60.9,67.0,95.7,85.3,36.0,31.9,32.9,74.2,78.9,79.8,65.4,3420,38,0.79,0.31,66.6,40.0,9.68,14.03,85.0,Elite,2
PLR-1459,Thibaut Bellingham #560,Norway,Bundesliga,RB Leipzig,Forward,26,167,76,Left,High,High,86.1,88.5,,77.8,82.0,79.8,78.1,92.9,80.3,55.7,68.9,92.5,79.1,43.7,42.5,34.2,75.1,77.6,83.7,69.0,2114,27,0.55,0.25,71.5,40.0,9.07,24.61,86.2,Elite,2
PLR-1460,Bukayo Oblak #561,Netherlands,La Liga,Girona,Forward,23,182,85,Right,Medium,High,92.1,86.5,74.9,89.2,87.7,86.3,94.8,88.9,80.8,59.0,73.9,97.9,88.3,49.7,47.7,40.6,79.3,75.3,78.5,60.0,2040,26,0.76,0.41,65.0,40.7,9.07,46.87,90.4,Elite,2
PLR-1461,Mateo Rodri #562,Belgium,Bundesliga,VfB Stuttgart,Defender,28,187,76,Right,High,Medium,53.2,50.0,58.6,60.9,51.4,59.5,56.9,46.5,52.0,48.1,40.0,32.9,49.0,68.6,66.0,62.0,48.2,49.8,58.2,76.7,1078,13,0.08,0.01,72.0,62.0,8.5,0.5,64.6,Developing,0
PLR-1462,Nicolo Martinez #563,Brazil,Bundesliga,VfB Stuttgart,Defender,20,182,89,Right,Medium,High,84.2,70.8,80.2,94.9,68.7,86.5,80.3,72.7,81.3,76.7,66.7,50.8,72.8,92.1,93.4,91.7,67.7,78.5,84.3,70.5,1518,19,0.07,0.11,77.7,88.6,9.37,60.43,92.3,Elite,2
PLR-1463,David Fernandez #564,Belgium,Serie A,Atalanta,Midfielder,24,185,70,Right,Medium,High,88.5,82.9,95.7,80.9,95.0,77.1,99.0,91.4,98.9,98.0,86.8,76.8,92.9,77.1,84.5,68.6,90.8,78.9,73.5,64.5,2342,30,0.28,0.85,88.8,72.6,13.35,79.96,94.5,Elite,2
PLR-1464,Son Musiala #565,Morocco,Serie A,Inter Milan,Goalkeeper,27,184,93,Left,Low,Medium,51.6,49.4,47.3,86.0,69.5,79.4,39.0,35.3,49.6,60.0,23.7,15.7,57.5,30.8,23.8,18.5,73.4,75.8,79.3,72.9,2703,34,0.0,0.0,49.6,50.0,4.06,20.22,84.0,Elite,2
PLR-1465,Moises Van Dijk #566,Ghana,Serie A,Fiorentina,Midfielder,28,180,74,Right,Medium,High,82.6,72.1,95.3,76.6,81.9,73.1,91.3,85.0,96.5,94.6,88.0,83.2,86.6,70.7,73.3,59.5,90.3,81.0,74.4,70.2,2171,27,0.23,0.85,88.2,58.5,12.13,31.17,89.7,Elite,2
PLR-1466,David Mueller #567,Brazil,La Liga,Real Sociedad,Midfielder,22,182,67,Left,Medium,High,77.5,69.5,74.9,59.1,71.9,60.0,81.2,68.0,80.2,83.3,67.8,67.5,70.7,62.4,63.7,47.7,82.3,72.7,69.4,68.4,3213,38,0.16,0.58,75.0,56.4,9.8,12.08,76.9,Star,1
PLR-1467,Trent Tanaka #568,USA,Premier League,Tottenham,Defender,26,189,82,Right,High,Medium,54.1,67.5,62.1,69.5,52.3,64.6,56.0,50.1,60.2,48.0,47.1,38.1,55.0,65.0,71.8,67.8,58.4,65.0,63.1,77.6,3420,38,0.03,0.01,72.0,63.2,8.5,4.47,68.7,Developing,0
PLR-1468,Marcus Garcia #569,South Korea,La Liga,Girona,Forward,26,183,73,Left,Medium,High,97.7,98.9,,82.6,91.8,87.6,92.7,94.2,84.9,68.7,82.1,96.2,94.3,47.2,46.3,36.7,78.2,84.2,83.7,63.0,1608,20,0.83,0.3,68.6,40.0,8.87,57.66,93.8,Elite,2
PLR-1469,Alphonso Garcia #570,South Korea,Premier League,Chelsea,Goalkeeper,27,185,78,Right,Low,Low,48.8,36.2,40.0,75.4,49.0,71.0,38.8,33.7,40.9,43.7,20.0,22.5,45.0,29.8,29.7,21.5,63.3,63.4,52.3,75.9,1779,22,0.0,0.0,48.0,50.0,3.8,3.9,68.2,Developing,0
PLR-1470,Alejandro Moreno #571,USA,Bundesliga,VfB Stuttgart,Forward,30,181,80,Right,Medium,Medium,72.8,71.5,60.6,57.2,60.6,59.3,68.3,63.9,60.4,49.3,57.2,70.7,66.9,48.7,28.4,27.7,56.9,67.5,52.0,78.7,2516,32,0.38,0.13,65.0,40.0,8.8,2.3,64.8,Developing,0
PLR-1471,Bruno Kroos #572,Ghana,Serie A,Fiorentina,Goalkeeper,22,187,74,Left,Medium,High,38.1,38.2,40.0,60.4,48.1,61.7,33.3,30.5,40.0,42.0,25.6,15.0,45.0,29.2,22.2,15.0,53.8,53.9,50.3,81.1,2242,28,0.0,0.01,48.0,50.0,3.8,3.27,64.9,Developing,0
PLR-1472,Declan Mendes #573,Norway,La Liga,Athletic Club,Forward,25,184,83,Left,Low,High,78.1,80.5,74.1,65.5,70.5,70.2,78.6,82.8,69.5,60.1,71.8,81.6,75.1,50.5,34.9,37.8,72.2,71.2,67.8,73.5,1719,22,0.6,0.33,65.0,40.0,9.03,8.33,78.2,Star,1
PLR-1473,Lucas Santos #574,USA,La Liga,Girona,Defender,26,180,83,Left,High,High,63.0,60.1,64.1,74.4,62.1,69.6,56.5,56.5,60.8,61.7,52.6,31.1,60.3,67.9,74.6,68.4,59.3,67.0,64.4,69.6,2916,37,0.07,0.06,72.0,64.8,8.5,1.48,71.2,Star,1
PLR-1474,Achraf Donnarumma #575,Uruguay,La Liga,Real Madrid,Midfielder,31,175,68,Right,High,Low,55.0,66.7,77.9,64.3,61.6,61.0,70.0,62.8,73.5,70.0,70.5,63.3,61.3,54.5,54.9,52.6,80.1,74.0,69.6,75.5,3191,38,0.06,0.42,75.0,52.0,10.64,3.23,71.7,Star,1
PLR-1475,Alphonso Haaland #576,Canada,Ligue 1,Lille,Goalkeeper,27,183,82,Right,Medium,High,41.8,47.7,51.9,80.3,61.7,83.6,38.7,30.2,47.2,62.7,28.0,19.7,54.1,45.4,23.5,15.0,70.5,73.6,66.8,66.9,928,11,0.0,0.0,48.0,50.0,3.8,18.31,83.6,Elite,2
PLR-1476,Darwin Maignan #577,Croatia,Serie A,Inter Milan,Forward,25,178,72,Right,Low,High,76.9,79.7,69.5,66.0,80.8,69.0,72.7,82.6,72.8,63.4,57.8,82.1,75.3,42.8,30.8,36.8,65.1,67.2,54.7,77.0,820,10,0.47,0.19,65.0,40.0,8.8,6.11,77.6,Star,1
PLR-1477,Khvicha Foden #578,Ghana,La Liga,Atletico Madrid,Midfielder,18,172,80,Left,Medium,Medium,60.4,72.5,76.0,59.4,68.1,54.5,75.6,74.5,76.5,69.1,72.7,53.4,61.4,58.8,59.6,56.5,65.1,63.2,69.4,73.5,3045,38,0.02,0.32,75.0,56.3,10.57,2.05,70.4,Developing,0
PLR-1478,Kevin Haaland #579,Brazil,Premier League,Manchester United,Goalkeeper,24,187,86,Right,High,Medium,41.0,37.8,40.0,69.1,52.1,62.8,32.6,26.1,42.9,54.7,24.1,17.8,45.7,28.2,18.0,15.0,59.1,65.5,64.1,75.8,1968,25,0.0,0.01,48.0,50.0,3.8,5.11,66.7,Developing,0
PLR-1479,Theo Mbappe #580,Germany,Bundesliga,RB Leipzig,Midfielder,22,177,72,Right,High,Medium,59.0,59.9,84.1,63.3,64.9,57.3,72.2,74.6,77.5,76.4,63.7,57.3,67.8,64.2,55.6,49.0,64.7,61.4,67.9,79.2,2488,31,0.14,0.51,75.0,52.0,11.05,7.2,71.8,Star,1
PLR-1480,Antony Alvarez #581,Uruguay,Bundesliga,Borussia Dortmund,Midfielder,26,180,71,Left,Medium,Medium,79.4,86.3,89.1,69.9,78.7,75.4,85.7,83.4,88.7,92.8,79.6,79.8,84.4,69.1,74.7,61.7,85.8,80.0,65.8,63.7,1588,20,0.2,0.75,79.5,61.2,11.95,24.49,86.4,Elite,2
PLR-1481,Gianluigi Rice #582,Nigeria,Serie A,Juventus,Defender,24,185,72,Right,High,Medium,62.5,73.0,79.1,66.9,48.9,63.8,59.4,59.6,,62.9,48.1,35.2,59.3,74.9,76.1,69.3,65.2,65.4,63.3,68.7,1495,19,0.15,0.06,72.0,72.5,8.62,0.5,70.0,Developing,0
PLR-1482,Gabriel Wirtz #583,Norway,Serie A,Juventus,Midfielder,18,188,72,Left,Medium,High,60.9,56.3,74.8,69.1,66.2,58.4,73.6,70.8,78.2,73.7,61.5,63.2,61.6,59.5,56.9,52.9,63.0,56.9,68.0,72.3,2746,35,0.1,0.36,75.0,52.0,10.56,0.5,68.1,Developing,0
PLR-1483,Alisson Oblak #584,Morocco,La Liga,Girona,Midfielder,27,185,64,Left,Medium,Medium,55.0,72.0,73.2,53.0,65.7,46.3,67.1,60.7,74.9,74.6,65.8,61.3,58.8,57.7,46.0,41.8,63.2,69.0,62.2,80.0,2400,30,0.02,0.25,75.0,52.0,10.09,1.85,67.8,Developing,0
PLR-1484,Bukayo Williams #585,Germany,Serie A,Inter Milan,Midfielder,30,175,75,Right,Medium,Low,70.0,74.0,74.7,63.9,65.6,67.9,77.3,75.6,75.7,85.1,65.1,69.4,71.6,61.8,60.0,54.0,84.1,72.2,74.5,76.0,2423,31,0.16,0.66,75.0,52.0,9.8,5.78,75.3,Star,1
PLR-1485,Marcus Saka #586,England,Ligue 1,Monaco,Goalkeeper,33,187,86,Right,Medium,Low,43.9,53.1,48.9,73.0,71.6,73.1,39.0,25.0,53.2,58.1,34.5,26.5,60.0,26.4,23.1,27.5,71.9,76.8,66.0,73.1,2715,34,0.0,0.0,48.0,50.0,3.8,7.76,81.3,Star,1
PLR-1486,Gavi Davies #587,Italy,Ligue 1,Monaco,Forward,18,187,76,Right,Low,Medium,81.4,88.8,75.5,70.2,74.7,72.8,79.9,87.4,73.5,76.6,68.3,97.0,86.1,49.8,44.8,22.3,64.7,76.9,65.8,77.3,3420,38,0.76,0.07,65.0,40.0,8.8,40.98,88.1,Elite,2
PLR-1487,Son Kroos #588,Netherlands,Serie A,Inter Milan,Midfielder,33,172,77,Right,Medium,Medium,75.8,80.9,99.0,81.3,83.9,75.6,93.0,86.8,90.4,92.7,87.3,83.5,81.0,65.7,60.8,68.9,90.9,87.8,70.8,81.8,1959,25,0.19,0.81,80.8,52.3,12.82,21.14,88.9,Elite,2
PLR-1488,Eduardo Fernandez #589,Morocco,Premier League,Liverpool,Goalkeeper,22,186,93,Right,Medium,High,43.3,51.0,40.0,75.8,62.5,76.1,37.1,27.0,46.9,59.8,29.9,25.0,59.4,29.8,32.0,30.0,68.3,79.4,74.6,59.1,1865,23,0.0,0.01,48.0,50.0,3.8,13.22,78.8,Star,1
PLR-1489,Florian Musiala #590,Spain,Bundesliga,Borussia Dortmund,Defender,25,188,72,Right,High,High,71.4,72.5,80.7,78.7,60.6,78.7,61.7,60.0,69.6,57.5,61.9,42.2,72.3,85.9,89.2,88.5,65.2,72.4,87.9,66.8,2033,26,0.03,0.05,72.0,84.8,9.04,13.52,82.2,Elite,2
PLR-1490,Gavi Haaland #591,Germany,Serie A,Juventus,Midfielder,18,177,76,Right,Medium,High,55.9,70.6,81.5,68.1,73.2,61.8,80.5,70.5,85.3,78.0,61.4,66.6,66.9,57.2,65.2,62.2,67.0,66.1,68.1,68.2,1380,17,0.13,0.53,75.0,52.0,10.71,10.0,74.8,Star,1
PLR-1491,Trent Moreno #592,Senegal,Ligue 1,Lille,Midfielder,29,181,83,Left,High,Low,65.9,69.8,65.0,63.8,66.0,61.2,71.4,67.9,71.6,76.3,73.9,56.2,60.0,58.0,56.5,58.6,67.1,63.3,64.8,79.0,1936,24,0.05,0.34,75.0,52.0,9.8,4.51,66.5,Developing,0
PLR-1492,Declan Saliba #593,Portugal,Premier League,Chelsea,Forward,31,184,73,Right,High,High,79.2,82.1,73.8,62.8,78.8,65.5,78.6,89.4,70.8,57.5,68.3,94.1,80.1,33.9,27.8,31.8,73.8,81.0,68.3,65.9,1722,22,0.66,0.22,65.0,40.0,9.66,16.43,86.1,Elite,2
PLR-1493,Jude Wirtz #594,Japan,Bundesliga,VfB Stuttgart,Forward,26,172,78,Right,High,Low,77.8,82.7,67.3,69.5,70.0,65.3,77.7,82.6,67.0,44.3,64.1,80.9,74.4,41.7,32.7,36.5,60.4,72.4,62.6,69.0,2348,30,0.57,0.09,65.0,40.0,8.8,6.41,77.6,Star,1
PLR-1494,Trent Mendes #595,Uruguay,Bundesliga,Bayer Leverkusen,Midfielder,32,179,79,Right,High,Medium,74.0,74.4,92.0,74.4,83.8,77.9,85.9,80.5,91.2,79.5,74.1,67.8,80.7,70.0,74.0,69.1,87.1,87.2,64.3,76.2,450,8,0.14,0.73,77.1,65.0,11.68,17.24,86.1,Elite,2
PLR-1495,Leo Tchouameni #596,Japan,Serie A,Juventus,Midfielder,29,175,74,Right,High,Medium,83.9,65.8,85.8,63.2,78.5,72.9,85.9,84.7,81.8,92.3,80.4,66.6,79.1,80.8,75.6,72.0,86.1,84.4,79.9,74.5,1420,18,0.15,0.72,75.8,64.4,10.69,19.33,84.0,Elite,2
PLR-1496,Antony Modric #597,England,Premier League,Chelsea,Midfielder,25,178,73,Right,High,Medium,74.2,73.6,82.4,59.1,78.6,65.7,79.0,72.7,79.4,82.0,63.5,70.5,68.0,53.4,71.4,53.8,79.1,71.2,57.8,73.7,2611,33,0.09,0.5,75.0,61.9,11.08,8.13,79.4,Star,1
PLR-1497,Bukayo Davies #598,Nigeria,La Liga,Real Madrid,Forward,22,178,83,Right,High,Medium,76.7,88.9,80.0,78.9,78.5,72.3,79.5,93.0,76.7,67.1,74.2,84.6,91.6,47.1,44.0,24.5,72.6,75.4,59.7,73.9,1816,23,0.51,0.23,65.0,40.0,9.14,17.87,80.6,Star,1
PLR-1498,Kevin Wirtz #599,Germany,Premier League,Chelsea,Goalkeeper,28,189,92,Right,Medium,Medium,48.1,43.9,44.6,84.1,56.8,82.0,45.7,26.4,58.6,53.6,22.0,27.6,62.5,48.3,21.6,15.0,64.9,76.3,61.4,73.9,1895,24,0.0,0.0,48.0,50.0,3.8,13.37,81.1,Star,1
PLR-1499,Osimhen Garcia #600,Canada,La Liga,Real Madrid,Goalkeeper,22,185,78,Right,High,Low,40.1,50.6,40.0,71.0,58.3,63.1,30.2,30.7,46.5,45.2,21.9,17.0,64.2,37.4,24.3,29.5,60.2,60.5,52.7,75.2,1520,19,0.0,0.0,48.0,50.0,3.8,7.82,75.4,Star,1
PLR-1500,Alejandro Martinez #601,Argentina,Serie A,Lazio,Defender,32,185,89,Right,Medium,Medium,71.1,56.0,80.2,85.1,65.9,74.2,58.1,66.4,74.8,65.8,61.4,40.2,66.7,88.8,87.0,87.6,67.5,71.4,69.4,70.1,1992,25,0.08,0.1,72.0,76.8,9.45,14.5,83.8,Elite,2
PLR-1501,Kylian Modric #602,Germany,Premier League,Arsenal,Midfielder,21,180,76,Right,Medium,High,70.4,62.4,87.4,65.6,74.6,67.6,78.5,79.1,,79.5,79.3,67.6,69.0,65.0,65.1,50.9,76.9,69.6,79.0,67.9,2242,28,0.16,0.65,75.0,57.3,10.76,12.04,77.3,Star,1
PLR-1502,Liam Hernandez #603,Brazil,Premier League,Tottenham,Midfielder,29,178,84,Left,High,Medium,75.0,72.1,75.6,62.4,73.1,64.7,73.9,75.7,82.5,79.6,70.8,58.8,65.6,64.3,56.8,53.0,78.7,74.7,69.1,67.5,3024,38,0.02,0.59,75.0,52.0,10.24,6.93,77.3,Star,1
PLR-1503,Cole De Bruyne #604,Uruguay,Ligue 1,Lyon,Defender,31,194,77,Right,Medium,Medium,73.9,60.8,81.6,87.4,75.3,79.4,64.3,65.1,75.6,72.2,62.1,38.9,68.8,89.7,94.4,89.2,77.4,75.4,87.3,65.4,2125,27,0.01,0.09,72.0,89.4,9.31,23.38,89.2,Elite,2
PLR-1504,Rafael Oblak #605,Canada,Serie A,Lazio,Defender,24,182,78,Right,Low,High,74.6,73.6,77.7,89.0,76.5,88.1,69.1,75.1,73.4,66.5,72.9,41.6,70.9,91.2,95.3,82.8,72.9,75.7,86.4,64.0,1517,19,0.05,0.05,72.0,85.5,9.3,31.5,87.2,Elite,2
PLR-1505,Alexis Tanaka #606,England,Ligue 1,Nice,Forward,18,180,74,Right,Medium,High,72.4,78.2,67.2,60.5,68.0,64.3,73.5,81.3,67.9,59.3,65.6,86.6,78.0,40.0,32.3,24.2,54.5,61.8,53.0,79.0,1470,18,0.59,0.16,65.0,40.0,8.8,11.87,74.8,Star,1
PLR-1506,Antony Tanaka #607,USA,Bundesliga,Bayern Munich,Goalkeeper,33,193,89,Right,Medium,High,35.0,35.1,40.0,69.5,50.5,65.2,32.9,29.9,41.8,46.8,24.1,16.2,45.0,32.0,27.2,19.7,59.2,62.5,64.3,77.0,2633,33,0.0,0.0,48.0,50.0,3.8,0.75,68.9,Developing,0
PLR-1507,Gavi Musiala #608,Nigeria,Serie A,Fiorentina,Defender,26,178,85,Right,High,Low,64.3,59.9,68.6,74.1,61.3,65.8,62.2,54.9,59.4,50.7,53.2,43.7,58.0,65.3,78.4,73.5,56.5,62.2,73.5,80.4,2520,32,0.12,0.02,72.0,69.5,8.5,0.5,71.0,Star,1
PLR-1508,Jude Van Dijk #609,Colombia,La Liga,Real Madrid,Goalkeeper,28,193,83,Left,Medium,High,41.2,44.5,52.6,85.7,57.7,77.5,38.5,39.9,55.8,50.8,27.4,22.8,64.9,35.2,26.9,18.7,74.4,79.9,81.5,68.5,2520,32,0.0,0.04,48.0,50.0,3.86,14.34,81.8,Star,1
PLR-1509,Cole Smith #610,South Korea,Ligue 1,Nice,Defender,24,181,81,Right,High,High,82.8,79.9,79.7,99.0,73.5,91.7,78.6,71.6,69.8,80.5,65.3,54.9,77.4,99.0,97.1,91.8,82.4,86.1,94.7,66.9,1752,22,0.0,0.11,72.0,91.0,8.73,73.14,93.8,Elite,2
PLR-1510,Florian Traore #611,Croatia,Bundesliga,VfB Stuttgart,Midfielder,24,173,79,Right,Medium,Medium,57.9,61.1,71.3,58.1,65.3,55.8,70.8,61.1,65.0,65.3,67.2,56.3,62.3,49.3,53.7,44.6,64.5,61.9,66.4,77.2,1664,21,0.03,0.29,75.0,52.0,9.86,2.68,63.9,Developing,0
PLR-1511,Bukayo Santos #612,USA,Serie A,Fiorentina,Midfielder,27,181,67,Right,High,High,58.7,62.7,73.1,54.5,71.7,62.9,69.8,58.0,71.7,78.0,64.6,65.2,71.9,60.6,61.9,49.6,68.9,64.9,53.1,79.0,1573,20,0.21,0.38,75.0,55.1,9.8,1.84,69.0,Developing,0
PLR-1512,Antony Alvarez #613,Germany,Ligue 1,Lille,Goalkeeper,34,192,85,Left,Low,High,43.6,40.6,62.9,79.8,61.1,86.9,42.5,39.0,51.7,55.3,21.3,25.3,73.3,46.1,19.6,31.3,71.5,70.7,69.9,73.4,2124,27,0.0,0.01,48.0,50.0,3.97,7.38,77.2,Star,1
PLR-1513,Leo Davies #614,Norway,Ligue 1,Monaco,Defender,21,187,76,Right,High,Medium,79.3,74.3,82.2,89.1,72.1,84.2,75.5,61.6,66.8,80.3,64.9,48.4,69.4,86.7,91.7,96.9,76.7,74.6,92.7,59.6,2608,33,0.06,0.12,72.0,84.0,9.3,39.46,88.0,Elite,2
PLR-1514,Dominik Williams #615,Nigeria,La Liga,Atletico Madrid,Forward,28,181,83,Right,High,Medium,88.4,83.2,71.2,76.0,90.6,78.7,77.2,84.1,72.6,53.6,71.8,86.1,85.7,41.8,48.4,36.7,62.6,80.2,78.7,69.7,890,11,0.62,0.21,65.0,40.0,8.8,12.61,81.8,Star,1
PLR-1515,Jan Tanaka #616,Senegal,Ligue 1,Nice,Forward,28,182,86,Right,Medium,Medium,80.1,82.7,62.4,60.8,77.4,72.6,72.0,79.1,64.3,61.8,68.9,84.2,77.7,38.5,34.8,38.9,67.6,69.4,66.8,72.2,1929,24,0.57,0.15,65.0,40.0,8.8,10.02,78.9,Star,1
PLR-1516,Darwin Garcia #617,Spain,La Liga,Barcelona,Midfielder,23,182,73,Right,Medium,Medium,67.9,77.3,73.4,60.8,79.0,60.8,69.9,79.3,74.7,77.1,74.1,67.8,65.2,72.5,61.9,55.0,72.3,73.1,61.8,77.8,2842,36,0.11,0.52,75.0,52.0,9.8,2.82,70.9,Developing,0
PLR-1517,Gianluigi Davies #618,Croatia,La Liga,Real Sociedad,Defender,25,183,82,Right,Medium,High,70.9,66.4,75.2,77.8,66.4,74.8,61.3,59.6,65.8,61.7,55.6,40.7,60.2,77.4,81.9,79.7,66.2,75.7,67.5,79.4,1535,19,0.13,0.07,72.0,68.1,8.5,8.53,76.9,Star,1
PLR-1518,Kaoru Santos #619,Senegal,Serie A,Fiorentina,Goalkeeper,22,188,90,Right,Medium,Low,42.5,46.4,42.2,68.7,48.3,61.3,34.1,25.0,50.8,55.5,20.7,23.4,55.2,27.5,23.4,15.0,66.4,59.1,54.7,73.5,2084,26,0.0,0.02,48.0,50.0,3.8,3.69,67.8,Developing,0
PLR-1519,Erling Saliba #620,Nigeria,Serie A,Atalanta,Forward,24,186,81,Left,Medium,Medium,85.8,85.5,70.6,77.8,80.7,74.3,71.0,90.8,64.5,65.1,73.3,93.3,77.0,37.8,43.0,37.7,74.9,76.3,66.1,70.9,1993,25,0.59,0.24,65.0,40.0,8.8,19.07,81.3,Star,1
PLR-1520,Bukayo Valverde #621,Netherlands,Bundesliga,VfB Stuttgart,Midfielder,28,184,71,Right,High,Medium,72.8,77.6,88.8,61.7,75.6,69.5,87.0,81.3,90.2,82.4,69.6,71.9,72.7,64.1,71.6,63.3,82.9,85.0,84.0,64.8,2077,26,0.16,0.69,81.5,55.8,11.19,23.59,86.0,Elite,2
PLR-1521,Gavi Moreno #622,Colombia,Bundesliga,RB Leipzig,Midfielder,25,186,72,Left,High,Medium,67.0,60.9,73.7,60.6,58.4,50.6,62.5,65.1,69.7,73.6,64.0,49.7,59.1,45.0,54.1,63.0,63.6,60.8,48.4,83.6,2071,26,0.02,0.37,75.0,52.0,9.8,0.5,68.4,Developing,0
PLR-1522,Darwin Barella #623,England,Ligue 1,Lyon,Goalkeeper,28,185,77,Right,Low,High,44.9,50.3,40.7,73.6,69.0,76.7,44.0,35.7,49.5,60.5,20.0,29.1,64.9,38.5,21.1,26.0,63.4,74.8,67.0,62.6,1179,15,0.0,0.03,48.0,50.0,4.28,10.57,79.4,Star,1
PLR-1523,Carlos Sato #624,Norway,Serie A,Fiorentina,Defender,27,182,85,Right,Medium,High,67.6,61.0,68.3,73.5,62.4,71.4,62.2,49.8,57.4,53.5,44.7,38.6,68.7,74.3,75.0,74.2,60.6,62.2,67.8,72.3,1211,15,0.06,0.02,72.0,65.9,8.5,4.17,70.6,Developing,0
PLR-1524,Victor Kroos #625,Ghana,Bundesliga,Borussia Dortmund,Defender,22,185,89,Right,High,Low,57.9,68.0,64.9,80.2,55.9,66.7,53.3,51.6,56.0,59.0,51.0,36.0,62.5,71.1,70.3,73.3,58.1,56.9,62.3,79.1,1620,20,0.08,0.02,72.0,65.7,9.28,0.5,68.4,Developing,0
PLR-1525,Rodri Martinez #626,France,Premier League,Newcastle,Midfielder,31,179,72,Right,High,High,69.2,80.2,85.3,73.6,79.8,75.3,90.8,84.5,89.5,84.7,79.2,75.9,75.3,68.1,62.5,66.1,88.0,79.1,69.9,70.8,2343,30,0.25,0.68,78.7,52.8,11.43,15.17,86.1,Elite,2
PLR-1526,Florian Oblak #627,Belgium,Ligue 1,Marseille,Midfielder,30,180,74,Left,Medium,Medium,92.0,88.9,99.0,79.3,93.2,79.2,95.3,88.0,98.0,98.0,82.2,80.6,94.0,71.5,79.1,74.4,98.0,85.1,72.6,80.0,852,10,0.25,0.85,91.2,63.6,12.67,40.88,94.4,Elite,2
PLR-1527,Kylian Van Dijk #628,South Korea,Ligue 1,Paris Saint-Germain,Forward,23,185,70,Right,High,High,91.9,99.0,,82.3,90.4,81.2,95.3,91.6,90.8,72.8,91.7,99.0,96.2,52.1,40.8,47.5,78.5,86.9,89.5,59.2,3000,38,0.84,0.46,74.9,40.0,9.26,73.15,93.4,Elite,2
PLR-1528,Takefusa Foden #629,Morocco,Ligue 1,Paris Saint-Germain,Forward,18,179,73,Right,High,Medium,78.7,85.0,80.5,78.1,81.5,84.3,83.5,91.7,75.2,64.6,76.4,92.5,82.9,51.8,34.5,39.1,66.5,75.6,69.0,64.0,1855,23,0.7,0.19,65.0,40.0,9.96,30.94,86.3,Elite,2
PLR-1529,Liam Camavinga #630,USA,La Liga,Real Sociedad,Defender,27,186,78,Right,High,High,75.8,76.4,84.5,85.2,65.4,81.6,70.4,64.1,72.3,75.9,66.2,51.4,63.9,90.8,95.4,91.2,69.0,68.3,76.7,,2415,30,0.01,0.11,72.0,86.0,9.03,25.05,87.4,Elite,2
PLR-1530,Alejandro Kim #631,Germany,Premier League,Chelsea,Defender,28,183,72,Left,Low,Medium,72.0,74.7,96.0,90.6,66.5,79.2,65.6,60.8,73.2,69.9,61.8,51.9,70.9,94.8,90.1,89.2,70.5,83.2,94.1,64.2,2023,25,0.01,0.05,72.0,78.3,10.95,36.81,89.6,Elite,2
PLR-1531,Achraf Rodri #632,Germany,Serie A,Roma,Goalkeeper,26,186,90,Right,Low,High,38.4,44.2,42.4,73.9,60.3,71.3,30.7,30.6,40.0,42.0,21.1,17.2,47.1,26.6,18.0,16.5,65.8,70.3,63.4,,2930,37,0.0,0.0,48.0,50.0,3.95,9.87,77.8,Star,1
PLR-1532,Alessandro Smith #633,Spain,La Liga,Real Madrid,Goalkeeper,30,190,78,Right,Medium,Low,40.9,52.5,48.4,71.4,58.8,65.7,33.1,32.1,43.4,54.6,21.7,25.5,56.9,25.0,21.8,20.8,68.8,72.1,64.1,78.6,1559,19,0.0,0.01,48.0,50.0,3.87,3.79,71.8,Star,1
PLR-1533,Enzo Saka #634,South Korea,Premier League,Aston Villa,Midfielder,30,185,72,Right,Medium,High,84.0,84.2,96.6,77.4,86.1,83.2,94.3,89.1,94.7,98.0,80.7,81.3,87.6,73.6,75.5,69.8,94.9,86.3,83.5,64.6,1587,20,0.2,0.85,85.2,65.5,12.62,29.08,92.2,Elite,2
PLR-1534,Federico Kroos #635,South Korea,Serie A,Inter Milan,Defender,26,182,72,Right,Low,Medium,84.6,78.0,73.9,87.4,68.4,90.1,72.9,59.7,70.2,73.7,51.6,43.5,72.7,88.0,96.7,94.9,73.5,83.2,77.1,74.3,3183,38,0.02,0.11,72.0,91.8,8.76,39.14,91.4,Elite,2
PLR-1535,Moises Valverde #636,Japan,Ligue 1,Nice,Goalkeeper,25,186,86,Right,Medium,High,53.6,55.8,40.0,81.6,54.2,75.7,43.5,26.5,49.4,55.2,26.9,20.7,55.5,36.5,18.0,20.9,63.9,73.6,75.5,63.5,3420,38,0.0,0.01,48.0,50.0,4.06,8.5,79.6,Star,1
PLR-1536,Pedri Alvarez #637,Argentina,Bundesliga,Bayern Munich,Defender,25,190,76,Right,Medium,Medium,73.8,63.3,66.7,61.2,56.8,58.0,50.0,51.7,61.3,51.6,55.2,45.5,59.8,71.4,73.8,70.7,58.4,56.6,67.6,76.0,2264,29,0.08,0.01,72.0,73.8,8.5,4.89,68.9,Developing,0
PLR-1537,Kylian Modric #638,Nigeria,La Liga,Girona,Forward,31,178,81,Right,Medium,Low,78.4,79.9,62.6,63.5,80.3,68.9,73.6,80.5,70.2,58.7,70.5,77.9,70.4,49.8,29.8,23.5,66.9,66.2,64.6,63.8,2498,32,0.4,0.26,65.0,40.0,8.8,2.48,73.2,Star,1
PLR-1538,Pedri Silva #639,Nigeria,Serie A,Lazio,Midfielder,27,172,86,Right,High,High,62.7,66.9,71.8,62.8,70.3,59.5,72.9,71.3,73.9,72.4,67.5,55.6,61.3,52.6,52.6,45.4,71.4,63.5,70.8,68.6,2406,30,0.02,0.41,75.0,52.0,9.8,2.94,70.9,Developing,0
PLR-1539,Trent Santos #640,Croatia,Ligue 1,Monaco,Forward,32,175,82,Right,High,High,61.0,62.0,55.0,59.3,60.0,59.1,62.0,61.9,56.8,53.8,55.6,67.5,61.5,30.0,30.2,26.3,55.3,59.8,49.2,76.8,2773,35,0.19,0.06,65.0,40.0,8.8,2.01,62.2,Developing,0
PLR-1540,Gabriel Silva #641,Belgium,Ligue 1,Rennes,Goalkeeper,24,184,82,Left,Low,High,54.4,48.2,40.0,78.7,66.2,80.0,43.8,29.1,57.8,61.5,29.0,17.4,61.2,40.0,29.5,17.7,67.6,78.8,64.9,73.4,2359,30,0.0,0.0,48.0,50.0,3.94,30.5,86.6,Elite,2
PLR-1541,Leo Fernandez #642,Brazil,Ligue 1,Rennes,Midfielder,18,175,65,Right,Medium,Medium,55.0,56.0,69.1,56.2,60.0,56.7,62.3,62.8,70.4,65.2,55.4,53.2,64.6,57.8,55.7,56.1,58.4,51.0,51.6,72.8,2866,36,0.09,0.28,75.0,52.0,9.8,5.4,64.1,Developing,0
PLR-1542,Jude Dias #643,Netherlands,Premier League,Manchester United,Forward,22,174,75,Left,High,High,70.7,65.6,58.6,52.7,69.8,55.4,67.0,70.1,61.6,58.7,65.9,72.4,70.2,34.5,35.7,28.9,66.6,69.9,60.2,79.9,930,11,0.3,0.11,65.0,40.0,8.8,2.45,69.9,Developing,0
PLR-1543,Osimhen Williams #644,Norway,Ligue 1,Marseille,Defender,28,185,74,Left,Medium,Medium,71.2,68.6,72.3,76.3,63.5,71.5,64.5,57.1,69.7,73.5,58.8,42.7,65.7,79.8,86.7,83.0,66.5,77.2,79.9,64.8,1142,14,0.01,0.1,72.0,82.8,8.5,18.16,81.8,Star,1
PLR-1544,Pedri Davies #645,Colombia,Serie A,AC Milan,Midfielder,26,175,86,Right,Medium,High,64.3,70.1,79.4,67.2,76.3,61.9,83.1,77.2,73.8,80.2,75.8,62.0,71.1,53.9,54.9,54.6,70.8,74.3,55.2,75.2,833,10,0.04,0.36,75.0,52.5,10.92,4.9,75.9,Star,1
PLR-1545,Thibaut Mueller #646,Croatia,Ligue 1,Marseille,Midfielder,28,177,78,Left,Medium,Medium,69.6,66.5,73.8,60.1,64.4,50.6,82.8,74.8,75.9,80.5,73.6,64.2,65.0,64.0,61.8,57.3,75.5,68.7,71.3,62.6,2323,29,0.11,0.45,75.0,52.0,10.35,4.41,75.4,Star,1
PLR-1546,Carlos Mbappe #647,Ghana,Bundesliga,Borussia Dortmund,Forward,22,183,77,Left,High,Medium,62.9,62.0,62.9,50.0,60.0,62.8,62.4,60.7,59.2,49.3,53.8,66.2,62.8,35.1,42.0,24.3,49.8,55.7,65.6,74.8,2043,26,0.36,0.13,65.0,40.0,8.8,3.57,60.8,Developing,0
PLR-1547,Rodri Kroos #648,Netherlands,Bundesliga,Bayer Leverkusen,Defender,24,189,83,Right,Medium,High,67.4,85.3,81.2,92.9,68.9,76.1,71.6,73.7,73.6,68.8,61.2,50.5,67.1,85.7,85.2,86.1,73.1,74.0,60.8,78.7,1685,21,0.0,0.11,72.0,76.5,9.01,24.01,83.9,Elite,2
PLR-1548,Rodri Smith #649,England,Ligue 1,Rennes,Midfielder,26,192,74,Left,Medium,Medium,62.6,66.2,72.1,60.0,67.4,67.1,70.7,81.1,77.9,83.1,64.7,68.0,63.6,54.0,65.4,55.3,82.6,66.2,70.2,70.3,2406,30,0.16,0.61,75.0,53.0,9.8,4.23,76.1,Star,1
PLR-1549,Carlos Davies #650,Argentina,Premier League,Manchester United,Defender,26,182,82,Right,Medium,Medium,70.4,84.5,89.1,92.0,63.0,92.5,70.4,70.1,74.2,75.8,66.6,55.3,66.0,90.5,99.0,93.0,71.9,78.4,84.4,73.9,2789,35,0.05,0.01,72.0,89.1,9.81,39.68,91.2,Elite,2
PLR-1550,Ruben Santos #651,Belgium,Ligue 1,Monaco,Midfielder,26,178,74,Left,Medium,High,92.0,83.8,94.9,86.9,94.5,87.8,98.4,90.7,99.0,94.2,94.0,76.9,85.9,75.7,60.1,74.7,92.3,93.0,72.6,74.6,2208,28,0.2,0.85,91.3,52.0,12.13,55.65,93.9,Elite,2
PLR-1551,Son Santos #652,Norway,Ligue 1,Lille,Defender,25,182,77,Right,Medium,High,78.7,73.0,71.0,89.8,70.8,89.1,74.3,59.3,70.8,74.3,54.4,54.0,69.2,89.6,89.3,85.4,64.4,65.9,88.0,57.2,2706,34,0.04,0.09,72.0,79.4,8.79,18.15,84.9,Elite,2
PLR-1552,Bruno Davies #653,USA,Ligue 1,Rennes,Midfielder,28,180,72,Right,Medium,Medium,76.1,74.8,76.5,61.0,69.9,59.5,75.9,78.8,82.9,84.7,67.0,59.2,69.2,67.6,66.4,57.3,81.3,69.6,57.4,74.2,2639,33,0.04,0.65,75.0,53.7,10.41,8.75,77.7,Star,1
PLR-1553,Kylian Smith #654,Nigeria,La Liga,Real Madrid,Midfielder,28,180,70,Right,Medium,High,82.1,74.6,86.7,62.7,76.8,65.9,85.3,78.6,84.2,89.1,72.7,65.5,77.7,64.1,65.4,69.3,80.8,71.4,67.4,72.8,2336,29,0.19,0.64,76.5,52.0,11.43,16.59,83.8,Elite,2
PLR-1554,Alphonso Hakimi #655,Brazil,Serie A,Napoli,Defender,29,179,85,Right,Medium,Medium,69.7,66.0,61.2,81.8,60.5,73.9,58.1,64.5,69.5,70.5,61.0,44.0,56.3,86.0,77.7,77.1,65.1,73.0,70.6,71.8,3023,38,0.0,0.03,72.0,71.4,8.5,10.81,80.7,Star,1
PLR-1555,Noah Sato #656,France,Ligue 1,Lille,Midfielder,26,174,83,Right,Medium,Low,77.0,82.7,94.9,71.7,79.3,70.1,87.5,85.1,92.2,90.0,75.1,71.8,73.5,74.5,68.2,57.6,90.4,78.7,76.1,64.6,1956,25,0.19,0.7,83.5,57.9,11.9,26.32,87.4,Elite,2
PLR-1556,Rodri Moreno #657,South Korea,La Liga,Girona,Forward,23,183,83,Right,High,High,69.3,71.2,60.6,65.9,60.5,63.0,67.0,63.9,61.1,52.8,56.5,74.7,64.2,36.7,30.6,24.1,58.3,63.5,46.6,78.1,3420,38,0.46,0.2,65.0,40.0,8.8,1.96,69.7,Developing,0
PLR-1557,Pedri Bellingham #658,Canada,Premier League,Arsenal,Forward,30,177,64,Right,Medium,High,68.0,70.7,71.2,50.0,74.3,71.4,68.3,74.1,60.1,56.2,72.5,81.2,69.0,30.0,31.8,31.3,65.1,68.7,57.6,80.2,2577,33,0.53,0.14,65.0,40.0,8.8,3.04,73.6,Star,1
PLR-1558,Antony Mendes #659,USA,Bundesliga,Bayern Munich,Defender,20,183,82,Right,Medium,Medium,64.1,68.8,81.4,78.6,61.6,73.7,74.7,55.4,72.6,64.5,56.7,45.8,60.8,77.4,80.7,74.7,63.6,60.9,67.0,68.9,2451,31,0.22,0.07,72.0,73.1,8.94,7.0,74.0,Star,1
PLR-1559,Pedri Oblak #660,France,Premier League,Aston Villa,Midfielder,18,179,72,Right,High,Medium,76.4,75.1,87.5,82.5,93.3,82.7,94.9,89.6,99.0,94.5,77.7,86.0,86.9,76.4,73.4,72.8,83.5,66.8,83.6,70.5,2781,35,0.24,0.76,88.5,65.7,11.16,45.23,89.2,Elite,2
PLR-1560,Ruben Bellingham #661,Belgium,Ligue 1,Lyon,Defender,23,178,70,Right,Medium,Medium,90.2,89.0,78.4,94.2,83.0,80.0,68.5,57.5,74.6,71.5,63.9,40.3,77.1,92.6,97.5,96.9,77.7,77.5,88.6,61.0,2231,28,0.0,0.06,72.0,91.8,8.5,60.13,91.8,Elite,2
PLR-1561,Eduardo Hernandez #662,Croatia,Premier League,Arsenal,Forward,26,180,66,Left,Medium,High,92.9,95.2,85.7,75.3,90.2,82.3,98.0,95.3,80.2,69.2,81.3,94.2,92.4,49.1,38.0,24.3,77.2,88.5,76.5,65.6,2537,32,0.51,0.38,68.8,40.0,9.68,49.91,92.6,Elite,2
PLR-1562,William Garcia #663,Belgium,Premier League,Manchester City,Forward,21,172,73,Right,Medium,High,77.9,90.4,73.9,64.1,78.9,70.6,76.5,82.9,70.7,58.7,68.5,88.9,84.6,33.0,36.4,32.9,60.9,70.9,72.0,62.6,1812,23,0.61,0.26,65.0,40.0,9.78,17.46,80.3,Star,1
PLR-1563,David Barella #664,England,Ligue 1,Paris Saint-Germain,Forward,28,169,75,Left,Medium,Medium,77.8,79.6,62.0,57.1,75.7,71.0,73.6,77.8,69.5,60.2,67.6,75.3,81.6,41.5,41.1,34.9,59.3,66.0,61.7,76.3,2547,32,0.46,0.28,65.0,40.0,8.8,7.31,73.7,Star,1
PLR-1564,Federico Silva #665,Italy,La Liga,Barcelona,Midfielder,21,178,76,Right,High,High,79.4,74.7,88.0,68.2,77.1,71.2,78.8,71.9,78.9,78.9,78.9,70.7,70.8,69.5,64.1,56.5,74.7,69.2,76.6,72.3,1761,22,0.11,0.34,75.0,54.5,11.27,10.22,76.2,Star,1
PLR-1565,Virgil Tanaka #666,South Korea,Bundesliga,Bayern Munich,Midfielder,26,173,67,Right,High,Low,82.9,77.9,89.8,64.2,81.0,67.1,81.6,75.3,91.7,84.8,72.0,73.3,74.1,63.0,80.0,55.0,88.8,82.2,66.8,81.3,1447,18,0.14,0.64,81.4,67.3,11.08,18.3,84.4,Elite,2
PLR-1566,Alisson Kim #667,Japan,Premier League,Liverpool,Midfielder,34,182,80,Right,Low,High,64.6,58.3,76.6,65.3,69.3,65.5,78.0,79.1,89.1,74.0,71.5,65.9,70.7,57.0,56.5,58.1,77.8,70.7,66.7,66.9,2276,29,0.17,0.68,78.6,52.0,9.8,4.92,77.3,Star,1
PLR-1567,Darwin Kroos #668,Morocco,Serie A,Atalanta,Midfielder,28,174,79,Right,Medium,Medium,65.6,66.5,80.7,65.9,65.9,56.0,68.5,74.9,77.3,79.7,84.4,58.8,70.0,67.8,56.8,53.5,76.8,73.5,62.1,75.1,1714,21,0.09,0.49,75.0,52.0,10.23,10.56,75.9,Star,1
PLR-1568,Alejandro Foden #669,Belgium,Premier League,Tottenham,Goalkeeper,28,194,88,Right,High,Medium,53.3,61.5,47.8,89.0,74.5,86.2,44.8,38.8,56.9,67.4,21.8,23.8,67.6,43.1,23.2,32.2,79.2,85.1,67.2,75.6,3420,38,0.0,0.0,51.4,50.0,3.8,49.27,92.2,Elite,2
PLR-1569,Vinicius Haaland #670,Morocco,Premier League,Liverpool,Midfielder,23,170,68,Right,High,High,89.3,82.4,80.6,77.6,78.3,66.5,85.6,86.5,91.5,88.8,74.7,77.4,74.9,74.8,69.7,60.4,82.7,77.8,74.7,74.9,2109,27,0.22,0.72,79.8,63.9,10.88,23.47,84.0,Elite,2
PLR-1570,Jan Mendes #671,France,La Liga,Girona,Midfielder,20,178,69,Right,High,Low,62.5,60.3,77.3,63.7,72.2,56.7,67.4,65.4,73.2,79.6,76.2,61.9,65.3,55.8,60.4,63.4,73.1,59.9,56.2,77.7,2601,33,0.04,0.47,75.0,52.0,10.04,2.62,71.7,Star,1
PLR-1571,Alexis Oblak #672,Colombia,Bundesliga,Eintracht Frankfurt,Defender,27,179,84,Left,High,Medium,78.3,72.9,86.2,93.0,65.8,78.4,63.4,53.9,69.0,64.9,54.6,44.9,57.8,80.1,78.8,77.4,67.7,71.6,74.0,70.0,1801,23,0.05,0.03,72.0,74.2,10.23,17.15,82.6,Elite,2
PLR-1572,Florian Alvarez #673,Netherlands,Bundesliga,Bayer Leverkusen,Midfielder,24,172,77,Right,High,High,67.2,76.0,82.8,72.7,76.4,65.4,79.3,85.4,88.6,83.8,73.6,70.2,76.5,66.7,59.4,67.8,81.6,78.8,65.4,71.8,3034,38,0.15,0.67,81.2,52.0,10.98,15.87,81.0,Star,1
PLR-1573,Darwin Hernandez #674,Canada,Bundesliga,Borussia Dortmund,Midfielder,26,177,83,Left,Low,Low,71.4,73.0,80.7,68.7,72.5,64.4,77.9,70.9,74.1,85.3,59.3,68.7,76.5,66.2,61.9,59.4,78.0,69.2,56.2,88.7,2376,30,0.21,0.54,75.0,58.9,10.84,7.12,74.9,Star,1
PLR-1574,Rafael Hernandez #675,Spain,Ligue 1,Paris Saint-Germain,Defender,29,193,78,Left,Medium,Medium,74.8,77.7,70.5,87.7,64.5,77.0,71.1,60.3,73.6,71.3,64.0,51.8,58.7,87.1,85.2,86.6,68.6,74.2,71.0,71.5,1876,24,0.02,0.04,72.0,81.6,,15.34,81.3,Star,1
PLR-1575,Moises Modric #676,Senegal,Bundesliga,RB Leipzig,Goalkeeper,31,186,92,Right,Medium,High,37.5,35.0,40.0,70.2,50.0,63.0,30.0,30.1,51.0,52.0,22.0,15.0,50.6,30.3,18.1,15.5,59.1,69.8,53.9,87.4,818,10,0.0,0.0,48.0,50.0,3.8,1.63,65.7,Developing,0
PLR-1576,Virgil Mueller #677,Argentina,Serie A,Fiorentina,Forward,28,183,69,Left,High,High,78.0,89.8,80.3,70.0,80.1,76.0,79.2,87.7,77.8,66.3,62.8,91.0,87.5,47.1,44.8,30.0,69.2,85.9,81.9,77.2,2100,26,0.73,0.26,65.0,40.0,9.66,20.77,84.8,Elite,2
PLR-1577,Osimhen Garcia #678,Portugal,Bundesliga,Bayern Munich,Goalkeeper,25,186,84,Right,Medium,High,49.9,52.1,48.8,85.7,64.9,83.2,45.1,25.3,46.2,64.1,25.4,23.6,71.5,38.0,26.8,18.5,68.5,88.1,71.7,74.7,2523,32,0.0,0.0,48.0,50.0,3.8,27.33,86.4,Elite,2
PLR-1578,Gabriel Saka #679,Canada,Premier League,Liverpool,Midfielder,25,179,78,Right,Medium,High,63.9,76.7,75.8,59.6,68.0,65.8,75.2,69.3,76.2,79.0,69.9,57.4,64.5,59.1,65.0,54.2,71.0,65.1,60.8,82.2,2673,34,0.06,0.65,75.0,52.2,10.74,5.84,73.5,Star,1
PLR-1579,Alphonso Santos #680,Netherlands,Ligue 1,Marseille,Forward,21,174,74,Right,High,Medium,63.6,62.0,57.7,50.0,63.4,52.0,58.0,66.9,50.8,55.8,55.4,68.4,65.0,32.8,29.5,33.1,57.8,55.3,60.8,70.0,1676,21,0.3,0.08,65.0,40.0,8.8,1.37,63.1,Developing,0
PLR-1580,Rafael Mueller #681,USA,Ligue 1,Paris Saint-Germain,Midfielder,26,174,71,Right,Medium,Medium,78.1,82.9,92.3,79.4,83.4,72.1,88.7,81.1,97.8,95.7,75.5,79.2,74.2,76.9,66.9,67.4,81.8,79.3,72.3,68.5,1147,14,0.12,0.82,89.7,58.0,11.73,26.36,86.2,Elite,2
PLR-1581,David Musiala #682,Spain,Ligue 1,Nice,Goalkeeper,32,197,88,Right,High,High,42.9,47.2,44.2,69.7,59.4,71.2,37.2,29.8,,51.5,20.0,21.6,62.1,38.3,24.6,20.2,64.9,71.6,58.4,71.2,1728,22,0.0,0.0,48.0,50.0,3.89,3.76,75.0,Star,1
PLR-1582,Aurélien Musiala #683,Italy,Serie A,Napoli,Midfielder,31,166,73,Right,High,Low,69.9,57.5,79.9,54.0,66.3,58.7,73.4,70.6,76.0,72.6,77.7,61.1,61.1,60.0,54.8,51.9,81.3,73.2,65.9,74.2,1800,23,0.18,0.77,75.0,52.0,10.6,2.89,72.2,Star,1
PLR-1583,Son Traore #684,Netherlands,Premier League,Tottenham,Midfielder,33,179,62,Left,Medium,High,76.3,75.8,95.5,70.3,85.1,74.2,97.8,87.9,97.8,98.0,84.6,75.7,79.4,67.4,61.1,71.4,93.4,88.4,74.4,68.1,3057,38,0.15,0.85,85.2,52.0,12.26,35.08,92.9,Elite,2
PLR-1584,Rafael Williams #685,France,Serie A,Lazio,Midfielder,18,189,77,Right,Low,Medium,70.0,70.4,90.8,75.9,86.4,70.6,82.5,81.4,91.7,79.0,78.2,75.5,79.2,67.3,61.5,62.9,70.7,72.8,73.9,64.6,1383,17,0.14,0.71,82.6,52.0,11.16,14.38,80.0,Star,1
PLR-1585,Ruben Hakimi #686,Belgium,La Liga,Atletico Madrid,Forward,27,184,79,Right,Medium,Medium,81.3,84.8,73.1,66.0,81.6,71.7,74.8,88.9,68.8,61.4,68.0,82.9,79.5,35.9,40.3,22.0,66.0,68.2,78.8,73.6,1590,20,0.48,0.2,65.0,40.0,8.8,9.85,79.3,Star,1
PLR-1586,Carlos Silva #687,Argentina,La Liga,Villarreal,Forward,25,183,70,Left,High,High,83.4,79.5,65.1,62.2,75.1,61.0,71.8,71.1,61.4,64.7,62.0,73.4,71.9,30.9,32.9,26.2,64.5,67.6,57.8,76.3,1735,22,0.29,0.23,65.0,40.0,8.8,5.47,72.5,Star,1
PLR-1587,Khvicha Van Dijk #688,Canada,Premier League,Liverpool,Forward,23,176,73,Left,Medium,Low,76.7,83.8,68.2,66.3,78.9,73.5,72.8,76.8,71.3,63.4,65.1,81.2,77.0,48.2,42.3,35.9,69.4,68.3,56.9,78.8,2419,31,0.41,0.13,65.0,41.6,8.8,5.1,74.9,Star,1
PLR-1588,Mateo Mendes #689,Morocco,Bundesliga,Bayern Munich,Forward,20,188,69,Left,High,Medium,91.6,82.5,69.8,67.4,78.4,66.9,75.7,73.6,69.7,60.9,67.9,80.7,78.7,42.6,40.1,34.6,61.5,71.1,65.2,,1742,22,0.53,0.27,65.0,40.0,8.8,11.46,76.8,Star,1
PLR-1589,Gavi Musiala #690,Croatia,Premier League,Aston Villa,Forward,27,181,74,Right,High,Medium,81.0,74.1,68.7,72.2,67.2,58.3,68.3,76.1,68.3,53.7,58.3,68.4,68.8,30.0,26.5,30.1,56.7,60.2,53.0,74.7,2513,32,0.26,0.12,65.0,40.0,8.8,5.36,70.5,Developing,0
PLR-1590,Mateo Diallo #691,Spain,Bundesliga,Bayern Munich,Forward,26,180,80,Right,Medium,Medium,90.3,89.7,85.8,73.6,76.2,85.9,80.9,91.4,,64.2,77.4,87.2,82.9,41.1,38.5,38.4,74.8,80.9,64.1,78.6,1657,21,0.56,0.29,65.0,40.0,9.37,23.8,86.6,Elite,2
PLR-1591,Declan Kim #692,Belgium,Bundesliga,Eintracht Frankfurt,Defender,28,189,87,Right,High,Medium,69.7,71.3,69.5,88.3,60.9,77.1,64.3,55.4,60.4,69.2,56.1,52.2,69.2,85.2,84.9,82.6,71.3,69.6,77.5,62.2,2460,31,0.04,0.06,72.0,73.6,8.5,11.92,80.8,Star,1
PLR-1592,Osimhen Tanaka #693,Ghana,Bundesliga,VfB Stuttgart,Forward,26,181,73,Right,Medium,Medium,75.8,73.6,71.8,67.8,75.4,67.5,71.3,78.4,68.4,51.6,64.3,80.5,69.9,43.7,38.6,27.9,58.5,70.1,60.6,75.2,2739,35,0.36,0.14,65.0,40.0,8.91,4.7,72.9,Star,1
PLR-1593,Gabriel Dias #694,Colombia,Serie A,Juventus,Midfielder,18,176,69,Right,Low,Low,68.4,58.7,72.0,69.2,77.2,58.3,78.3,72.0,72.3,72.2,75.7,55.5,77.0,57.1,66.5,53.1,68.8,61.6,61.8,77.5,1842,23,0.02,0.41,75.0,60.5,9.98,6.43,72.9,Star,1
PLR-1594,Aurélien Schmidt #695,Colombia,Premier League,Newcastle,Defender,26,190,84,Right,High,High,77.9,66.2,75.3,85.5,70.4,80.2,64.8,67.9,63.4,62.1,58.3,42.4,68.3,82.9,85.1,85.0,67.4,65.4,83.7,63.9,1271,16,0.01,0.02,72.0,77.4,9.4,15.37,82.4,Elite,2
PLR-1595,Liam Maignan #696,Norway,La Liga,Villarreal,Midfielder,33,175,81,Left,Medium,Low,69.2,64.5,79.2,81.3,72.0,57.3,84.2,74.6,88.2,73.3,82.9,72.6,72.8,56.3,56.9,55.8,86.0,78.2,69.4,63.5,2702,34,0.08,0.62,80.4,52.0,9.91,5.77,78.9,Star,1
PLR-1596,Kylian Davies #697,Nigeria,Serie A,Fiorentina,Defender,23,182,77,Right,High,High,74.9,72.1,72.8,84.9,64.4,87.8,69.4,55.5,76.0,71.3,61.5,48.2,70.0,85.2,86.0,87.3,66.5,76.5,80.5,58.7,3420,38,0.09,0.01,72.0,80.4,9.54,19.19,82.6,Elite,2
PLR-1597,Virgil Hernandez #698,Brazil,Ligue 1,Monaco,Forward,32,189,74,Left,Medium,Medium,66.1,67.6,59.5,59.5,69.3,65.1,66.8,75.2,58.0,52.5,58.7,67.9,70.5,37.0,31.5,31.9,60.6,64.2,61.5,72.7,2264,29,0.3,0.09,65.0,40.0,8.8,0.5,65.3,Developing,0
PLR-1598,Khvicha Schmidt #699,USA,Bundesliga,Eintracht Frankfurt,Forward,22,184,68,Right,Medium,Medium,72.7,72.7,60.5,63.7,70.1,65.5,65.4,69.1,56.1,52.2,58.8,70.7,70.6,35.3,29.2,24.5,57.4,60.7,54.7,74.3,986,12,0.17,0.08,65.0,40.0,8.8,2.45,67.1,Developing,0
PLR-1599,Mateo Jones #700,Uruguay,Serie A,Napoli,Forward,29,181,75,Right,High,Low,66.1,67.3,62.2,52.6,60.8,52.0,65.3,67.4,61.1,51.4,66.4,70.6,69.1,32.4,25.3,31.5,55.9,64.8,50.4,81.8,1327,17,0.34,0.18,65.0,40.0,8.8,0.5,67.5,Developing,0
PLR-1600,Alexis Tchouameni #701,Italy,Serie A,Inter Milan,Forward,31,185,86,Right,Medium,Low,71.4,71.5,62.5,62.6,66.2,73.9,69.0,73.5,63.5,53.4,64.9,76.8,75.1,47.8,27.8,32.3,64.9,71.9,45.9,81.9,1586,20,0.52,0.21,65.0,40.0,8.8,2.26,71.1,Star,1
PLR-1601,Pedri Diallo #702,Portugal,La Liga,Athletic Club,Forward,30,190,80,Right,Medium,Low,65.9,70.4,55.0,56.2,60.0,65.0,66.8,67.3,58.2,56.8,50.8,64.5,67.8,39.5,25.0,23.4,62.2,57.7,46.6,73.2,1822,23,0.16,0.14,65.0,40.0,8.8,0.5,65.5,Developing,0
PLR-1602,Enzo Rodriguez #703,Croatia,Bundesliga,RB Leipzig,Forward,26,193,73,Left,Low,Low,80.2,84.4,64.9,54.6,80.8,73.9,75.6,83.3,66.2,56.4,62.8,85.5,71.2,36.3,38.4,25.2,64.0,76.2,59.6,80.1,1297,16,0.34,0.21,65.0,40.0,8.8,8.38,78.6,Star,1
PLR-1603,Kevin Smith #704,Germany,La Liga,Barcelona,Forward,25,184,88,Right,Low,Medium,82.2,88.4,73.0,79.4,78.4,69.2,71.0,78.7,67.9,58.6,65.0,73.8,81.5,40.0,27.7,34.9,62.6,70.6,55.8,74.7,2017,25,0.35,0.24,65.0,40.0,8.8,6.29,74.7,Star,1
PLR-1604,Jan Fernandez #705,Belgium,Premier League,Aston Villa,Forward,23,183,72,Left,High,High,92.5,93.1,84.0,69.0,89.4,76.6,92.6,86.5,70.7,61.1,77.5,90.4,84.8,43.3,45.8,33.1,75.3,75.8,67.5,,1417,18,0.56,0.29,65.0,40.0,9.14,42.84,88.9,Elite,2
PLR-1605,Son Rice #706,South Korea,Premier League,Arsenal,Midfielder,26,184,72,Right,Medium,Medium,70.3,66.4,80.6,65.5,72.8,64.3,80.2,80.5,81.9,77.5,67.3,68.5,75.9,60.8,67.2,69.2,85.0,73.7,70.4,70.3,1559,19,0.1,0.72,75.0,57.8,9.92,12.42,79.8,Star,1
PLR-1606,Ederson Williams #707,Argentina,Bundesliga,Bayern Munich,Forward,27,173,70,Right,Low,Medium,91.2,85.7,78.2,78.3,83.1,73.7,85.9,81.8,69.0,68.4,69.9,88.0,80.7,41.0,47.8,44.8,71.4,77.9,67.3,72.3,2301,29,0.5,0.34,65.0,40.0,9.06,14.79,83.3,Elite,2
PLR-1607,Enzo Wirtz #708,Nigeria,La Liga,Atletico Madrid,Midfielder,28,185,73,Left,Medium,Medium,77.5,78.5,92.7,68.6,75.3,67.5,84.4,85.9,85.9,87.2,82.2,73.0,74.7,61.3,72.3,56.4,82.7,76.9,70.4,77.9,2438,31,0.16,0.68,77.5,62.2,11.19,18.82,85.2,Elite,2
PLR-1608,Aurélien Davies #709,Croatia,Ligue 1,Paris Saint-Germain,Midfielder,25,179,86,Right,High,Medium,74.8,70.7,86.6,77.8,78.0,65.4,81.2,79.2,85.8,87.8,72.9,63.3,76.8,64.1,68.9,60.6,80.6,76.1,62.8,73.2,2072,26,0.09,0.72,75.5,63.5,10.96,12.51,82.9,Elite,2
PLR-1609,Rafael Dias #710,Canada,Premier League,Chelsea,Defender,27,188,78,Right,High,Medium,83.0,73.1,68.2,85.4,62.4,76.6,58.7,53.7,70.9,71.5,61.3,46.2,64.6,81.8,85.6,85.1,67.0,73.1,80.8,64.1,2944,37,0.02,0.01,72.0,77.9,8.5,15.09,82.2,Elite,2
PLR-1610,Vinicius Martinez #711,USA,La Liga,Barcelona,Forward,23,177,73,Left,High,Medium,82.0,91.7,77.0,66.2,87.2,75.6,78.4,95.2,71.4,70.0,69.4,91.6,81.2,37.3,43.2,37.9,76.4,73.4,82.4,62.7,1977,25,0.6,0.21,65.0,40.0,9.21,30.85,86.0,Elite,2
PLR-1611,Dominik Barella #712,Italy,La Liga,Atletico Madrid,Defender,22,193,83,Right,Medium,Medium,52.0,60.1,58.0,62.4,54.3,62.1,55.7,50.2,68.8,56.9,49.6,30.0,59.8,65.0,66.0,64.7,52.6,54.8,56.3,75.9,1835,23,0.04,0.01,72.0,63.5,8.5,7.26,63.6,Developing,0
PLR-1612,Victor Garcia #713,Belgium,La Liga,Real Madrid,Midfielder,18,184,71,Right,Medium,High,77.1,72.0,95.7,70.4,81.6,66.5,99.0,86.1,92.3,92.6,80.5,75.6,84.5,71.2,72.2,78.4,80.9,72.9,81.6,63.8,2206,28,0.31,0.85,84.7,65.9,11.9,39.85,88.2,Elite,2
PLR-1613,Alejandro Dias #714,Nigeria,Ligue 1,Paris Saint-Germain,Forward,20,184,75,Right,Medium,Medium,87.9,90.4,79.6,74.4,81.3,77.5,80.0,87.2,76.8,54.3,73.0,87.4,87.8,49.1,38.0,39.2,70.6,69.9,72.7,76.4,1892,24,0.44,0.23,65.0,40.0,9.31,31.31,85.9,Elite,2
PLR-1614,Julian Davies #715,Croatia,Bundesliga,Bayer Leverkusen,Defender,30,182,75,Right,Medium,High,70.8,75.0,78.1,82.0,67.0,84.2,74.2,59.4,70.9,74.7,62.2,35.2,62.4,83.6,85.8,85.8,73.6,77.7,85.4,58.4,1365,17,0.02,0.13,72.0,79.4,8.71,5.25,80.6,Star,1
PLR-1615,Ederson Maignan #716,Belgium,Premier League,Tottenham,Goalkeeper,37,191,87,Right,Low,High,35.0,38.5,42.3,67.5,45.0,65.5,39.6,26.2,47.8,42.0,22.1,16.9,45.0,33.0,18.0,20.2,66.9,66.7,58.3,76.0,2161,27,0.0,0.01,48.0,50.0,4.03,0.5,64.1,Developing,0
PLR-1616,Liam Mbappe #717,Norway,Ligue 1,Rennes,Forward,25,179,85,Right,Low,Medium,73.3,71.9,61.7,74.6,77.0,56.0,66.2,71.3,63.1,54.0,70.4,74.0,78.0,43.1,33.1,25.7,58.5,59.4,61.8,77.2,1778,22,0.34,0.1,65.0,40.0,8.8,2.58,68.4,Developing,0
PLR-1617,Enzo Tanaka #718,Argentina,Serie A,Atalanta,Forward,22,167,80,Right,Medium,High,75.8,76.7,68.5,57.6,70.8,60.4,71.6,72.0,66.4,66.4,60.7,71.2,64.0,31.8,39.7,32.4,54.3,63.9,62.7,79.2,2193,28,0.24,0.16,65.0,40.0,8.8,5.21,71.1,Star,1
PLR-1618,Lucas Hakimi #719,Canada,Serie A,Roma,Defender,30,183,70,Right,Medium,High,69.0,80.0,80.8,86.2,67.9,84.2,68.5,54.7,77.8,72.2,58.0,45.1,66.8,94.8,92.6,82.6,67.0,80.1,77.1,75.5,2463,31,0.05,0.1,72.0,82.3,,22.29,89.9,Elite,2
PLR-1619,Kaoru Silva #720,Netherlands,Premier League,Manchester United,Defender,23,177,68,Left,Medium,Medium,73.7,73.1,77.0,80.6,64.4,73.6,71.3,62.6,78.3,69.3,52.4,45.8,67.6,83.0,89.9,86.8,63.3,69.4,79.9,71.2,1674,21,0.02,0.08,72.0,85.9,9.08,16.7,81.7,Star,1
PLR-1620,Gianluigi Mendes #721,Spain,Premier League,Arsenal,Forward,24,187,78,Right,High,Medium,94.1,99.0,85.9,79.9,90.0,95.0,90.3,98.1,92.0,76.4,83.9,99.0,98.0,49.6,36.6,38.5,83.8,83.7,85.2,62.5,2277,29,0.7,0.43,77.5,40.0,9.22,81.4,94.5,Elite,2
PLR-1621,Rafael Donnarumma #722,Argentina,Premier League,Newcastle,Forward,31,173,67,Right,Medium,High,82.5,90.1,72.7,64.5,88.1,80.2,74.4,85.6,66.8,68.7,65.9,83.7,88.2,46.1,43.5,31.7,73.2,79.5,77.5,68.8,3054,38,0.35,0.22,65.0,40.0,9.01,12.34,81.5,Star,1
PLR-1622,Federico Foden #723,Argentina,Bundesliga,VfB Stuttgart,Midfielder,30,180,79,Right,High,High,78.7,87.7,94.4,67.4,91.4,82.5,87.7,80.9,98.7,97.7,85.7,74.5,80.1,76.5,68.7,63.8,95.5,80.4,90.2,65.2,959,12,0.19,0.85,87.9,53.4,12.36,22.09,90.3,Elite,2
PLR-1623,Nicolo Mendes #724,Japan,La Liga,Athletic Club,Midfielder,26,176,64,Right,Medium,High,78.4,72.8,79.0,62.0,72.9,73.1,80.7,78.4,80.2,81.8,77.3,72.7,67.4,68.2,62.1,60.3,82.6,72.2,62.0,72.5,2502,32,0.14,0.63,75.0,52.0,,6.62,78.8,Star,1
PLR-1624,Rodri Dias #725,Canada,La Liga,Atletico Madrid,Midfielder,21,177,71,Right,Medium,Medium,63.0,67.7,85.7,74.5,77.6,67.0,79.6,71.9,82.8,83.4,74.2,63.7,78.5,58.4,67.1,64.0,77.6,77.5,70.6,69.0,2736,35,0.12,0.64,75.0,52.0,10.65,17.35,81.3,Star,1
PLR-1625,Kylian Smith #726,Canada,Bundesliga,RB Leipzig,Midfielder,25,182,74,Right,Medium,High,75.8,80.4,91.8,81.7,85.0,67.4,94.8,87.3,94.8,95.7,82.4,73.4,83.9,75.9,73.1,70.4,97.0,83.5,70.9,73.2,831,10,0.17,0.85,82.0,62.7,12.06,51.42,92.4,Elite,2
PLR-1626,Darwin Haaland #727,USA,Premier League,Manchester City,Midfielder,28,177,75,Left,Low,Low,79.7,78.1,78.7,74.6,74.5,63.3,83.0,78.8,80.8,90.5,82.7,70.9,75.3,66.6,55.8,59.7,81.2,73.4,72.6,72.1,2077,26,0.15,0.59,76.6,53.8,,7.66,77.9,Star,1
PLR-1627,Antony Kroos #728,France,La Liga,Atletico Madrid,Defender,27,188,79,Right,Medium,Medium,72.3,67.4,72.3,81.1,68.0,75.2,71.5,67.1,66.2,62.7,56.5,40.9,72.7,85.0,88.0,85.4,58.7,72.1,63.8,73.3,2557,32,0.02,0.01,72.0,80.8,8.5,15.93,82.3,Elite,2
PLR-1628,Antony Musiala #729,Canada,Ligue 1,Paris Saint-Germain,Forward,22,185,68,Right,Medium,Medium,83.9,96.2,73.3,76.6,87.3,76.8,91.8,81.5,76.4,64.1,79.2,93.8,79.2,52.8,43.6,29.8,72.5,70.7,74.5,78.6,2136,27,0.5,0.4,65.0,40.0,9.49,20.86,84.3,Elite,2
PLR-1629,Marcus Dias #730,Uruguay,La Liga,Real Sociedad,Forward,23,175,71,Left,Medium,High,87.0,93.4,72.3,72.0,87.1,80.1,81.7,85.4,78.0,70.1,81.3,94.9,88.2,47.1,41.1,33.5,74.3,76.8,80.7,68.7,1747,22,0.6,0.33,65.0,40.0,9.31,28.03,86.9,Elite,2
PLR-1630,Bukayo Santos #731,France,Serie A,Roma,Defender,28,175,80,Right,High,Low,70.3,66.7,72.8,82.5,66.1,77.8,59.1,65.5,63.0,68.5,54.7,43.6,64.4,85.3,87.3,86.8,66.3,69.6,74.3,77.8,1497,19,0.02,0.12,72.0,79.5,8.5,19.12,84.1,Elite,2
PLR-1631,Pedri Van Dijk #732,Senegal,Serie A,Napoli,Defender,29,181,80,Right,High,High,54.1,54.3,,69.8,48.8,63.6,50.0,48.5,54.9,58.4,52.4,30.0,55.7,65.0,72.0,75.9,58.8,58.9,61.4,73.4,2356,30,0.01,0.06,72.0,67.7,8.5,0.5,65.5,Developing,0
PLR-1632,Virgil Mueller #733,Colombia,Premier League,Newcastle,Midfielder,23,183,65,Right,Medium,High,74.0,72.2,70.7,65.4,68.5,55.1,73.5,71.4,68.5,77.7,73.8,63.2,63.8,63.2,58.6,63.5,76.8,65.9,61.8,,1685,21,0.12,0.51,75.0,55.6,9.91,7.95,71.9,Star,1
PLR-1633,Kevin Silva #734,Morocco,Bundesliga,Borussia Dortmund,Midfielder,27,174,72,Right,Medium,High,74.1,68.7,80.9,57.9,75.1,69.9,76.5,75.1,73.7,69.1,77.5,57.9,72.8,62.3,67.7,58.7,70.2,72.3,60.4,63.9,2613,33,0.13,0.35,75.0,57.2,10.28,7.16,76.3,Star,1
PLR-1634,Dominik Rodri #735,Argentina,Serie A,Atalanta,Forward,20,177,67,Right,Low,Low,63.5,71.4,55.0,58.3,65.6,54.8,58.0,65.1,58.9,44.9,51.4,73.7,61.9,37.8,38.1,22.4,50.4,49.3,52.1,75.3,1574,20,0.36,0.02,65.0,40.0,8.8,3.79,64.0,Developing,0
PLR-1635,Theo Barella #736,Uruguay,La Liga,Villarreal,Midfielder,27,173,86,Left,High,Low,69.1,72.7,84.4,72.1,68.1,63.1,77.7,76.2,82.0,85.3,73.6,68.3,67.5,63.9,60.7,47.2,73.4,69.1,70.4,66.4,2780,35,0.16,0.53,75.2,52.0,11.12,7.57,78.8,Star,1
PLR-1636,Mateo Jones #737,Norway,Serie A,Juventus,Midfielder,24,170,69,Right,Medium,Medium,75.2,65.5,71.2,51.8,66.6,63.0,68.2,69.1,72.3,70.3,66.8,49.9,63.6,61.7,54.6,51.8,65.1,64.1,66.5,62.1,2245,28,0.02,0.32,75.0,52.0,9.98,4.08,68.7,Developing,0
PLR-1637,Dominik Mendes #738,Uruguay,La Liga,Girona,Forward,23,177,67,Right,High,Medium,94.7,79.2,70.2,62.3,79.2,73.9,84.1,84.7,72.9,63.6,70.5,90.4,84.3,40.5,31.1,35.5,75.9,80.3,76.7,71.9,1253,16,0.66,0.2,65.0,40.0,8.8,29.01,85.0,Elite,2
PLR-1638,David Rodri #739,Morocco,Bundesliga,Bayern Munich,Forward,19,187,66,Right,High,Medium,68.7,74.1,68.9,58.6,60.0,56.3,71.0,73.0,60.9,55.8,53.5,74.9,69.1,30.0,33.8,22.0,51.5,52.2,56.7,83.0,990,12,0.33,0.1,65.0,40.0,9.02,4.49,68.5,Developing,0
PLR-1639,Bruno Rodri #740,Brazil,La Liga,Real Sociedad,Midfielder,28,176,73,Right,High,High,73.8,75.8,85.1,70.2,83.4,74.0,91.9,82.9,84.1,86.6,75.4,67.5,82.9,71.6,68.2,55.8,86.0,73.5,72.1,67.2,1554,19,0.17,0.63,76.8,52.0,11.41,15.48,81.4,Star,1
PLR-1640,Alessandro Mendes #741,Brazil,La Liga,Real Madrid,Forward,21,178,76,Right,Low,High,92.5,87.9,86.5,74.2,86.0,79.7,85.3,88.2,,76.1,80.6,99.0,95.2,33.0,44.3,33.9,77.0,79.9,69.3,71.1,2662,34,0.85,0.3,65.0,40.0,,53.58,91.2,Elite,2
PLR-1641,Carlos Oblak #742,England,La Liga,Real Madrid,Midfielder,21,178,67,Left,High,Medium,65.1,69.2,73.9,57.0,73.0,60.1,77.3,73.1,81.5,80.0,74.3,65.3,70.9,61.5,65.4,65.2,70.0,63.5,70.3,76.7,3068,38,0.1,0.72,75.0,56.4,9.9,8.14,72.8,Star,1
PLR-1642,Ederson Musiala #743,Portugal,Ligue 1,Nice,Forward,28,189,72,Right,High,High,96.2,99.0,86.5,70.0,91.1,78.5,91.5,89.2,78.3,67.7,74.0,99.0,93.1,47.9,48.5,27.7,72.4,91.9,80.3,67.3,2756,35,0.86,0.43,65.0,40.0,9.6,62.9,94.5,Elite,2
PLR-1643,Gavi Diallo #744,Morocco,La Liga,Athletic Club,Midfielder,29,180,79,Right,High,Medium,55.0,56.0,66.4,50.4,58.0,48.9,62.0,58.0,65.0,67.7,56.8,51.9,57.5,45.0,51.8,45.1,56.4,49.8,46.0,76.0,2524,32,0.02,0.09,75.0,52.0,9.8,0.5,61.4,Developing,0
PLR-1644,Pedri Modric #745,Croatia,Ligue 1,Monaco,Forward,30,184,72,Right,Medium,High,73.0,77.0,66.5,59.6,73.2,61.2,74.7,77.7,63.4,51.8,72.3,73.7,70.1,30.0,42.0,22.0,64.2,68.2,64.4,74.8,1372,17,0.28,0.22,65.0,40.0,8.8,4.08,72.6,Star,1
PLR-1645,Declan Foden #746,Croatia,Serie A,Juventus,Defender,25,185,83,Left,Medium,Low,83.4,74.9,77.5,81.7,66.4,79.4,67.6,66.0,74.6,65.8,55.6,37.6,78.7,94.5,87.8,79.9,75.4,78.8,80.4,71.5,2615,33,0.04,0.07,72.0,81.7,8.73,24.3,87.5,Elite,2
PLR-1646,Dominik Kroos #747,Belgium,Ligue 1,Nice,Midfielder,30,177,68,Right,Medium,Medium,59.1,67.4,75.3,64.2,73.1,58.7,78.1,74.2,80.8,75.3,72.7,66.0,71.4,69.1,61.0,52.3,84.7,76.6,58.9,77.9,2511,32,0.08,0.7,75.0,56.4,10.3,5.53,74.7,Star,1
PLR-1647,Lucas Davies #748,France,Premier League,Aston Villa,Defender,23,197,75,Right,Medium,High,80.5,78.6,88.8,94.1,71.0,85.1,67.6,66.0,71.6,85.5,61.5,54.8,82.9,93.5,95.9,87.7,72.6,83.4,83.3,79.7,2219,28,0.11,0.15,72.0,86.5,9.8,50.11,90.8,Elite,2
PLR-1648,Mike Hakimi #749,Senegal,Ligue 1,Monaco,Defender,24,185,76,Right,Medium,High,85.5,75.8,75.9,90.2,67.3,82.0,73.1,66.9,76.3,76.4,74.1,44.0,69.2,91.2,86.3,90.4,83.2,76.1,88.9,65.0,2822,36,0.07,0.16,72.0,81.0,,41.41,88.1,Elite,2
PLR-1649,Alisson Camavinga #750,Nigeria,Ligue 1,Marseille,Midfielder,24,185,75,Right,Medium,High,78.2,73.3,86.4,67.9,82.4,66.8,88.5,77.3,84.3,86.4,72.3,71.3,74.9,62.6,61.1,68.6,88.5,80.5,79.8,68.2,1764,22,0.06,0.69,75.0,52.0,11.49,20.59,82.4,Elite,2
PLR-1650,Virgil Kim #751,USA,Serie A,Roma,Forward,19,178,84,Right,High,Medium,89.0,84.2,80.4,71.5,85.1,75.3,83.5,84.7,81.0,64.3,73.9,92.3,92.8,50.9,45.6,26.6,69.5,78.4,81.0,62.5,1106,14,0.58,0.29,65.0,40.0,9.5,32.04,87.4,Elite,2
PLR-1651,Ederson Bastoni #752,Croatia,Bundesliga,Bayer Leverkusen,Midfielder,32,183,74,Right,Medium,High,66.2,61.6,71.0,69.4,66.8,61.7,73.4,78.3,78.5,76.2,73.0,74.6,70.9,59.2,63.3,47.8,78.5,72.4,70.6,69.4,2416,30,0.15,0.51,75.0,57.3,10.03,3.55,74.4,Star,1
PLR-1652,Osimhen Haaland #753,Nigeria,Bundesliga,Bayern Munich,Midfielder,22,174,70,Right,Medium,Low,61.1,72.4,84.0,62.0,83.1,66.9,84.2,81.9,82.9,85.5,67.3,72.3,73.3,65.2,70.7,69.8,79.4,78.3,75.9,74.2,3032,38,0.19,0.74,75.0,57.1,10.96,14.09,78.8,Star,1
PLR-1653,Vinicius Hernandez #754,Nigeria,Premier League,Arsenal,Defender,30,191,77,Left,Medium,Medium,74.3,67.8,67.9,89.3,69.4,81.5,65.4,62.9,74.3,71.1,55.7,52.3,66.6,87.8,89.0,91.7,70.4,72.0,82.6,68.2,2107,27,0.05,0.08,72.0,73.8,8.5,11.22,84.2,Elite,2
PLR-1654,Dominik Mendes #755,Senegal,La Liga,Athletic Club,Midfielder,28,180,80,Right,Low,Medium,59.4,56.0,65.0,56.1,58.3,51.8,63.3,60.8,71.9,60.9,56.3,58.2,58.8,46.9,50.2,39.6,68.5,61.0,57.8,82.9,2187,28,0.02,0.43,75.0,52.0,9.8,0.5,65.7,Developing,0
PLR-1655,Leo Schmidt #756,Senegal,Bundesliga,VfB Stuttgart,Forward,24,183,79,Left,High,High,81.0,87.6,,74.9,79.6,78.4,83.8,77.5,72.7,62.6,69.6,91.8,81.2,34.5,35.7,29.8,71.6,74.2,70.4,,1669,21,0.69,0.33,65.0,40.0,8.95,21.5,82.4,Elite,2
PLR-1656,Florian Jones #757,Uruguay,Premier League,Arsenal,Midfielder,28,177,71,Left,High,Medium,69.2,60.9,80.2,70.7,78.6,60.4,79.4,78.2,80.8,83.1,69.6,66.3,67.3,60.8,62.4,52.6,75.7,72.5,68.2,72.2,2632,33,0.17,0.56,76.9,52.0,10.08,8.12,78.8,Star,1
PLR-1657,Mateo Davies #758,Germany,Ligue 1,Rennes,Midfielder,18,170,72,Right,High,High,55.8,60.8,,55.6,62.6,57.8,64.2,74.2,70.4,69.6,67.4,57.8,62.0,49.5,55.5,48.5,67.5,53.5,59.5,78.4,2002,25,0.02,0.35,75.0,52.0,9.97,4.57,66.5,Developing,0
PLR-1658,Victor Haaland #759,Japan,Premier League,Aston Villa,Defender,22,181,77,Right,High,Low,79.7,64.4,75.8,83.6,65.0,87.6,66.1,63.7,72.1,65.9,61.5,43.3,72.6,85.9,77.8,77.6,65.3,77.4,78.4,59.9,2539,32,0.07,0.12,72.0,72.8,8.78,12.99,81.1,Star,1
PLR-1659,Mike Hernandez #760,Argentina,La Liga,Barcelona,Midfielder,27,177,72,Right,Medium,Medium,60.7,65.9,71.4,62.1,76.6,65.8,73.0,70.2,81.0,81.8,60.4,63.6,66.8,57.7,65.5,48.0,78.1,55.8,67.4,79.9,2512,32,0.13,0.55,75.4,58.3,9.8,6.57,72.3,Star,1
PLR-1660,Pedri Kim #761,South Korea,Premier League,Chelsea,Midfielder,27,184,62,Right,Medium,Low,55.0,56.0,65.0,53.1,59.5,47.8,62.0,62.8,65.7,72.3,57.9,48.0,56.6,47.9,42.0,46.8,60.9,64.2,55.4,73.3,2190,28,0.02,0.29,75.0,52.0,9.8,3.67,64.7,Developing,0
PLR-1661,Alejandro Bastoni #762,Uruguay,La Liga,Barcelona,Goalkeeper,29,194,78,Right,High,Medium,45.7,47.0,40.0,71.8,53.9,70.8,42.2,34.6,,59.3,22.1,21.3,60.0,25.0,18.7,20.4,60.1,74.3,68.3,69.6,2740,35,0.0,0.0,48.0,50.0,3.8,12.96,80.8,Star,1
PLR-1662,Alphonso Dias #763,Morocco,Premier League,Tottenham,Midfielder,24,189,75,Right,High,High,66.6,64.7,82.2,70.4,65.7,63.5,66.2,70.5,76.8,70.4,67.4,56.7,69.9,59.6,64.9,45.8,72.2,62.0,55.4,85.8,2560,32,0.11,0.34,75.0,55.1,,7.02,70.1,Developing,0
PLR-1663,Declan Donnarumma #764,England,Serie A,Inter Milan,Forward,30,182,77,Right,Medium,Medium,78.0,84.0,71.3,74.0,78.3,72.8,77.0,85.6,74.0,68.4,62.4,82.7,79.6,49.7,30.1,29.1,76.9,81.6,75.7,84.7,1604,20,0.45,0.28,65.0,40.0,8.8,5.69,79.0,Star,1
PLR-1664,Federico Maignan #765,Norway,La Liga,Real Madrid,Forward,18,179,72,Right,High,Low,86.0,84.3,80.2,69.5,83.9,77.7,84.0,88.3,81.0,65.9,74.4,86.6,82.6,46.8,48.4,35.6,65.4,73.3,90.2,65.5,2177,27,0.48,0.22,65.0,40.0,9.12,26.13,85.2,Elite,2
PLR-1665,Moises Haaland #766,Spain,La Liga,Athletic Club,Forward,31,183,80,Right,Low,Medium,78.6,76.6,69.7,69.3,77.5,76.9,77.9,76.4,64.2,63.4,66.8,77.3,79.1,49.0,35.8,41.0,69.7,73.8,55.2,79.6,1820,23,0.38,0.28,65.0,40.0,8.8,2.22,73.8,Star,1
PLR-1666,Declan Bastoni #767,Belgium,Ligue 1,Nice,Forward,29,179,69,Right,High,Medium,75.8,72.7,68.6,60.8,72.8,64.2,69.7,75.7,64.7,65.6,67.6,81.2,73.0,30.0,30.0,26.9,61.3,67.7,64.2,75.6,1988,25,0.54,0.19,65.0,40.0,8.8,8.82,73.1,Star,1
PLR-1667,Liam Musiala #768,Nigeria,Ligue 1,Nice,Forward,28,171,81,Right,Low,High,72.5,76.3,68.2,61.8,64.6,64.9,65.2,70.0,61.7,56.1,59.1,72.5,72.9,41.9,25.8,30.3,54.2,66.8,51.9,79.1,3026,38,0.3,0.1,65.0,40.0,8.8,2.68,67.0,Developing,0
PLR-1668,Son Tchouameni #769,USA,Serie A,Juventus,Forward,26,183,76,Right,Medium,Low,87.0,87.3,81.2,79.7,82.9,83.4,88.0,88.5,79.8,69.7,80.1,97.7,83.5,41.8,50.3,41.9,78.2,80.1,88.3,64.1,2370,30,0.69,0.32,65.0,40.0,9.71,27.05,88.0,Elite,2
PLR-1669,Alisson Oblak #770,Nigeria,Serie A,AC Milan,Midfielder,26,178,73,Right,High,Medium,75.7,84.1,92.6,72.9,74.6,69.0,86.9,79.8,85.9,92.2,78.5,82.3,78.8,71.0,65.6,71.4,87.9,78.7,77.6,69.8,3420,38,0.13,0.68,79.0,56.4,11.95,11.82,80.8,Star,1
PLR-1670,Vinicius Haaland #771,France,La Liga,Atletico Madrid,Forward,24,172,71,Right,High,High,77.2,77.2,74.4,59.3,75.6,71.5,68.8,72.5,70.6,52.9,64.0,88.1,78.4,39.8,40.3,30.8,68.4,69.4,73.6,65.3,1754,22,0.57,0.23,65.0,40.0,8.8,7.88,75.3,Star,1
PLR-1671,Alisson Hakimi #772,South Korea,Ligue 1,Paris Saint-Germain,Defender,24,198,83,Right,Medium,Medium,65.8,67.4,67.7,84.4,65.8,58.3,63.4,53.7,65.9,64.2,49.4,38.2,54.5,81.7,78.9,76.9,63.9,77.1,65.6,77.5,2187,28,0.11,0.12,72.0,65.1,8.5,12.88,77.2,Star,1
PLR-1672,Antony Jones #773,England,Serie A,AC Milan,Forward,27,178,73,Left,High,Medium,61.4,62.0,55.0,53.8,63.0,56.1,59.5,62.6,50.9,44.6,51.8,68.2,66.5,30.8,25.0,25.7,49.3,57.8,59.1,80.9,2173,27,0.24,0.02,65.0,40.0,8.8,5.36,61.2,Developing,0
PLR-1673,Kevin Smith #774,Italy,Bundesliga,Bayer Leverkusen,Midfielder,29,179,72,Left,High,High,71.8,73.2,80.4,63.4,74.8,66.4,79.5,78.1,85.4,87.5,66.9,62.6,72.5,58.8,58.2,59.5,81.7,78.6,66.7,76.5,1457,18,0.16,0.64,75.0,52.0,10.13,9.56,79.2,Star,1
PLR-1674,Thibaut Bellingham #775,Norway,La Liga,Real Madrid,Midfielder,28,173,71,Right,High,Medium,80.2,81.3,92.1,73.5,83.4,78.3,87.7,85.6,82.4,89.8,91.8,64.1,87.2,73.5,59.9,63.9,90.3,73.7,68.9,65.0,3115,38,0.17,0.85,75.6,52.7,11.43,13.5,83.8,Elite,2
PLR-1675,Gabriel Saka #776,Croatia,Serie A,Napoli,Goalkeeper,28,188,89,Right,Medium,Medium,47.6,58.0,40.0,74.9,59.2,66.7,39.9,30.5,50.0,46.4,20.0,20.6,63.0,45.6,18.0,19.7,62.7,70.3,81.7,62.6,2310,29,0.0,0.0,48.0,50.0,3.8,4.64,76.4,Star,1
PLR-1676,Alphonso Bellingham #777,England,Ligue 1,Rennes,Forward,21,181,76,Left,High,Medium,88.3,97.6,79.0,90.1,87.3,90.9,90.7,91.8,85.3,74.2,79.8,99.0,86.7,40.8,37.9,47.6,71.5,85.4,67.6,78.8,1798,23,0.66,0.27,65.0,40.0,10.0,54.29,90.7,Elite,2
PLR-1677,Rafael Martinez #778,Brazil,Premier League,Tottenham,Midfielder,31,174,69,Left,High,Medium,60.9,59.1,73.2,57.7,67.1,61.0,67.9,59.9,79.2,69.2,60.5,60.0,61.9,49.0,48.1,45.9,71.6,59.9,52.6,65.9,2546,32,0.02,0.47,75.0,52.0,9.8,3.18,67.8,Developing,0
PLR-1678,Erling Foden #779,Italy,Bundesliga,Bayer Leverkusen,Goalkeeper,30,190,83,Right,High,Medium,40.3,42.6,43.3,64.0,51.3,65.9,39.5,25.0,40.0,42.0,20.6,15.0,55.5,31.3,25.6,22.9,56.3,56.9,63.3,75.1,1198,15,0.0,0.0,48.0,50.0,3.8,0.5,69.2,Developing,0
PLR-1679,Trent Diallo #780,Canada,Bundesliga,Bayern Munich,Defender,26,181,74,Right,Medium,High,73.3,68.8,75.1,83.5,60.8,75.7,66.2,60.4,64.3,63.8,58.4,41.7,71.9,78.8,78.5,80.5,60.6,72.6,68.0,74.2,1890,24,0.1,0.14,72.0,66.7,8.6,6.35,78.6,Star,1
PLR-1680,Leo Hakimi #781,Ghana,Ligue 1,Monaco,Defender,27,184,78,Left,Medium,Low,75.4,75.0,76.2,89.8,66.6,78.1,71.0,63.8,70.2,60.7,65.8,50.5,61.7,86.1,84.2,85.3,72.6,65.7,70.7,76.7,1496,19,0.06,0.01,72.0,74.2,9.25,16.05,83.9,Elite,2
PLR-1681,Mike Fernandez #782,Italy,Ligue 1,Paris Saint-Germain,Forward,23,175,72,Right,Low,High,77.4,75.7,61.2,56.1,69.0,63.2,69.0,74.9,65.5,49.4,67.8,73.2,67.0,45.2,28.3,33.1,60.2,71.8,67.3,73.8,2322,29,0.25,0.26,65.0,40.0,8.8,5.18,71.7,Star,1
PLR-1682,Declan Saka #783,Colombia,Premier League,Newcastle,Forward,30,177,79,Right,Medium,Medium,79.4,90.5,68.5,75.5,77.0,69.0,78.2,86.1,67.6,64.9,66.1,84.9,83.7,56.3,33.3,38.6,68.3,72.6,75.1,63.1,2328,29,0.43,0.17,65.0,40.0,8.8,7.11,79.5,Star,1
PLR-1683,Vinicius Mbappe #784,Netherlands,Serie A,AC Milan,Defender,23,187,79,Right,High,Medium,67.7,67.4,66.9,72.0,69.0,71.6,62.3,47.3,63.2,64.4,56.8,49.9,60.5,77.3,85.9,82.6,56.9,71.5,74.5,67.4,2283,29,0.0,0.07,72.0,77.7,8.5,10.88,77.7,Star,1
PLR-1684,Lucas Alvarez #785,Brazil,Serie A,Juventus,Goalkeeper,26,187,80,Right,High,High,47.8,54.0,53.0,86.8,60.4,85.4,39.8,34.8,52.3,50.7,23.1,29.4,73.2,42.7,25.9,32.2,76.8,83.7,75.9,79.2,2218,28,0.0,0.01,48.0,50.0,4.74,15.09,82.8,Elite,2
PLR-1685,Gabriel Fernandez #786,Uruguay,La Liga,Atletico Madrid,Midfielder,28,181,74,Left,High,Low,56.5,60.2,65.0,55.6,63.9,52.4,66.9,64.5,67.7,67.3,57.5,51.7,66.1,46.8,57.0,42.3,72.7,56.3,60.7,71.0,2093,26,0.05,0.38,75.0,52.0,9.8,0.61,64.1,Developing,0
PLR-1686,William Musiala #787,Portugal,Ligue 1,Paris Saint-Germain,Midfielder,22,175,78,Right,Medium,Medium,77.8,71.3,85.6,79.3,73.0,61.9,87.7,78.8,81.0,86.0,76.2,69.0,79.9,61.4,66.7,61.0,81.5,84.8,75.7,64.3,2462,31,0.2,0.67,75.0,53.7,11.21,19.37,82.4,Elite,2
PLR-1687,Kylian Alvarez #788,Ghana,Serie A,AC Milan,Forward,21,174,81,Right,Medium,High,78.3,74.4,60.8,67.5,65.4,61.3,71.7,72.5,71.7,56.0,66.9,71.4,67.5,35.3,36.6,23.6,61.0,58.5,66.4,76.4,1888,24,0.42,0.25,65.0,40.0,8.8,0.5,71.1,Star,1
PLR-1688,Marcus Mendes #789,Belgium,Bundesliga,RB Leipzig,Defender,26,184,84,Left,Medium,Medium,71.1,71.9,76.7,87.8,64.6,81.1,70.9,60.8,72.7,66.2,53.9,43.7,72.5,89.9,91.1,89.0,70.3,69.4,76.9,67.3,2924,37,0.02,0.09,72.0,81.9,8.85,26.23,85.8,Elite,2
PLR-1689,Leo Fernandez #790,USA,Ligue 1,Lille,Forward,25,188,74,Left,Low,High,76.5,85.8,64.1,57.8,79.8,71.2,79.7,73.2,68.9,64.7,58.8,81.4,72.9,37.0,30.4,33.8,63.5,64.1,60.7,84.4,2139,27,0.59,0.15,65.0,40.0,8.8,4.37,75.9,Star,1
PLR-1690,Gabriel Maignan #791,Belgium,Ligue 1,Lyon,Midfielder,24,178,65,Left,Medium,Medium,80.7,68.0,83.8,62.6,77.9,60.9,82.5,71.1,84.1,89.7,71.6,65.7,75.5,67.1,66.3,56.3,79.5,79.1,81.3,68.4,2252,28,0.12,0.58,77.5,56.2,11.04,16.18,81.3,Star,1
PLR-1691,William Traore #792,Belgium,Premier League,Tottenham,Midfielder,22,179,75,Right,High,Medium,80.5,83.2,93.9,86.6,82.0,82.3,88.1,88.7,97.8,98.0,87.9,69.8,84.0,76.7,77.9,61.9,84.8,78.0,84.3,70.2,1827,23,0.13,0.85,85.1,64.0,12.07,42.09,89.4,Elite,2
PLR-1692,Carlos Haaland #793,Germany,La Liga,Real Madrid,Midfielder,24,179,67,Left,High,Medium,68.7,72.5,78.9,59.7,77.3,65.4,74.4,75.0,81.4,76.6,77.1,66.2,70.2,62.3,63.6,56.8,69.2,69.2,72.6,79.5,3358,38,0.13,0.43,75.0,56.4,10.33,10.68,73.7,Star,1
PLR-1693,Alexis Diallo #794,Nigeria,La Liga,Villarreal,Forward,30,182,75,Right,High,Medium,80.0,84.3,72.7,68.0,83.0,65.6,76.3,82.5,58.4,67.5,66.1,84.8,75.5,43.5,38.2,25.7,65.8,67.4,64.7,76.1,1757,22,0.57,0.22,65.0,40.0,9.13,3.88,77.5,Star,1
PLR-1694,Jamal Martinez #795,Morocco,Serie A,Lazio,Forward,18,178,65,Right,Medium,Medium,60.0,62.0,55.4,50.0,60.0,58.4,58.0,60.0,53.7,49.6,55.7,65.3,58.0,30.4,25.0,25.5,50.8,52.1,60.0,76.1,2793,35,0.25,0.02,65.0,40.0,8.8,0.5,60.9,Developing,0
PLR-1695,Khvicha Silva #796,Uruguay,Ligue 1,Marseille,Midfielder,21,177,67,Right,High,Low,62.7,64.2,68.8,55.9,62.6,53.4,74.6,63.5,71.4,75.5,67.6,67.0,65.8,53.3,65.4,54.2,65.3,59.2,41.5,79.6,2800,35,0.22,0.38,75.0,52.0,9.8,5.16,69.5,Developing,0
PLR-1696,Pedri Maignan #797,England,Serie A,Fiorentina,Midfielder,30,173,72,Right,Medium,Low,59.5,58.5,67.3,50.0,58.0,57.8,65.3,62.9,68.4,69.4,59.4,53.8,62.5,63.8,45.3,45.2,60.4,60.7,57.3,80.2,1345,17,0.03,0.29,75.0,52.0,9.8,0.5,64.3,Developing,0
PLR-1697,Mateo Davies #798,France,La Liga,Atletico Madrid,Midfielder,27,175,74,Left,High,Medium,65.2,63.1,79.1,59.7,58.0,57.6,72.6,68.9,75.5,72.3,63.3,60.2,60.4,49.3,58.3,54.4,77.1,60.0,51.1,85.3,2258,28,0.02,0.53,75.0,52.0,10.2,6.3,69.9,Developing,0
PLR-1698,Enzo Rodriguez #799,Ghana,La Liga,Villarreal,Forward,33,178,78,Left,High,Medium,82.9,91.1,85.7,88.8,86.0,77.9,92.8,95.6,88.8,66.9,75.0,99.0,92.9,44.6,48.2,26.6,79.0,88.2,83.2,66.1,1677,21,0.76,0.45,72.3,40.0,9.94,29.06,90.9,Elite,2
PLR-1699,Thibaut Mendes #800,Canada,Bundesliga,VfB Stuttgart,Midfielder,24,178,82,Right,Medium,High,66.4,82.0,77.0,71.2,76.5,67.1,79.0,65.0,83.0,79.0,68.2,63.6,70.4,60.0,58.1,50.9,78.2,68.0,65.8,65.3,1672,21,0.09,0.54,75.0,52.0,10.4,10.25,76.0,Star,1
PLR-1700,Son Maignan #801,Italy,Serie A,Fiorentina,Midfielder,23,178,76,Right,Medium,Medium,65.1,71.2,86.3,65.9,82.3,73.4,81.0,74.8,87.4,79.3,76.2,83.7,71.5,62.7,62.1,56.2,83.5,77.9,75.4,70.8,745,9,0.26,0.61,79.8,54.1,11.13,19.23,81.1,Star,1
PLR-1701,Luka Moreno #802,Spain,Bundesliga,Eintracht Frankfurt,Forward,24,183,73,Right,Medium,Medium,73.3,65.0,55.0,51.9,60.3,57.8,64.5,60.0,58.7,42.0,54.2,74.8,60.8,33.2,26.9,29.5,54.1,58.0,47.1,81.8,1812,23,0.25,0.1,65.0,40.0,8.8,4.51,64.6,Developing,0
PLR-1702,Luka Martinez #803,England,Premier League,Arsenal,Midfielder,28,183,69,Left,High,High,60.2,61.0,66.8,48.0,58.0,56.5,62.0,61.0,70.1,69.6,62.7,54.9,61.3,50.0,58.6,38.7,64.1,62.1,57.7,76.3,1886,24,0.11,0.49,75.0,53.5,9.8,0.8,63.8,Developing,0
PLR-1703,Gianluigi Williams #804,Ghana,Bundesliga,VfB Stuttgart,Forward,21,188,75,Right,Low,Low,85.4,86.6,65.4,65.0,88.9,73.7,84.5,88.1,74.7,68.5,60.4,87.2,69.8,32.8,35.5,30.3,66.8,67.8,77.0,72.9,2585,33,0.57,0.22,65.0,40.0,8.8,20.63,82.5,Elite,2
PLR-1704,Osimhen Davies #805,Brazil,La Liga,Real Madrid,Forward,26,178,80,Right,Medium,Low,83.4,92.3,83.7,79.0,82.1,75.2,82.1,87.5,80.0,67.1,63.4,85.6,82.7,49.8,53.1,35.2,72.1,73.1,75.8,79.3,2408,30,0.46,0.36,68.0,40.0,9.99,12.09,81.0,Star,1
PLR-1705,Jamal Hernandez #806,Uruguay,Serie A,AC Milan,Goalkeeper,31,190,83,Right,Medium,Medium,56.9,51.3,43.0,79.8,67.1,85.5,50.5,33.1,48.3,56.0,35.4,28.2,67.5,35.6,31.4,34.3,74.6,79.2,81.1,70.5,1995,25,0.0,0.0,48.0,50.0,3.8,12.29,82.5,Elite,2
PLR-1706,Cole Moreno #807,Croatia,Premier League,Manchester City,Midfielder,25,188,77,Left,Low,Low,77.2,68.4,76.6,63.1,72.0,61.0,74.5,70.5,76.6,73.4,69.9,61.1,70.3,60.4,56.6,62.3,79.8,66.9,61.8,71.9,2663,34,0.07,0.41,75.0,52.0,9.8,5.82,74.5,Star,1
PLR-1707,Federico Tanaka #808,France,Serie A,Lazio,Defender,29,176,72,Right,High,Medium,74.8,78.8,75.0,79.8,69.2,85.8,79.0,64.9,74.2,70.9,61.3,30.0,67.6,94.8,84.9,88.7,72.9,77.3,94.7,58.2,1828,23,0.02,0.03,72.0,78.6,8.5,18.38,84.4,Elite,2
PLR-1708,Gianluigi Bastoni #809,Argentina,Serie A,Napoli,Forward,27,181,74,Right,Medium,Medium,82.0,77.6,64.4,71.5,76.0,63.2,72.7,72.0,78.5,59.5,55.6,76.0,70.9,41.8,25.7,23.5,64.5,64.5,63.3,83.6,1598,20,0.53,0.28,65.0,40.0,8.8,6.11,72.8,Star,1
PLR-1709,Declan Bellingham #810,Spain,Serie A,Juventus,Defender,24,185,80,Right,High,High,79.0,67.9,76.0,82.9,71.7,78.6,79.1,63.6,76.8,65.3,60.4,47.9,62.5,86.9,92.0,84.1,75.2,66.1,77.0,71.7,1615,20,0.1,0.01,72.0,77.9,9.03,17.23,83.2,Elite,2
PLR-1710,Gianluigi Davies #811,Ghana,La Liga,Atletico Madrid,Defender,33,185,84,Left,Medium,High,70.2,66.1,70.9,79.2,62.3,68.5,66.3,64.2,78.0,61.5,61.9,37.7,58.7,81.9,84.4,77.4,69.2,67.5,71.4,72.4,2978,38,0.03,0.05,72.0,81.7,9.31,6.42,81.7,Star,1
PLR-1711,Theo De Bruyne #812,Portugal,Bundesliga,Borussia Dortmund,Midfielder,21,174,80,Right,High,High,69.2,74.3,93.5,79.5,84.2,78.4,92.5,85.5,92.9,91.6,80.7,64.2,86.0,73.9,64.2,72.6,84.7,73.3,74.6,65.1,2439,31,0.13,0.77,82.0,52.1,,45.45,89.2,Elite,2
PLR-1712,Mike Donnarumma #813,Brazil,Serie A,Atalanta,Midfielder,26,172,68,Left,High,Low,66.1,62.7,74.6,61.7,68.9,63.6,75.7,73.8,80.8,73.4,69.5,61.0,75.1,58.8,58.4,52.2,77.3,59.0,63.6,69.2,965,12,0.02,0.57,75.0,52.0,10.27,2.08,73.5,Star,1
PLR-1713,Carlos Traore #814,South Korea,La Liga,Atletico Madrid,Midfielder,18,182,73,Right,High,High,76.1,74.2,87.6,69.6,82.3,71.8,89.6,78.1,86.8,90.6,82.1,78.4,86.8,69.4,72.5,59.2,82.8,70.0,75.5,66.3,2701,34,0.16,0.85,78.8,54.7,11.23,27.39,85.7,Elite,2
PLR-1714,Jan Maignan #815,Morocco,Bundesliga,VfB Stuttgart,Midfielder,26,173,77,Right,Medium,Medium,80.4,89.7,,79.5,88.8,86.4,92.0,88.4,99.0,93.6,83.8,72.4,88.9,69.1,79.8,63.2,91.8,83.7,84.5,66.3,2500,32,0.27,0.79,87.7,64.2,11.16,46.09,91.3,Elite,2
PLR-1715,David Oblak #816,South Korea,La Liga,Atletico Madrid,Goalkeeper,28,189,80,Right,High,High,53.0,44.0,,77.8,61.3,71.0,40.6,25.7,56.8,51.8,21.9,20.7,59.2,43.6,18.0,21.3,68.6,71.2,72.0,72.2,2184,28,0.0,0.02,48.0,50.0,3.8,17.57,82.8,Elite,2
PLR-1716,Liam Hernandez #817,Croatia,La Liga,Real Madrid,Defender,22,181,85,Left,Low,Medium,60.9,64.7,59.0,71.9,61.7,64.2,65.4,44.1,57.5,55.9,53.8,46.6,57.6,65.0,72.9,71.3,57.2,61.3,74.1,64.5,2061,26,0.02,0.07,72.0,66.9,8.5,7.25,71.4,Star,1
PLR-1717,Jude Rice #818,Morocco,La Liga,Barcelona,Goalkeeper,27,189,79,Right,High,Medium,47.3,54.0,40.0,78.2,61.4,78.8,41.9,33.5,50.8,48.0,32.4,23.9,59.9,34.9,25.0,17.7,76.6,74.2,64.4,76.0,2352,30,0.0,0.0,48.0,50.0,3.8,12.63,79.6,Star,1
PLR-1718,Kevin Rodri #819,Canada,La Liga,Real Madrid,Forward,31,179,82,Right,Medium,High,71.4,85.7,82.2,80.6,76.6,73.0,84.7,82.3,74.6,60.8,66.5,85.8,87.1,44.0,47.0,38.0,73.4,82.0,79.6,54.9,1451,18,0.48,0.3,65.0,40.0,8.88,10.81,82.1,Elite,2
PLR-1719,Alessandro Garcia #820,Argentina,Premier League,Chelsea,Defender,28,198,77,Right,High,High,62.9,58.3,68.4,72.9,49.0,66.0,59.3,64.4,58.8,57.1,53.7,37.1,51.6,68.3,69.1,76.5,55.7,63.1,70.7,66.4,2464,31,0.03,0.01,72.0,62.4,8.5,5.9,68.0,Developing,0
PLR-1720,Kevin Haaland #821,Uruguay,Bundesliga,Borussia Dortmund,Goalkeeper,21,191,81,Right,Medium,Medium,49.0,54.8,50.4,80.9,71.2,78.4,35.6,42.9,50.1,61.7,29.5,25.4,68.7,33.3,35.8,28.2,72.4,66.9,76.3,76.1,1579,20,0.0,0.03,48.0,50.0,3.81,20.3,82.0,Star,1
PLR-1721,Alphonso Hernandez #822,France,La Liga,Athletic Club,Forward,27,187,82,Left,High,Medium,78.4,73.7,70.5,67.2,73.8,71.7,76.6,81.9,69.8,56.6,72.0,87.3,75.7,47.4,36.8,38.6,65.7,76.6,68.2,70.6,2670,34,0.58,0.18,65.0,40.0,8.8,9.71,78.4,Star,1
PLR-1722,Enzo Martinez #823,Germany,La Liga,Girona,Forward,34,175,64,Right,Low,Medium,64.2,74.5,67.6,59.0,70.5,64.7,73.6,67.4,63.7,59.3,67.6,75.6,71.5,39.5,38.7,28.7,66.6,74.7,66.9,77.5,1968,25,0.41,0.27,65.0,40.0,8.8,3.51,68.9,Developing,0
PLR-1723,Mateo Mendes #824,Belgium,La Liga,Atletico Madrid,Defender,31,190,86,Right,Medium,High,78.5,74.5,87.2,98.5,74.8,90.6,73.5,69.2,72.9,81.7,63.8,45.7,70.1,98.3,95.7,96.8,74.8,87.2,85.1,64.8,2066,26,0.01,0.19,72.0,88.7,10.23,41.6,94.5,Elite,2
PLR-1724,Alexis Camavinga #825,USA,Ligue 1,Lille,Midfielder,27,179,75,Left,Low,High,81.8,81.9,85.3,72.3,82.6,69.0,90.6,79.6,89.7,87.3,81.9,76.5,81.4,61.0,69.5,66.4,78.8,80.7,68.1,70.6,1925,24,0.1,0.68,79.6,63.9,10.41,13.75,83.2,Elite,2
PLR-1725,Carlos Hernandez #826,Netherlands,Serie A,Fiorentina,Defender,22,185,89,Right,High,Medium,63.1,68.6,68.6,82.7,72.2,80.7,67.6,51.9,71.2,71.4,50.5,42.1,69.3,82.2,86.1,81.2,68.1,62.3,80.6,61.9,1808,23,0.14,0.07,72.0,80.2,8.5,16.54,81.5,Star,1
PLR-1726,Vinicius Rice #827,France,Premier League,Manchester City,Forward,25,185,82,Right,High,High,66.7,64.6,58.0,54.9,64.6,60.7,62.7,66.1,60.6,50.9,55.5,69.2,67.8,30.0,32.2,22.0,53.2,58.1,53.0,82.8,1036,13,0.3,0.11,65.0,40.0,,0.5,66.2,Developing,0
PLR-1727,Jamal Saliba #828,Japan,Premier League,Liverpool,Defender,25,183,86,Left,Low,Medium,72.8,73.0,78.0,88.0,70.3,67.1,60.4,61.7,70.4,63.2,56.9,37.9,68.6,81.1,86.4,86.9,63.5,69.0,69.7,75.4,1561,20,0.03,0.02,72.0,75.7,8.5,13.07,81.6,Star,1
PLR-1728,Trent Mbappe #829,Belgium,Serie A,Fiorentina,Forward,31,181,86,Right,Medium,Medium,73.8,69.0,65.2,59.3,66.5,71.1,74.2,80.5,67.9,55.0,57.2,82.9,74.6,42.8,37.5,37.3,64.3,67.2,70.7,78.8,3420,38,0.48,0.24,65.0,40.0,8.8,2.26,75.2,Star,1
PLR-1729,Son Martinez #830,Netherlands,Premier League,Manchester United,Forward,29,181,77,Right,High,Medium,97.3,89.9,83.6,80.0,87.4,78.0,84.4,90.1,79.5,68.5,77.1,92.3,85.2,32.2,38.8,31.8,74.9,75.2,70.7,74.5,1961,25,0.63,0.36,69.6,40.0,9.19,32.76,88.9,Elite,2
PLR-1730,Khvicha Hernandez #831,Brazil,Bundesliga,Bayern Munich,Forward,22,186,87,Right,High,High,78.7,74.5,75.4,62.1,72.9,72.9,77.4,66.3,67.5,59.0,66.8,79.1,75.0,43.2,40.4,23.1,59.6,72.1,57.5,76.0,2018,25,0.44,0.2,65.0,40.0,8.8,4.91,72.3,Star,1
PLR-1731,Achraf Maignan #832,South Korea,Serie A,Roma,Defender,29,191,78,Left,Medium,Medium,64.4,53.9,70.2,71.0,64.0,63.3,50.0,52.2,62.7,61.6,44.9,30.0,55.1,74.5,75.6,77.8,57.1,65.8,71.4,66.7,2340,30,0.03,0.07,72.0,68.8,8.6,5.74,71.5,Star,1
PLR-1732,Dominik Donnarumma #833,Croatia,Bundesliga,Eintracht Frankfurt,Defender,29,183,78,Right,Medium,Medium,80.7,83.2,72.9,96.6,75.1,87.5,71.1,66.2,81.0,72.0,64.8,46.0,74.2,89.2,99.0,96.2,68.6,74.3,86.5,65.0,2030,26,0.05,0.09,72.0,89.7,9.14,42.67,91.1,Elite,2
PLR-1733,Victor Foden #834,Brazil,Ligue 1,Rennes,Midfielder,24,183,64,Right,Low,High,57.9,57.8,73.9,59.0,66.3,52.4,66.3,63.4,69.4,72.2,60.4,52.7,64.0,66.9,49.8,46.6,68.0,66.1,45.7,74.8,3214,38,0.07,0.23,75.0,52.0,10.56,4.43,65.1,Developing,0
PLR-1734,Erling Hakimi #835,Canada,Premier League,Manchester City,Midfielder,33,181,76,Right,High,Medium,75.2,82.5,84.8,80.4,82.6,72.2,90.8,81.2,88.1,83.5,87.2,72.9,83.3,69.1,64.1,68.4,98.0,88.0,67.8,67.4,2295,29,0.18,0.85,79.9,56.7,11.09,17.46,87.1,Elite,2
PLR-1735,Pedri Modric #836,Croatia,Premier League,Tottenham,Defender,26,187,79,Right,Medium,High,83.2,65.7,66.4,77.5,55.9,81.4,66.9,46.0,,61.8,52.1,44.6,60.8,77.5,75.6,81.2,67.6,64.7,69.5,67.5,2167,27,0.05,0.05,72.0,70.0,8.5,8.19,78.5,Star,1
PLR-1736,Aurélien Hernandez #837,South Korea,Ligue 1,Nice,Midfielder,29,180,75,Right,Medium,Medium,59.4,56.3,65.0,51.1,67.7,49.6,65.3,61.3,65.0,72.8,52.0,48.3,55.2,46.9,48.2,42.2,68.3,59.7,56.9,77.9,1948,24,0.02,0.27,75.0,52.0,9.8,1.98,65.1,Developing,0
PLR-1737,Alejandro Hernandez #838,Portugal,Serie A,Roma,Defender,27,186,92,Right,High,High,76.3,77.5,76.0,86.9,67.6,74.1,69.8,57.4,66.5,60.8,62.6,54.2,71.5,86.0,87.5,85.1,69.5,70.7,77.3,72.4,2563,32,0.11,0.04,72.0,81.0,8.5,12.09,82.0,Elite,2
PLR-1738,Achraf Martinez #839,England,Serie A,Napoli,Midfielder,24,178,73,Left,Medium,Low,80.9,78.6,92.6,67.7,78.1,67.9,81.3,87.7,84.8,82.1,84.0,74.6,76.0,58.5,74.8,71.4,81.1,83.1,73.9,,3420,38,0.17,0.7,75.0,62.0,11.77,19.77,84.3,Elite,2
PLR-1739,Vinicius Garcia #840,Uruguay,Serie A,Inter Milan,Midfielder,26,179,68,Right,High,Medium,66.2,61.9,73.6,62.6,71.8,58.4,67.7,64.0,76.3,78.0,71.8,61.9,70.1,68.0,63.1,57.9,69.5,62.1,64.2,75.4,2510,32,0.08,0.49,75.0,55.9,9.8,5.01,72.5,Star,1
PLR-1740,Mateo Hakimi #841,Italy,Premier League,Newcastle,Midfielder,28,177,68,Right,Medium,Low,66.1,59.4,65.0,50.9,58.0,50.9,62.0,58.0,65.0,64.0,52.5,48.0,58.6,52.4,51.3,45.8,71.2,61.5,52.8,72.1,1547,19,0.03,0.23,75.0,52.0,9.8,0.5,63.5,Developing,0
PLR-1741,Enzo Foden #842,France,Bundesliga,Borussia Dortmund,Midfielder,21,183,66,Right,Medium,Low,57.3,64.0,65.9,57.9,61.5,56.9,65.1,58.7,65.0,69.4,52.0,60.8,59.3,49.9,57.0,38.0,64.0,56.0,60.1,70.2,2366,30,0.08,0.2,75.0,52.0,9.8,0.5,63.2,Developing,0
PLR-1742,Thibaut Barella #843,Netherlands,Bundesliga,Eintracht Frankfurt,Defender,34,177,87,Left,High,High,55.3,50.0,58.0,70.0,56.2,74.9,59.2,50.3,53.5,60.8,48.2,35.8,59.3,71.1,72.8,62.5,64.3,58.2,63.6,71.2,2499,32,0.07,0.03,72.0,64.4,8.5,2.51,68.0,Developing,0
PLR-1743,Takefusa Kim #844,USA,Bundesliga,Bayer Leverkusen,Midfielder,25,171,73,Right,High,Medium,63.3,66.5,81.0,54.3,66.2,60.9,73.0,68.1,72.0,76.6,66.5,64.9,71.1,58.9,64.4,59.1,77.4,74.8,58.0,78.5,1851,23,0.21,0.42,75.0,56.5,10.5,2.7,72.2,Star,1
PLR-1744,Nicolo Tanaka #845,France,Premier League,Newcastle,Forward,23,171,80,Left,Medium,High,96.1,93.7,89.7,74.6,95.8,74.3,92.0,99.0,80.8,72.2,85.7,99.0,94.5,48.1,43.0,30.7,74.9,88.9,81.9,66.9,1121,14,0.81,0.29,65.0,40.0,9.81,70.84,93.4,Elite,2
PLR-1745,Erling Foden #846,Netherlands,La Liga,Real Madrid,Defender,19,179,77,Right,Medium,Low,59.4,76.1,60.1,73.7,56.2,82.0,66.6,59.5,57.4,64.9,68.3,44.1,61.3,76.4,82.6,77.3,60.7,59.9,73.8,74.7,2559,32,0.01,0.05,72.0,79.1,,4.23,74.0,Star,1
PLR-1746,Darwin Moreno #847,Colombia,Ligue 1,Rennes,Midfielder,29,180,66,Right,Low,Medium,82.8,76.1,,82.1,88.3,71.9,90.8,77.3,92.1,88.6,81.0,66.0,72.7,66.8,61.3,58.7,83.9,82.9,72.7,70.7,2476,31,0.08,0.69,82.6,52.0,11.17,17.89,84.3,Elite,2
PLR-1747,Bruno Foden #848,Belgium,La Liga,Girona,Midfielder,30,188,70,Left,High,Medium,70.4,78.3,85.2,74.5,75.5,64.0,83.4,83.1,83.2,90.0,68.5,69.5,71.1,54.7,68.1,60.8,79.5,75.5,67.0,77.0,1718,22,0.1,0.58,75.0,56.5,11.43,5.46,79.5,Star,1
PLR-1748,Alejandro Kim #849,Nigeria,Premier League,Manchester City,Goalkeeper,24,189,80,Right,Medium,Low,51.9,53.2,48.5,94.5,81.2,89.0,44.9,42.7,65.2,69.0,28.2,24.2,66.2,39.8,24.9,24.4,79.6,89.4,85.6,56.0,1555,19,0.0,0.0,48.0,50.0,3.8,49.1,90.5,Elite,2
PLR-1749,Aurélien Moreno #850,Ghana,Bundesliga,RB Leipzig,Midfielder,29,179,67,Left,Low,Medium,65.4,76.6,84.0,65.6,68.2,58.0,81.2,77.5,79.0,87.2,72.0,58.7,68.6,61.5,60.6,62.3,72.7,70.4,60.8,85.6,1954,25,0.09,0.59,75.0,56.6,10.92,9.26,77.1,Star,1
PLR-1750,Virgil Saliba #851,Croatia,La Liga,Girona,Forward,26,176,69,Right,Medium,Medium,64.4,68.5,61.1,50.0,62.4,59.3,63.1,63.6,54.0,59.0,45.0,74.1,60.6,35.8,31.3,22.0,54.4,60.5,53.9,73.0,2515,32,0.4,0.11,65.0,40.0,8.8,4.66,67.4,Developing,0
PLR-1751,Trent Oblak #852,Morocco,Bundesliga,Bayer Leverkusen,Goalkeeper,22,184,80,Left,Medium,Medium,55.4,60.8,58.8,93.2,76.4,83.1,49.0,37.8,59.8,68.8,35.3,23.3,63.0,40.9,28.3,26.6,72.8,87.3,78.6,71.1,2422,31,0.0,0.01,49.2,50.0,4.36,45.8,89.8,Elite,2
PLR-1752,Gabriel Hakimi #853,Norway,Ligue 1,Lille,Midfielder,21,182,75,Right,High,High,55.0,56.0,65.0,49.6,60.7,45.0,65.2,58.0,65.0,60.0,60.9,58.7,59.1,51.5,46.9,51.6,61.0,55.1,50.6,73.3,2136,27,0.08,0.15,75.0,52.0,9.8,2.03,62.2,Developing,0
PLR-1753,Julian Dias #854,Senegal,Serie A,Inter Milan,Midfielder,28,177,67,Right,Low,High,68.9,74.6,85.1,71.5,72.2,62.0,79.6,82.8,82.9,84.8,73.7,66.2,74.5,69.3,67.2,53.4,77.9,74.8,66.7,71.7,2135,27,0.17,0.51,75.0,57.4,10.96,8.28,78.9,Star,1
PLR-1754,Virgil Smith #855,USA,Premier League,Newcastle,Forward,26,183,79,Right,Medium,High,73.6,84.8,73.7,72.8,79.6,68.7,73.0,77.2,69.5,54.4,66.1,82.9,83.0,44.2,32.8,34.6,64.7,84.3,67.9,71.2,1939,24,0.44,0.26,65.0,40.0,8.89,9.66,77.3,Star,1
PLR-1755,Luka Davies #856,Senegal,La Liga,Athletic Club,Defender,25,183,74,Right,Medium,Low,86.2,87.5,81.5,97.9,78.3,93.9,75.8,64.9,80.5,79.9,70.7,46.6,72.8,96.5,99.0,88.8,77.5,88.2,91.0,60.9,2201,28,0.11,0.08,73.7,88.1,9.52,61.29,94.5,Elite,2
PLR-1756,Darwin Van Dijk #857,Norway,La Liga,Villarreal,Midfielder,21,190,79,Right,Medium,High,64.7,58.9,72.2,57.6,68.4,55.8,67.8,67.7,69.7,79.8,63.8,66.3,64.6,52.8,63.3,54.0,76.3,63.7,73.0,77.5,2103,26,0.17,0.45,75.0,57.0,9.8,3.35,68.4,Developing,0
PLR-1757,Achraf Garcia #858,Croatia,La Liga,Barcelona,Midfielder,22,187,76,Right,High,Medium,61.5,57.5,65.0,63.8,66.7,55.7,65.2,63.8,65.0,70.0,52.6,57.9,59.4,54.2,48.0,57.6,69.8,62.9,47.3,82.2,1451,18,0.02,0.38,75.0,52.0,9.8,3.73,65.0,Developing,0
PLR-1758,Rafael Van Dijk #859,Portugal,Ligue 1,Lille,Defender,37,187,85,Right,High,Low,58.3,53.7,77.0,75.8,58.6,68.5,57.0,52.5,63.1,61.3,43.7,32.7,62.1,82.3,83.4,76.1,70.6,67.7,62.5,67.4,2659,34,0.08,0.01,72.0,77.8,8.88,7.56,77.9,Star,1
PLR-1759,Takefusa Foden #860,Uruguay,Ligue 1,Marseille,Defender,25,186,77,Right,High,Medium,63.9,69.3,68.5,66.1,56.4,60.5,63.5,52.2,60.1,59.4,49.5,32.9,56.0,76.9,71.8,76.8,56.5,63.7,68.3,67.1,2732,35,0.01,0.05,72.0,66.8,8.5,5.6,70.7,Developing,0
PLR-1760,Luka Fernandez #861,Italy,La Liga,Athletic Club,Forward,24,182,79,Right,High,Medium,86.6,85.6,67.7,66.0,73.4,74.8,76.8,73.9,77.9,55.1,62.5,84.8,74.8,33.3,43.1,43.6,61.0,70.3,69.6,76.6,933,11,0.47,0.12,65.0,40.0,8.8,14.24,79.2,Star,1
PLR-1761,Takefusa Hernandez #862,Croatia,Bundesliga,VfB Stuttgart,Midfielder,30,173,71,Right,High,Medium,76.6,66.8,87.0,67.5,79.7,67.0,80.3,78.5,90.7,82.5,77.0,66.6,68.1,67.4,85.0,54.4,81.6,76.9,67.3,73.2,1680,21,0.14,0.68,83.2,71.2,10.51,11.34,83.0,Elite,2
PLR-1762,Rodri Valverde #863,Morocco,Ligue 1,Paris Saint-Germain,Forward,25,175,75,Left,Medium,Medium,72.2,67.9,67.8,64.9,69.7,63.3,65.9,74.2,57.2,59.2,64.7,81.4,71.8,34.6,36.4,34.6,57.2,65.2,63.9,74.6,1880,24,0.4,0.11,65.0,40.0,8.8,6.11,72.8,Star,1
PLR-1763,Alphonso Rodri #864,Japan,Serie A,AC Milan,Defender,28,178,79,Left,Low,High,74.7,74.4,77.5,92.6,60.5,83.3,73.2,66.7,76.9,71.6,62.6,42.9,61.3,89.4,88.3,83.8,74.5,70.0,78.7,67.1,1953,25,0.0,0.09,72.0,82.7,8.5,18.56,85.0,Elite,2
PLR-1764,Antony Haaland #865,England,Bundesliga,Borussia Dortmund,Forward,25,175,85,Left,High,High,87.9,91.7,67.7,74.6,87.6,67.9,87.3,80.9,71.4,67.1,74.1,88.5,79.8,36.2,38.7,33.4,64.6,79.5,64.3,72.7,1861,23,0.62,0.24,65.0,40.0,8.8,15.94,82.0,Star,1
PLR-1765,Eduardo Van Dijk #866,Japan,Bundesliga,Bayern Munich,Midfielder,29,174,72,Right,High,High,61.0,74.0,77.8,73.4,64.3,65.4,68.0,73.8,77.5,73.9,68.0,59.2,64.6,61.2,49.6,55.4,73.0,72.0,75.7,77.1,2440,31,0.06,0.62,75.0,52.0,10.63,3.52,73.4,Star,1
PLR-1766,Trent Musiala #867,Japan,Bundesliga,VfB Stuttgart,Defender,24,196,82,Right,Medium,Medium,68.2,62.3,58.8,77.7,68.1,58.0,60.1,54.5,56.6,64.0,45.8,38.0,53.8,70.2,76.3,69.7,57.5,69.7,68.3,72.7,1026,13,0.05,0.08,72.0,71.8,8.5,2.96,69.7,Developing,0
PLR-1767,Jamal Rice #868,Nigeria,Serie A,Fiorentina,Defender,25,193,80,Right,High,Medium,78.9,76.9,70.1,87.3,68.5,80.5,68.0,55.1,67.3,70.5,51.6,35.9,66.2,80.2,87.3,78.5,64.0,75.5,75.8,74.0,2333,29,0.06,0.08,72.0,79.6,8.64,10.3,80.2,Star,1
PLR-1768,David Modric #869,Italy,Premier League,Liverpool,Midfielder,28,180,68,Right,Medium,Medium,55.0,59.4,65.0,53.8,61.1,46.9,62.6,58.4,65.0,65.2,56.4,56.6,56.6,47.3,48.6,47.9,68.2,56.6,49.9,86.4,2234,28,0.02,0.37,75.0,52.0,9.8,1.32,62.8,Developing,0
PLR-1769,Khvicha Fernandez #870,France,Serie A,Atalanta,Defender,27,195,82,Left,Low,Medium,71.2,69.1,71.2,87.5,70.7,84.0,70.8,54.6,70.4,72.7,45.8,52.5,59.3,80.9,88.2,90.4,63.9,69.9,75.4,66.5,2829,36,0.03,0.12,72.0,82.8,,17.62,84.5,Elite,2
PLR-1770,Jude Donnarumma #871,USA,La Liga,Villarreal,Forward,29,183,74,Right,Medium,High,62.5,70.6,55.2,60.7,63.7,55.2,68.0,72.8,62.0,63.1,53.5,69.3,62.8,30.0,39.7,22.0,55.1,61.3,52.6,78.3,2058,26,0.33,0.2,65.0,40.0,8.8,6.39,65.0,Developing,0
PLR-1771,Trent Fernandez #872,Netherlands,Bundesliga,Bayer Leverkusen,Defender,25,174,85,Left,Medium,Medium,68.7,68.1,83.7,91.3,73.7,88.7,55.7,61.8,69.0,70.8,52.4,48.7,72.4,96.6,89.8,89.9,67.7,73.2,88.1,63.8,2045,26,0.01,0.16,72.0,82.8,9.71,24.33,87.3,Elite,2
PLR-1772,Darwin Wirtz #873,Spain,Ligue 1,Nice,Forward,28,195,73,Left,Low,High,60.9,64.5,58.4,58.0,61.4,53.2,61.8,74.9,69.3,53.6,58.3,75.3,60.5,31.5,25.0,30.4,54.2,61.9,69.8,73.2,1831,23,0.39,0.12,65.0,40.0,8.8,4.12,66.3,Developing,0
PLR-1773,Mike Silva #874,USA,Premier League,Manchester United,Midfielder,23,177,68,Right,Medium,High,65.6,67.5,81.5,59.3,74.6,62.3,76.9,77.3,80.7,79.7,79.5,62.6,79.2,62.6,57.3,55.9,78.8,74.0,70.9,57.6,3170,38,0.13,0.56,75.0,52.7,11.16,4.83,76.0,Star,1
PLR-1774,Marcus Saliba #875,Ghana,Ligue 1,Marseille,Defender,19,176,77,Right,High,Low,52.0,57.4,78.5,69.4,59.6,70.1,59.4,50.6,59.6,61.1,50.6,39.5,60.2,70.1,79.1,73.5,57.0,56.2,60.0,70.3,2135,27,0.02,0.05,72.0,72.7,,6.28,69.9,Developing,0
PLR-1775,Alisson Tchouameni #876,Uruguay,Serie A,Lazio,Forward,26,177,77,Right,Medium,Low,85.2,80.8,74.2,65.8,74.4,78.4,79.3,79.9,63.7,62.4,72.5,84.4,78.1,42.3,39.5,29.2,62.4,73.0,66.4,71.6,1579,20,0.54,0.16,65.0,40.0,9.09,8.13,78.9,Star,1
PLR-1776,Antony Barella #877,Canada,Bundesliga,Bayer Leverkusen,Forward,25,172,69,Right,High,High,82.4,86.3,71.8,63.4,75.6,67.3,83.3,81.5,74.9,60.0,70.7,86.9,88.6,40.5,44.0,26.0,76.5,74.6,63.3,70.7,1589,20,0.64,0.26,65.0,40.0,8.8,11.27,81.4,Star,1
PLR-1777,Julian Kim #878,Colombia,La Liga,Girona,Defender,31,179,78,Right,Low,Medium,64.8,70.5,72.8,85.5,67.2,86.6,65.4,52.1,70.0,66.2,60.1,46.0,61.7,80.7,83.5,71.7,67.0,72.9,82.2,70.8,2988,38,0.05,0.06,72.0,71.8,8.64,4.58,79.5,Star,1
PLR-1778,Virgil Mueller #879,USA,Premier League,Liverpool,Defender,25,181,88,Right,Low,High,72.9,75.0,81.5,88.3,67.0,84.6,68.4,61.8,77.5,68.9,57.8,40.9,67.5,92.1,90.6,85.6,72.8,83.3,74.8,69.5,2204,28,0.0,0.13,72.0,82.9,9.58,33.76,88.6,Elite,2
PLR-1779,Trent De Bruyne #880,Spain,Bundesliga,Eintracht Frankfurt,Defender,27,186,88,Right,Low,Medium,68.5,70.4,80.3,83.3,61.8,82.1,60.6,63.9,68.0,69.6,52.4,49.9,59.5,86.7,81.5,90.0,66.1,69.1,85.1,62.2,2377,30,0.01,0.04,72.0,70.4,9.57,13.18,80.5,Star,1
PLR-1780,Bukayo Smith #881,Morocco,Premier League,Arsenal,Defender,26,188,82,Right,Low,Medium,70.4,63.7,73.9,81.8,70.9,79.3,69.2,66.1,71.2,63.4,60.5,50.1,65.7,84.5,83.8,83.6,69.8,79.8,79.8,60.8,1429,18,0.03,0.06,72.0,79.2,8.5,14.28,81.6,Star,1
PLR-1781,Liam Oblak #882,Netherlands,Serie A,Roma,Midfielder,23,176,69,Right,High,Medium,92.0,79.3,93.2,80.9,82.6,83.1,84.1,84.5,90.1,86.8,77.8,77.9,85.4,75.7,63.2,68.5,89.0,78.3,81.8,67.7,2917,37,0.15,0.74,82.7,55.2,12.49,29.08,86.2,Elite,2
PLR-1782,Virgil Tanaka #883,Netherlands,La Liga,Real Madrid,Forward,27,171,69,Right,Medium,High,72.8,83.5,64.7,60.8,68.8,67.0,74.7,77.5,72.7,54.3,57.4,81.8,75.2,45.2,36.4,39.4,65.0,73.3,62.5,78.4,1813,23,0.55,0.27,65.0,40.0,8.8,7.81,77.3,Star,1
PLR-1783,Federico Alvarez #884,France,Bundesliga,Bayer Leverkusen,Midfielder,27,183,74,Right,High,Low,67.4,69.3,82.4,63.4,75.7,53.6,79.0,75.1,70.5,75.0,70.3,67.0,73.5,52.8,59.3,50.2,79.0,61.0,71.7,79.7,1602,20,0.18,0.6,75.0,52.0,10.88,6.33,71.9,Star,1
PLR-1784,Vinicius Hernandez #885,Italy,Serie A,Juventus,Forward,26,182,78,Right,Medium,Medium,95.0,95.1,90.4,85.7,87.3,81.9,89.0,99.0,76.8,68.9,80.8,94.1,93.4,42.8,39.0,35.8,79.7,85.9,90.9,57.9,1176,15,0.61,0.23,65.0,40.0,10.61,59.23,93.9,Elite,2
PLR-1785,Bukayo Mendes #886,Norway,Serie A,AC Milan,Goalkeeper,22,188,87,Right,High,Medium,50.4,50.6,40.0,75.6,47.5,66.8,38.1,27.2,46.4,62.5,30.4,18.2,66.1,43.4,28.4,23.2,65.1,68.5,75.5,72.7,1648,21,0.0,0.0,48.0,50.0,3.8,15.88,79.6,Star,1
PLR-1786,Pedri Diallo #887,Norway,Premier League,Chelsea,Midfielder,28,183,71,Right,High,High,83.2,88.8,88.9,76.3,84.0,77.3,90.6,89.8,93.3,89.9,90.0,76.8,87.0,67.9,67.3,60.8,88.6,81.1,77.6,68.4,1522,19,0.13,0.85,83.9,60.7,11.67,29.24,87.9,Elite,2
PLR-1787,Vinicius Garcia #888,Portugal,Premier League,Aston Villa,Midfielder,29,178,67,Right,Medium,Medium,70.1,62.4,80.3,66.8,73.5,61.0,76.6,74.9,72.5,66.7,70.8,59.9,69.0,61.2,65.0,55.7,72.5,71.5,60.9,69.9,2965,38,0.07,0.49,75.0,55.0,10.56,3.24,72.6,Star,1
PLR-1788,David Kroos #889,Norway,La Liga,Atletico Madrid,Midfielder,21,177,77,Right,High,High,73.3,73.0,88.6,71.4,80.0,70.6,81.9,80.6,82.6,86.1,75.2,67.9,70.6,67.4,65.4,56.6,71.7,72.2,67.2,81.1,2226,28,0.19,0.54,75.0,55.1,11.6,10.14,78.8,Star,1
PLR-1789,Cole Jones #890,Colombia,Serie A,AC Milan,Goalkeeper,33,197,82,Left,High,Medium,35.7,49.3,40.0,76.2,50.9,75.8,31.0,29.5,40.0,49.8,22.5,15.0,57.1,36.2,18.9,18.4,63.2,65.8,52.6,79.6,2170,27,0.0,0.0,48.0,50.0,3.8,5.28,76.5,Star,1
PLR-1790,Theo Davies #891,Brazil,Serie A,Roma,Forward,27,175,66,Right,Medium,Medium,95.5,89.0,77.0,84.5,90.3,83.9,88.2,87.3,73.8,74.0,85.5,98.6,87.4,44.7,46.4,36.7,76.5,74.9,75.8,79.4,2550,32,0.68,0.29,65.0,40.0,9.55,23.9,87.5,Elite,2
PLR-1791,Gabriel Haaland #892,Netherlands,Ligue 1,Marseille,Midfielder,26,173,76,Right,Low,Medium,71.1,77.4,93.2,72.2,85.8,73.2,93.7,80.6,91.9,93.8,82.7,72.4,77.6,60.4,67.4,59.3,85.1,77.7,70.6,64.4,2127,27,0.17,0.73,82.6,53.9,11.97,22.23,85.3,Elite,2
PLR-1792,Jan Davies #893,Argentina,Ligue 1,Paris Saint-Germain,Midfielder,23,176,86,Right,High,Low,71.5,78.4,78.2,67.1,69.0,65.2,74.8,76.5,79.0,78.4,66.0,76.2,71.4,56.9,62.6,48.6,77.2,68.7,63.6,65.2,2437,31,0.22,0.51,75.0,52.0,10.55,11.18,75.7,Star,1
PLR-1793,Son Camavinga #894,South Korea,La Liga,Athletic Club,Midfielder,27,180,67,Right,Low,High,58.5,64.4,76.4,55.6,69.2,51.6,68.8,65.3,67.2,70.7,63.7,61.1,65.0,49.3,60.4,48.4,66.8,63.5,69.3,81.4,1721,22,0.1,0.35,75.0,52.0,11.12,3.74,67.7,Developing,0
PLR-1794,Theo Oblak #895,Belgium,Bundesliga,RB Leipzig,Forward,23,188,79,Left,High,Medium,78.1,82.6,71.0,66.2,74.7,77.5,76.7,84.4,78.4,59.7,64.4,80.1,82.9,40.9,38.1,31.1,64.5,74.6,65.0,74.2,3420,38,0.57,0.25,66.4,40.0,8.8,10.93,77.2,Star,1
PLR-1795,Alessandro Bastoni #896,Argentina,Ligue 1,Rennes,Defender,30,180,83,Right,High,High,59.2,61.0,58.0,66.6,55.4,58.0,50.0,48.4,,54.9,43.8,30.3,53.0,72.7,75.9,68.5,55.1,62.1,66.4,70.7,698,8,0.05,0.01,72.0,71.3,8.5,0.53,67.2,Developing,0
PLR-1796,David Hernandez #897,Canada,La Liga,Girona,Goalkeeper,18,190,82,Right,Low,High,44.1,45.1,40.0,84.4,58.4,88.7,54.2,27.2,56.0,46.9,30.9,28.2,66.5,40.9,24.1,23.7,62.7,69.0,62.0,63.6,905,11,0.0,0.01,48.0,50.0,3.8,25.22,84.7,Elite,2
PLR-1797,Lucas Rodri #898,Norway,Serie A,Fiorentina,Midfielder,23,174,80,Left,Medium,High,59.8,64.2,72.5,60.0,64.6,47.9,71.9,63.1,66.2,68.9,64.8,58.9,56.8,57.7,52.4,51.6,62.6,58.5,51.9,83.8,3381,38,0.08,0.2,75.0,53.7,,0.5,66.2,Developing,0
PLR-1798,Jamal Donnarumma #899,Netherlands,Serie A,Juventus,Defender,30,178,81,Left,Medium,Medium,82.0,80.6,78.0,88.3,74.0,85.7,70.5,60.0,75.5,66.7,65.2,52.0,65.4,88.6,88.4,91.8,71.8,78.4,72.1,73.3,2388,30,0.06,0.14,72.0,81.3,9.68,11.21,85.4,Elite,2
PLR-1799,Erling Modric #900,Senegal,La Liga,Athletic Club,Goalkeeper,29,186,83,Right,High,Low,44.9,47.6,40.0,87.5,60.7,76.9,44.1,29.0,48.5,51.0,20.0,22.3,78.1,34.5,23.9,20.8,73.4,76.5,73.4,68.4,1515,19,0.0,0.0,48.0,50.0,3.8,14.18,84.6,Elite,2
PLR-1800,Gianluigi Davies #901,England,Ligue 1,Marseille,Defender,23,184,80,Right,High,Medium,81.2,79.5,83.1,85.0,68.7,79.9,79.2,69.6,76.1,74.9,62.0,46.7,66.5,85.9,93.7,84.2,68.2,73.9,85.7,63.9,2758,35,0.07,0.14,72.0,84.8,9.06,23.68,84.1,Elite,2
PLR-1801,Son Foden #902,Brazil,Bundesliga,Borussia Dortmund,Forward,28,173,76,Right,Medium,Medium,84.5,87.6,76.0,70.1,77.0,81.1,84.7,84.4,73.5,57.9,77.8,95.0,83.6,46.2,33.7,35.6,69.7,76.8,67.9,73.4,1804,23,0.71,0.26,65.0,40.0,8.89,20.99,85.0,Elite,2
PLR-1802,Virgil Camavinga #903,England,Bundesliga,Eintracht Frankfurt,Midfielder,35,180,76,Right,Medium,High,66.7,66.8,83.1,67.0,75.5,69.3,82.3,78.7,96.8,80.1,65.5,65.7,72.0,67.0,62.1,62.7,87.0,75.5,68.4,79.4,1731,22,0.06,0.85,84.5,52.0,10.41,11.75,82.5,Elite,2
PLR-1803,Carlos Davies #904,Canada,La Liga,Athletic Club,Midfielder,27,170,76,Right,High,High,78.0,84.9,,80.4,80.8,70.9,85.1,82.7,89.7,85.5,70.5,75.2,80.3,68.4,72.9,64.3,88.5,89.5,73.4,72.7,2866,36,0.21,0.73,82.9,62.7,11.6,27.47,87.1,Elite,2
PLR-1804,Antony Kim #905,South Korea,Ligue 1,Rennes,Midfielder,26,178,80,Right,High,Low,55.0,56.0,65.0,59.9,58.0,45.0,62.7,58.0,66.3,64.9,52.0,49.4,52.3,49.8,49.2,38.0,60.5,56.9,51.2,87.1,2307,29,0.04,0.33,75.0,52.0,9.8,1.45,62.2,Developing,0
PLR-1805,Nicolo Saliba #906,Colombia,Ligue 1,Marseille,Defender,19,187,87,Right,Medium,High,70.6,70.9,70.3,83.0,59.1,77.0,54.9,57.0,70.2,68.1,60.7,34.9,56.9,75.1,79.2,75.1,59.7,65.7,68.6,77.0,2064,26,0.01,0.07,72.0,74.8,8.5,6.11,76.0,Star,1
PLR-1806,Nicolo Bellingham #907,Argentina,Ligue 1,Marseille,Goalkeeper,26,193,83,Left,Medium,Medium,36.4,50.9,40.4,70.0,51.2,61.1,32.2,31.4,43.1,50.1,20.6,23.5,56.3,31.3,24.9,23.6,61.0,66.2,55.4,,1818,23,0.0,0.03,48.0,50.0,3.8,6.02,70.1,Developing,0
PLR-1807,Marcus Davies #908,Morocco,La Liga,Barcelona,Goalkeeper,23,182,86,Right,Medium,Medium,35.0,36.7,40.0,62.9,45.0,60.6,32.8,25.0,42.7,42.0,20.0,15.0,45.0,25.0,18.0,15.7,50.1,56.7,57.4,71.6,2446,31,0.0,0.0,48.0,50.0,3.8,0.5,60.5,Developing,0
PLR-1808,Antony Sato #909,Brazil,Ligue 1,Rennes,Midfielder,23,185,74,Right,Medium,High,81.1,76.9,82.4,66.1,78.3,71.9,81.9,70.5,83.8,79.5,78.1,79.7,76.5,68.7,69.1,67.3,78.7,72.3,65.7,67.6,1804,23,0.18,0.62,79.0,62.7,10.69,15.79,80.7,Star,1
PLR-1809,Julian Wirtz #910,Germany,Serie A,AC Milan,Forward,22,173,79,Right,High,High,84.5,85.4,67.4,79.4,85.0,79.7,87.2,94.7,73.5,64.0,77.6,96.0,87.0,33.6,27.7,35.8,68.9,75.3,70.2,65.7,2177,27,0.57,0.19,65.0,40.0,8.8,37.21,87.8,Elite,2
PLR-1810,Osimhen Rodri #911,Japan,Bundesliga,Eintracht Frankfurt,Goalkeeper,27,185,81,Left,Medium,High,35.0,40.8,45.5,76.0,55.0,63.9,35.6,33.6,,46.6,30.5,15.0,53.4,32.8,21.9,17.5,65.0,69.8,62.7,83.9,2641,33,0.0,0.0,48.0,50.0,3.8,5.7,76.0,Star,1
PLR-1811,Liam Fernandez #912,Belgium,Premier League,Manchester City,Defender,25,178,86,Right,Low,High,84.8,89.3,92.9,89.8,67.3,90.9,70.8,71.5,72.0,76.1,70.7,39.0,73.5,94.5,98.7,90.7,77.8,78.7,91.5,65.8,1673,21,0.02,0.18,72.0,89.8,10.29,42.84,92.4,Elite,2
PLR-1812,Gavi Kim #913,Netherlands,Premier League,Liverpool,Forward,21,181,73,Right,Medium,High,65.0,78.5,62.8,57.9,70.1,61.2,60.8,77.0,62.9,58.4,61.8,79.4,73.3,30.0,36.0,24.1,55.4,51.3,56.7,75.2,2319,29,0.29,0.17,65.0,40.0,8.8,1.77,68.4,Developing,0
PLR-1813,Vinicius Davies #914,France,Ligue 1,Paris Saint-Germain,Goalkeeper,26,184,83,Left,High,Low,45.4,42.2,54.9,81.2,59.4,74.3,31.2,38.6,41.4,57.8,20.0,19.8,69.5,26.7,24.8,25.0,66.9,82.2,59.7,70.3,2213,28,0.0,0.01,48.0,50.0,3.8,17.09,83.7,Elite,2
PLR-1814,David Tanaka #915,Uruguay,La Liga,Atletico Madrid,Defender,28,186,70,Right,High,High,79.0,77.8,81.8,83.1,69.9,91.2,77.3,64.7,79.0,74.7,62.5,54.4,67.5,93.3,88.0,92.1,84.2,77.9,90.4,67.1,3420,38,0.01,0.11,72.0,84.5,9.26,26.27,87.8,Elite,2
PLR-1815,Alejandro Williams #916,France,La Liga,Atletico Madrid,Midfielder,25,168,77,Left,High,High,70.8,68.5,73.3,69.1,76.4,59.9,80.5,72.2,84.0,83.3,69.4,66.1,66.7,53.2,61.2,48.5,82.0,69.4,64.0,73.2,1973,25,0.06,0.68,75.0,52.5,9.8,8.32,77.3,Star,1
PLR-1816,Luka Oblak #917,Nigeria,Premier League,Tottenham,Midfielder,21,173,64,Right,Medium,High,79.6,79.9,95.0,63.2,89.1,76.9,94.3,78.2,93.6,94.2,84.6,80.2,84.2,63.0,76.8,63.8,85.8,70.7,70.0,65.9,1304,16,0.28,0.79,84.0,62.9,11.91,36.45,87.9,Elite,2
PLR-1817,Alexis Santos #918,Canada,La Liga,Atletico Madrid,Midfielder,22,188,74,Right,High,Medium,70.5,75.6,86.0,75.5,75.8,58.5,82.4,80.6,89.8,82.2,78.7,75.7,79.0,63.1,62.2,63.3,76.0,72.6,64.7,77.6,1408,18,0.18,0.56,78.9,55.8,11.54,20.18,81.6,Star,1
PLR-1818,Alisson Fernandez #919,Senegal,Serie A,Juventus,Forward,32,167,81,Left,Medium,Medium,63.0,67.0,71.7,65.3,74.8,61.1,67.1,70.3,63.1,50.8,53.9,69.4,67.3,30.0,34.2,22.0,54.0,65.5,64.7,80.0,3277,38,0.22,0.14,65.0,40.0,8.8,0.59,68.2,Developing,0
PLR-1819,Alisson Mbappe #920,Japan,La Liga,Barcelona,Midfielder,22,184,77,Right,Medium,High,63.7,79.3,76.0,66.4,61.0,56.4,75.6,63.3,78.3,72.2,62.0,58.2,73.3,60.9,53.4,57.9,66.8,68.2,59.1,70.4,1152,14,0.02,0.44,75.0,52.0,10.1,3.99,70.9,Developing,0
PLR-1820,Mike Diallo #921,France,La Liga,Real Sociedad,Defender,34,178,76,Left,Medium,Medium,68.5,63.1,73.6,73.9,57.6,69.9,66.6,51.9,60.7,61.9,54.6,40.6,60.3,86.2,85.9,79.3,72.7,71.2,72.0,74.0,1304,16,0.11,0.06,72.0,79.8,8.5,4.55,78.3,Star,1
PLR-1821,William Valverde #922,Spain,Premier League,Chelsea,Forward,30,184,72,Left,Medium,Low,91.8,99.0,84.1,75.4,86.0,79.9,98.0,99.0,85.3,77.0,76.3,99.0,96.0,47.7,36.1,29.6,81.4,81.5,77.5,69.2,1998,25,0.73,0.53,75.1,40.0,9.68,42.29,94.5,Elite,2
PLR-1822,Trent Alvarez #923,Nigeria,La Liga,Barcelona,Midfielder,27,178,73,Right,Medium,High,56.4,65.8,72.3,48.3,69.5,60.8,65.9,68.7,69.7,67.3,64.3,62.6,68.6,64.0,46.0,41.5,65.9,63.2,50.9,85.9,3213,38,0.09,0.43,75.0,52.0,9.8,3.01,65.5,Developing,0
PLR-1823,Kevin Bastoni #924,Spain,Serie A,Lazio,Midfielder,26,189,75,Right,High,High,80.4,76.3,90.1,71.5,80.4,63.2,78.2,75.8,83.4,86.5,69.9,67.3,77.8,66.0,63.4,60.3,76.2,79.4,71.5,69.7,3310,38,0.06,0.59,75.0,52.6,11.54,8.68,79.8,Star,1
PLR-1824,Antony Hernandez #925,Canada,Bundesliga,RB Leipzig,Midfielder,26,183,73,Right,Medium,Medium,69.2,68.9,86.4,77.1,75.1,63.5,89.0,78.2,88.7,90.5,78.6,70.2,72.1,64.4,67.3,67.3,80.5,77.8,66.1,71.7,2396,30,0.14,0.59,78.3,56.9,10.75,19.37,83.4,Elite,2
PLR-1825,Liam Kroos #926,Colombia,Ligue 1,Monaco,Goalkeeper,35,186,85,Left,Medium,High,35.0,37.9,41.4,68.4,73.6,64.9,41.9,35.2,50.8,44.0,32.6,21.1,58.1,32.3,23.0,19.9,63.8,70.5,52.1,73.6,3035,38,0.0,0.02,48.0,50.0,3.8,3.98,73.8,Star,1
PLR-1826,Declan De Bruyne #927,USA,Serie A,AC Milan,Midfielder,28,182,70,Right,High,Medium,80.0,87.7,99.0,67.3,88.7,85.9,94.2,88.4,95.3,91.9,74.7,76.0,85.3,75.8,78.0,72.7,91.1,85.8,81.5,67.5,2088,26,0.19,0.85,88.0,57.1,12.5,48.82,92.1,Elite,2
PLR-1827,Enzo Williams #928,Norway,Bundesliga,VfB Stuttgart,Midfielder,19,176,71,Left,Medium,Medium,75.5,78.3,96.0,72.3,91.4,67.5,82.3,91.9,90.0,87.4,79.2,70.4,85.3,69.8,64.6,64.3,77.1,74.4,69.9,75.6,1986,25,0.19,0.75,80.7,55.9,12.07,31.19,85.5,Elite,2
PLR-1828,Trent Martinez #929,USA,Serie A,Inter Milan,Defender,29,193,83,Right,High,Medium,81.4,85.9,96.0,93.6,69.6,91.2,75.0,67.3,79.1,78.0,75.7,39.9,83.2,93.6,99.0,93.4,77.2,79.2,95.1,64.8,2086,26,0.08,0.11,72.0,86.9,10.74,54.42,93.1,Elite,2
PLR-1829,Cole Diallo #930,Germany,Bundesliga,RB Leipzig,Midfielder,26,177,77,Left,Medium,Medium,81.1,76.2,88.0,75.8,80.6,70.9,82.2,83.1,,83.5,78.2,65.2,82.3,74.4,64.9,61.2,82.0,75.3,73.2,70.0,2380,30,0.02,0.59,76.2,53.3,10.98,16.14,82.7,Elite,2
PLR-1830,Son Mbappe #931,USA,Serie A,Juventus,Forward,22,181,81,Right,Low,Low,87.2,83.1,75.6,67.3,85.2,76.0,77.1,93.3,70.0,60.5,67.6,86.7,76.4,47.0,43.4,37.7,65.1,75.1,63.7,80.5,2346,30,0.55,0.18,65.0,40.0,9.09,23.32,84.3,Elite,2
PLR-1831,Bukayo Kroos #932,Morocco,Bundesliga,Borussia Dortmund,Midfielder,19,177,80,Right,High,Medium,81.8,80.1,99.0,77.1,89.7,72.9,94.6,87.4,95.9,87.6,87.6,73.4,81.0,67.7,68.5,71.2,86.0,73.9,75.5,71.6,1663,21,0.2,0.85,89.5,56.7,12.81,55.35,91.7,Elite,2
PLR-1832,Son Jones #933,Colombia,Bundesliga,Borussia Dortmund,Forward,19,176,82,Right,Medium,Medium,73.2,76.0,73.6,69.0,65.2,72.8,77.1,75.0,67.4,58.7,55.0,79.0,73.7,38.7,32.4,35.4,55.2,56.1,74.7,74.4,2280,29,0.38,0.15,65.0,40.0,9.75,7.08,74.4,Star,1
PLR-1833,Osimhen Davies #934,France,Premier League,Manchester United,Forward,32,183,78,Right,High,Medium,84.2,83.7,72.0,72.9,78.5,80.5,84.3,93.1,74.8,66.1,81.4,97.1,87.7,39.8,44.7,34.7,74.5,82.5,75.0,70.8,2031,26,0.86,0.35,65.0,40.0,8.8,20.0,88.4,Elite,2
PLR-1834,William Smith #935,Norway,Premier League,Aston Villa,Midfielder,19,179,67,Right,Medium,Low,57.7,56.8,72.0,55.9,67.7,67.3,68.4,68.2,73.1,70.1,64.6,68.4,64.1,56.4,53.6,53.8,59.6,62.9,47.7,73.0,2260,28,0.15,0.39,75.0,52.0,10.35,0.61,65.7,Developing,0
PLR-1835,Moises Bastoni #936,Japan,La Liga,Atletico Madrid,Midfielder,25,180,81,Right,Medium,Medium,71.5,86.9,80.0,70.9,78.0,73.2,82.5,81.1,84.9,81.3,66.9,64.0,70.8,65.2,65.0,67.7,76.2,65.0,76.4,66.1,1818,23,0.06,0.69,80.9,58.0,,5.14,78.6,Star,1
PLR-1836,Gavi Moreno #937,Canada,Serie A,Lazio,Goalkeeper,28,186,85,Right,Medium,Medium,35.6,43.0,40.0,72.2,45.0,68.1,35.0,25.8,46.5,44.8,22.1,18.6,57.9,32.4,18.0,15.0,66.4,60.1,67.6,82.7,2110,27,0.0,0.04,48.0,50.0,3.8,1.93,68.9,Developing,0
PLR-1837,Florian Silva #938,Germany,Bundesliga,VfB Stuttgart,Midfielder,27,177,73,Left,High,Medium,60.0,64.5,68.0,50.8,60.0,54.5,63.0,63.6,70.0,67.1,62.4,48.5,57.5,48.4,57.3,60.9,69.2,57.0,58.6,79.3,1992,25,0.02,0.3,75.0,52.0,9.8,0.5,66.3,Developing,0
PLR-1838,Julian Rice #939,Nigeria,Premier League,Manchester United,Midfielder,28,175,73,Right,Low,High,70.7,68.0,79.7,68.1,75.6,62.8,75.5,72.6,82.3,78.3,83.2,64.0,72.0,62.9,60.2,61.5,73.9,59.5,64.8,67.7,2604,33,0.05,0.55,75.5,52.0,10.04,7.69,77.6,Star,1
PLR-1839,Alejandro Hernandez #940,Spain,Serie A,Inter Milan,Midfielder,18,179,73,Right,Low,High,66.4,73.9,89.6,78.0,83.0,72.2,82.1,76.7,83.4,80.9,76.8,67.2,81.6,64.9,66.7,60.4,68.6,69.5,67.3,76.0,2511,32,0.11,0.51,77.2,57.4,11.67,11.53,77.2,Star,1
PLR-1840,Cole Kim #941,Japan,Serie A,Napoli,Forward,26,177,82,Right,Low,Medium,72.5,81.6,69.5,73.0,76.8,73.4,65.7,77.6,64.3,54.5,59.7,82.7,77.6,44.0,33.6,40.2,61.4,72.5,61.7,72.4,2098,26,0.41,0.24,65.0,40.0,8.8,7.16,73.4,Star,1
PLR-1841,Son Bellingham #942,Ghana,Serie A,Fiorentina,Defender,30,189,85,Right,High,Medium,69.5,69.0,76.2,87.9,73.1,76.3,63.9,61.8,68.7,63.2,64.9,50.1,58.8,85.2,88.2,91.0,68.7,75.7,89.5,59.9,2297,29,0.03,0.03,72.0,85.9,8.5,12.09,84.1,Elite,2
PLR-1842,Bukayo Fernandez #943,Nigeria,Ligue 1,Monaco,Forward,22,180,73,Left,Medium,High,72.6,69.6,68.0,64.8,70.9,65.9,64.4,66.3,60.1,62.6,67.7,75.6,75.6,31.5,31.1,39.0,66.8,63.7,68.9,72.3,2550,32,0.39,0.22,65.0,40.0,8.8,3.41,69.8,Developing,0
PLR-1843,William Mueller #944,Brazil,Serie A,Inter Milan,Goalkeeper,25,187,85,Left,Low,Low,48.9,60.7,50.5,82.8,66.6,84.5,45.2,35.5,55.5,56.2,29.2,23.3,59.6,41.3,29.9,28.3,75.8,74.0,81.3,72.8,1796,23,0.0,0.01,49.1,50.0,4.28,17.97,83.2,Elite,2
PLR-1844,William Martinez #945,Uruguay,Bundesliga,RB Leipzig,Forward,27,178,66,Right,Low,Low,76.2,84.7,73.8,70.1,82.3,74.3,81.3,83.1,66.5,63.4,68.8,83.1,79.6,44.1,36.4,39.2,70.1,76.6,63.4,79.4,2368,30,0.45,0.16,65.0,40.0,8.8,10.03,78.8,Star,1
PLR-1845,Liam Moreno #946,Uruguay,Premier League,Arsenal,Midfielder,26,185,76,Left,Medium,High,55.0,63.0,65.1,55.2,62.8,60.5,69.5,70.4,67.6,73.6,65.7,60.4,66.3,58.7,45.3,46.8,65.0,64.0,61.0,84.0,1634,20,0.05,0.33,75.0,52.0,9.8,0.5,63.5,Developing,0
PLR-1846,Eduardo Alvarez #947,Uruguay,Premier League,Manchester United,Forward,29,178,80,Right,Medium,Low,92.1,96.6,,75.5,81.5,82.0,83.7,88.9,80.1,54.3,75.0,94.5,96.9,46.3,55.1,44.8,79.1,87.6,77.8,67.6,2586,33,0.58,0.36,69.5,40.0,10.23,29.33,88.1,Elite,2
PLR-1847,Ederson Smith #948,Uruguay,Premier League,Manchester United,Goalkeeper,25,184,79,Right,High,Medium,52.5,43.5,40.0,81.7,67.2,67.9,43.8,34.3,41.6,52.6,25.0,22.2,54.4,32.1,22.6,19.3,76.8,78.3,77.6,71.4,1497,19,0.0,0.01,48.0,50.0,3.8,13.43,79.6,Star,1
PLR-1848,Gabriel Jones #949,Colombia,Premier League,Manchester United,Midfielder,28,171,81,Right,Medium,Medium,57.6,65.2,73.7,58.9,60.8,52.7,68.6,62.3,70.4,70.1,70.4,52.4,59.8,55.2,49.0,38.0,66.5,57.0,55.2,83.0,2465,31,0.03,0.42,75.0,52.0,9.88,2.22,65.3,Developing,0
PLR-1849,Rodri Rice #950,Colombia,La Liga,Real Madrid,Midfielder,23,181,68,Left,Medium,High,69.6,66.3,78.8,62.6,78.7,66.9,81.1,74.3,80.5,79.8,67.6,58.7,72.2,64.3,67.5,60.5,73.1,64.1,62.1,77.3,2077,26,0.11,0.62,75.0,61.9,10.78,11.6,75.8,Star,1
PLR-1850,Cole Bastoni #951,Argentina,La Liga,Girona,Forward,30,190,81,Right,High,High,76.8,72.4,61.9,74.7,71.6,60.8,66.6,77.2,66.9,59.8,59.3,74.2,75.8,32.5,33.8,25.5,70.8,67.7,66.9,65.9,3231,38,0.36,0.11,65.0,40.0,8.8,0.53,72.1,Star,1
PLR-1851,Erling Diallo #952,Spain,Ligue 1,Paris Saint-Germain,Defender,24,190,75,Right,High,Medium,62.9,71.3,74.5,81.5,69.2,73.8,60.9,56.0,64.2,61.5,53.2,46.4,54.2,81.7,79.2,70.7,65.1,67.2,74.9,65.7,2309,29,0.02,0.07,72.0,71.5,8.9,8.95,75.2,Star,1
PLR-1852,Moises Donnarumma #953,Canada,La Liga,Real Madrid,Forward,24,185,67,Right,Medium,Medium,87.8,83.5,73.6,66.8,76.6,65.6,76.5,83.5,72.2,61.6,71.2,78.6,77.1,40.7,30.3,35.6,69.8,71.3,58.7,79.1,1796,23,0.27,0.33,65.0,40.0,9.66,10.79,77.8,Star,1
PLR-1853,Gianluigi Oblak #954,Norway,Bundesliga,Bayern Munich,Defender,20,183,78,Right,High,Medium,62.6,66.8,60.3,70.8,54.9,72.2,55.5,61.7,65.0,51.2,42.5,38.1,55.3,66.3,71.6,66.9,62.1,63.1,71.8,78.6,1863,23,0.03,0.02,72.0,65.3,8.5,0.5,65.7,Developing,0
PLR-1854,Carlos Mendes #955,Argentina,Premier League,Manchester City,Forward,29,188,73,Right,High,Medium,77.5,80.2,69.8,69.3,79.3,72.7,76.5,79.7,69.7,52.0,67.8,82.2,72.2,56.1,39.1,33.0,70.1,69.8,72.4,75.1,2395,30,0.47,0.31,65.0,40.0,8.8,10.54,78.0,Star,1
PLR-1855,Jude Davies #956,Netherlands,Bundesliga,Eintracht Frankfurt,Forward,24,172,71,Right,High,High,78.8,88.5,77.0,67.8,78.0,71.3,75.3,74.9,74.3,68.8,63.6,86.9,75.2,35.7,33.6,29.7,68.8,71.0,61.6,76.4,1775,22,0.64,0.16,65.0,40.0,9.26,11.19,77.0,Star,1
PLR-1856,Achraf Martinez #957,Ghana,Premier League,Aston Villa,Forward,25,177,79,Left,High,High,81.1,79.2,81.9,70.0,78.4,74.3,81.9,84.0,71.9,65.3,72.0,97.8,83.3,44.5,34.6,39.4,76.1,80.9,73.9,68.5,2159,27,0.66,0.25,65.0,40.0,8.8,25.21,86.6,Elite,2
PLR-1857,Alejandro Camavinga #958,USA,Serie A,Lazio,Midfielder,25,173,68,Right,Low,Medium,64.0,64.5,74.3,62.7,71.7,54.2,69.0,63.6,82.1,73.2,63.6,63.3,60.4,57.3,57.9,49.1,69.0,74.2,54.8,81.6,871,11,0.07,0.5,76.0,52.0,9.8,4.32,71.1,Star,1
PLR-1858,Moises Van Dijk #959,Netherlands,Ligue 1,Lyon,Midfielder,29,176,70,Right,Medium,Low,76.1,80.3,94.5,75.2,86.3,79.2,91.7,85.2,95.7,84.9,81.5,79.5,82.2,74.1,70.4,69.6,91.2,70.6,80.5,67.9,1510,19,0.16,0.84,88.9,59.7,11.7,44.48,91.3,Elite,2
PLR-1859,Cole Camavinga #960,Nigeria,Premier League,Tottenham,Forward,26,185,74,Left,Medium,Low,78.5,86.0,66.9,68.7,84.6,69.0,70.5,81.4,61.7,53.8,66.3,82.2,77.5,53.7,36.8,28.6,63.7,72.0,68.6,77.7,2583,33,0.39,0.18,65.0,40.0,8.8,6.71,77.1,Star,1
PLR-1860,Bukayo Oblak #961,Argentina,Bundesliga,Bayern Munich,Defender,25,183,76,Right,High,Medium,57.4,66.4,64.6,72.2,48.0,68.7,63.0,52.3,60.7,68.5,51.7,30.0,50.4,80.0,74.3,76.8,66.0,67.0,70.0,64.2,1365,17,0.02,0.07,72.0,64.6,8.5,3.78,73.4,Star,1
PLR-1861,Federico Hernandez #962,Argentina,Bundesliga,Bayern Munich,Midfielder,28,175,82,Right,Medium,Medium,63.2,57.9,74.9,58.8,68.6,63.4,70.4,66.9,74.6,70.0,65.5,61.0,61.5,63.4,47.5,56.3,75.1,69.3,60.0,84.5,2420,31,0.09,0.36,75.0,52.0,9.8,4.16,70.9,Developing,0
PLR-1862,Alejandro Mbappe #963,France,La Liga,Villarreal,Midfielder,26,179,73,Right,Medium,High,55.0,56.0,65.0,48.0,58.0,48.9,64.1,58.0,65.0,60.0,52.0,48.0,52.0,47.5,47.3,38.0,59.9,61.1,46.3,85.3,3107,38,0.02,0.19,75.0,52.0,9.8,2.55,60.6,Developing,0
PLR-1863,Mateo Kim #964,Colombia,Bundesliga,RB Leipzig,Midfielder,32,190,77,Right,Medium,Medium,69.3,63.6,69.2,64.7,61.5,50.5,75.6,66.0,81.1,70.0,72.6,69.4,67.0,57.1,54.3,50.7,66.9,70.0,54.4,82.0,2123,27,0.13,0.43,76.7,52.0,9.8,1.52,72.1,Star,1
PLR-1864,Antony Davies #965,Italy,Serie A,Atalanta,Midfielder,27,180,74,Right,High,Medium,63.5,68.0,73.5,64.3,60.3,56.3,74.1,63.1,68.5,70.0,54.3,59.0,55.6,61.2,45.6,54.3,65.4,62.7,69.7,77.6,1271,16,0.09,0.32,75.0,52.0,9.8,5.17,65.5,Developing,0
PLR-1865,Florian Schmidt #966,France,Serie A,AC Milan,Midfielder,26,190,70,Right,Medium,High,71.0,74.9,72.6,56.6,70.6,68.7,76.4,76.9,73.3,75.5,69.9,58.7,65.0,57.4,58.1,50.2,77.3,74.0,70.1,71.3,1648,21,0.04,0.5,75.0,52.0,10.31,6.71,73.6,Star,1
PLR-1866,William Bastoni #967,Nigeria,Bundesliga,RB Leipzig,Forward,24,178,79,Left,Medium,Low,69.4,68.0,55.2,54.3,63.2,57.2,64.4,68.6,55.2,42.0,64.1,64.3,63.2,37.3,37.9,36.9,52.4,58.3,45.2,86.1,2164,27,0.26,0.02,65.0,40.0,8.8,6.04,65.8,Developing,0
PLR-1867,Erling Schmidt #968,Portugal,Serie A,Inter Milan,Forward,23,183,74,Right,Medium,Medium,81.0,90.0,80.1,74.3,85.5,78.7,83.2,88.3,76.0,67.5,76.3,94.6,84.1,49.5,43.3,43.4,67.0,87.1,84.0,74.2,2236,28,0.76,0.23,65.0,40.0,9.85,23.67,84.1,Elite,2
PLR-1868,Ederson Mbappe #969,USA,Bundesliga,Bayer Leverkusen,Defender,29,182,94,Right,Medium,High,72.0,66.3,72.6,95.1,79.2,88.1,70.7,68.2,74.0,76.8,65.9,31.1,66.5,91.8,93.8,86.1,72.1,74.2,76.5,71.3,2026,25,0.08,0.1,72.0,84.9,8.5,31.15,88.2,Elite,2
PLR-1869,Erling Maignan #970,Uruguay,Serie A,Fiorentina,Goalkeeper,25,185,86,Right,High,Medium,52.5,57.0,50.9,83.3,60.3,77.5,48.8,45.7,46.6,54.2,20.0,20.7,62.6,31.9,35.7,29.2,70.3,80.7,70.7,60.0,1285,16,0.0,0.0,48.0,50.0,3.8,24.95,86.3,Elite,2
PLR-1870,Darwin Fernandez #971,Argentina,Bundesliga,Eintracht Frankfurt,Midfielder,24,181,65,Left,Medium,Medium,71.7,66.4,83.9,54.9,66.6,69.3,76.9,73.0,83.1,78.7,63.3,62.4,73.1,63.2,69.0,59.4,74.8,73.5,60.9,75.2,2700,34,0.16,0.57,75.0,55.4,10.97,11.68,79.0,Star,1
PLR-1871,Khvicha Tchouameni #972,Senegal,Ligue 1,Lyon,Forward,28,179,79,Right,High,Medium,83.0,84.6,64.7,60.6,77.6,65.1,70.3,79.2,60.9,55.4,55.1,76.7,72.0,34.8,32.7,22.0,67.8,71.9,61.0,77.6,1226,15,0.41,0.25,65.0,40.0,8.8,6.56,73.7,Star,1
PLR-1872,Alessandro Rice #973,Croatia,Serie A,Juventus,Defender,26,179,78,Right,Low,Medium,93.8,85.7,84.9,99.0,76.1,94.6,86.5,74.0,83.0,77.3,68.3,43.5,79.8,91.4,99.0,98.0,80.0,89.9,86.4,57.0,1974,25,0.1,0.13,72.0,89.7,9.62,61.65,94.5,Elite,2
PLR-1873,Alphonso Hakimi #974,Portugal,Premier League,Manchester City,Midfielder,19,180,71,Right,Medium,High,55.1,60.8,66.3,51.5,67.7,55.7,64.0,58.0,71.9,63.6,56.5,50.8,57.7,54.2,48.5,47.1,55.7,50.5,57.8,76.4,2517,32,0.09,0.21,75.0,52.0,9.83,1.96,61.1,Developing,0
PLR-1874,Florian Courtois #975,Croatia,Serie A,Lazio,Forward,28,170,85,Right,Medium,Medium,78.3,76.1,71.5,70.9,76.0,79.3,80.1,72.0,67.6,62.9,69.6,88.3,84.2,43.6,40.6,24.4,71.2,68.5,79.1,67.6,2007,25,0.52,0.27,65.0,40.0,8.8,7.74,78.5,Star,1
PLR-1875,Alexis Jones #976,Netherlands,Ligue 1,Paris Saint-Germain,Forward,31,185,69,Right,Medium,Medium,69.7,76.4,56.5,55.6,74.0,65.6,71.2,75.8,60.3,60.6,66.0,77.8,73.5,44.8,30.3,33.9,70.1,63.0,72.7,74.2,2791,35,0.4,0.29,65.0,40.0,8.8,2.91,70.6,Developing,0
PLR-1876,Takefusa Silva #977,Spain,Bundesliga,VfB Stuttgart,Defender,25,184,72,Right,Low,High,88.2,81.3,90.9,87.9,71.1,95.1,76.4,70.0,89.9,80.7,73.6,46.0,70.8,99.0,95.9,95.0,76.2,90.8,89.8,73.0,2549,32,0.01,0.11,81.4,92.7,10.13,63.57,94.5,Elite,2
PLR-1877,Luka Valverde #978,Croatia,Bundesliga,Bayer Leverkusen,Defender,26,189,78,Left,Medium,High,88.4,81.1,81.9,96.6,79.4,94.6,80.7,66.2,88.0,85.4,70.3,44.8,78.8,97.9,99.0,98.0,75.4,89.9,93.7,57.7,2190,28,0.03,0.05,78.2,89.6,9.97,61.51,94.5,Elite,2
PLR-1878,Mike Hernandez #979,Argentina,Bundesliga,Bayern Munich,Forward,20,185,64,Right,High,High,82.1,82.5,79.8,64.5,78.9,66.2,76.8,79.7,72.0,56.6,58.9,80.5,81.5,39.5,39.3,28.7,61.1,62.8,67.5,72.3,3420,38,0.41,0.15,65.0,40.0,8.85,7.32,76.0,Star,1
PLR-1879,Aurélien Williams #980,South Korea,Ligue 1,Rennes,Forward,27,179,81,Right,Medium,Medium,90.4,93.6,89.2,81.2,87.4,73.3,81.1,92.8,79.7,64.3,66.9,92.9,83.8,42.9,33.6,41.4,73.0,85.4,79.8,69.9,2671,34,0.63,0.28,65.0,40.0,10.59,28.49,88.0,Elite,2
PLR-1880,Bukayo Fernandez #981,Canada,Ligue 1,Nice,Forward,25,184,75,Right,Medium,High,76.8,71.9,61.9,60.5,78.8,63.0,72.3,71.0,62.7,49.9,67.1,73.9,77.5,41.8,34.5,36.5,71.8,70.5,72.7,76.7,1775,22,0.36,0.29,65.0,40.0,8.8,5.39,74.1,Star,1
PLR-1881,Mateo Silva #982,Nigeria,Bundesliga,Borussia Dortmund,Defender,33,186,71,Right,Medium,Medium,67.7,62.6,71.4,85.0,71.2,71.3,59.3,63.2,68.8,67.4,51.7,41.7,61.1,82.1,83.0,80.7,64.4,75.7,64.6,70.6,2416,30,0.02,0.01,72.0,76.9,8.57,8.27,79.3,Star,1
PLR-1882,Aurélien Haaland #983,Senegal,La Liga,Atletico Madrid,Forward,22,176,84,Right,Medium,Medium,78.1,78.0,68.4,67.9,72.3,64.4,69.9,77.7,53.2,48.4,54.3,70.9,73.1,42.2,38.0,23.5,54.2,60.4,67.8,65.5,3139,38,0.29,0.08,65.0,40.0,8.8,3.27,69.8,Developing,0
PLR-1883,Noah Tchouameni #984,Morocco,La Liga,Athletic Club,Forward,30,178,75,Right,High,High,87.9,78.3,85.2,71.4,79.7,70.8,82.0,81.5,,66.7,73.2,91.7,83.0,36.9,25.8,35.1,75.9,72.3,66.8,69.8,1741,22,0.74,0.25,65.0,40.0,9.48,12.63,86.0,Elite,2
PLR-1884,Jan Tchouameni #985,USA,Ligue 1,Lyon,Defender,21,183,70,Right,Medium,Medium,84.2,86.2,96.0,94.3,72.5,93.2,89.0,73.8,79.4,80.9,69.3,46.0,84.5,96.5,99.0,86.2,77.0,85.7,98.0,65.8,1603,20,0.03,0.18,72.0,88.7,9.82,52.22,91.3,Elite,2
PLR-1885,Victor Davies #986,South Korea,Bundesliga,VfB Stuttgart,Forward,28,195,71,Right,Medium,High,92.8,95.7,75.5,78.4,81.4,89.7,93.8,86.1,78.2,68.2,74.9,89.8,87.9,37.2,50.6,46.2,80.9,79.9,72.2,64.7,1263,16,0.61,0.28,65.0,40.0,8.97,32.49,88.4,Elite,2
PLR-1886,Erling Bellingham #987,Italy,Ligue 1,Lyon,Defender,26,190,84,Right,Low,High,52.0,55.9,58.0,74.5,48.0,67.9,50.0,42.0,52.7,54.0,46.5,34.0,48.0,65.0,66.0,62.0,51.5,48.0,51.7,79.1,2082,26,0.03,0.06,72.0,62.0,8.5,0.71,62.0,Developing,0
PLR-1887,Thibaut Musiala #988,Nigeria,Ligue 1,Monaco,Forward,23,180,78,Left,Medium,Low,79.1,86.0,73.2,71.3,79.0,70.3,76.3,86.4,79.4,63.7,69.8,81.6,73.6,32.9,41.3,23.1,66.6,73.9,62.5,69.4,1411,18,0.34,0.34,65.0,40.0,8.98,11.34,77.8,Star,1
PLR-1888,Trent Hernandez #989,Norway,Ligue 1,Paris Saint-Germain,Forward,31,183,80,Right,Medium,Medium,85.9,99.0,75.4,77.6,84.3,83.1,94.7,96.9,69.2,77.1,74.8,93.2,90.1,45.5,40.3,33.0,80.1,89.3,62.5,83.0,1379,17,0.52,0.28,65.0,40.0,8.8,24.12,89.9,Elite,2
PLR-1889,Alessandro Courtois #990,Ghana,Ligue 1,Lyon,Forward,22,186,68,Left,High,High,89.5,92.1,78.4,69.9,89.8,78.2,91.5,86.6,83.5,70.5,78.7,97.4,89.6,47.0,40.9,39.4,73.5,84.7,75.0,63.2,2209,28,0.68,0.3,68.0,40.0,9.01,48.49,90.3,Elite,2
PLR-1890,Aurélien Valverde #991,Ghana,Bundesliga,Borussia Dortmund,Defender,28,183,88,Left,Medium,Medium,82.9,75.7,86.9,87.8,78.7,86.6,70.8,58.4,76.9,80.5,66.0,45.0,71.7,97.9,97.3,91.5,78.8,84.0,89.5,55.3,1707,21,0.03,0.15,72.0,89.4,10.04,45.04,91.7,Elite,2
PLR-1891,Darwin Davies #992,Ghana,Bundesliga,Eintracht Frankfurt,Defender,27,186,85,Right,Medium,Low,81.4,76.5,80.7,94.5,68.8,92.5,71.0,73.3,74.4,73.1,62.0,44.9,79.3,93.0,94.7,89.6,74.8,76.6,85.0,68.6,2156,27,0.02,0.11,72.0,90.5,8.92,34.47,90.0,Elite,2
PLR-1892,Kevin Schmidt #993,Nigeria,Premier League,Tottenham,Defender,24,186,81,Right,High,High,86.9,82.3,83.0,99.0,79.1,96.3,72.4,72.3,81.1,71.4,60.5,47.1,76.4,99.0,98.6,97.8,79.3,91.3,90.0,57.6,2629,33,0.2,0.15,73.4,91.7,8.66,78.89,94.5,Elite,2
PLR-1893,Declan Valverde #994,Belgium,Ligue 1,Nice,Midfielder,24,181,77,Right,Medium,Low,57.1,62.4,65.4,52.4,60.8,55.6,72.9,66.8,68.6,67.8,65.7,60.0,60.5,45.0,56.1,49.1,76.4,59.7,55.5,70.1,2821,36,0.12,0.41,75.0,52.0,9.99,1.6,67.5,Developing,0
PLR-1894,Cole Saka #995,Morocco,Premier League,Tottenham,Defender,28,192,87,Right,High,Low,78.6,74.6,74.0,86.4,64.8,85.6,69.4,63.7,70.6,68.2,68.3,40.9,67.1,91.9,90.8,84.8,67.4,69.1,79.6,63.7,1530,19,0.0,0.12,72.0,84.6,8.5,19.84,84.4,Elite,2
PLR-1895,Dominik Foden #996,Netherlands,Bundesliga,Bayern Munich,Forward,30,180,82,Right,Medium,Medium,86.3,84.1,66.3,77.8,79.1,78.0,74.6,81.3,74.9,66.8,74.9,88.1,83.2,45.8,40.9,37.9,70.9,73.2,69.6,79.9,2653,34,0.53,0.29,65.0,40.0,8.8,7.77,81.2,Star,1
PLR-1896,Son Van Dijk #997,Japan,La Liga,Villarreal,Midfielder,28,181,77,Left,Medium,Low,82.0,86.3,90.9,75.8,78.6,67.0,83.8,80.4,,83.2,88.1,75.6,75.1,74.8,65.8,59.9,92.2,74.5,79.2,58.5,2325,29,0.25,0.77,79.8,58.3,11.36,18.78,83.7,Elite,2
PLR-1897,Kevin De Bruyne #998,France,Serie A,Atalanta,Defender,23,184,80,Left,High,Low,64.2,73.2,75.2,80.0,55.0,71.6,63.4,54.8,63.3,66.9,63.8,45.2,61.0,79.4,84.8,77.5,60.5,72.2,76.8,69.5,1632,20,0.08,0.07,72.0,72.8,9.15,15.29,78.8,Star,1
PLR-1898,Antony Donnarumma #999,Argentina,Bundesliga,Bayer Leverkusen,Forward,24,184,79,Right,Medium,Medium,78.2,73.7,60.7,67.2,77.3,67.7,66.5,71.9,63.6,57.6,62.9,80.6,77.3,40.7,40.0,29.0,60.8,68.4,75.1,65.9,2903,37,0.53,0.2,65.0,40.0,8.8,7.72,73.7,Star,1
PLR-1899,David Mbappe #1000,Uruguay,Ligue 1,Rennes,Forward,31,182,73,Right,Medium,Medium,67.3,69.2,68.1,56.1,74.0,68.2,68.6,70.7,67.7,63.6,57.4,72.1,73.6,30.0,25.0,24.2,61.6,69.0,54.8,,1918,24,0.45,0.14,65.0,40.0,8.8,0.5,68.1,Developing,0
PLR-1900,Alphonso Tchouameni #1001,France,Ligue 1,Lyon,Forward,29,167,72,Left,Medium,Medium,92.5,98.3,79.2,72.5,86.3,93.4,85.4,94.0,77.9,73.1,79.9,99.0,89.8,50.9,49.6,36.1,77.7,85.1,80.8,64.5,1501,19,0.7,0.37,65.0,40.0,9.86,42.47,91.9,Elite,2
PLR-1901,Leo Martinez #1002,Netherlands,Bundesliga,Eintracht Frankfurt,Forward,24,180,83,Right,Low,Medium,73.3,76.0,73.5,69.1,60.2,68.8,73.7,75.1,64.3,54.2,61.4,82.0,77.1,36.7,29.2,37.6,65.2,71.7,71.3,76.1,1755,22,0.44,0.15,65.0,40.0,8.8,6.11,74.8,Star,1
PLR-1902,Ederson Barella #1003,England,La Liga,Real Madrid,Forward,28,179,82,Right,Medium,Medium,72.8,77.8,72.5,73.1,77.0,59.3,72.5,74.3,71.2,57.0,69.0,83.1,72.1,45.8,43.3,37.7,61.6,64.1,60.4,70.4,2636,33,0.38,0.15,65.0,40.0,8.8,5.48,74.8,Star,1
PLR-1903,Leo Santos #1004,South Korea,Bundesliga,Eintracht Frankfurt,Midfielder,25,187,80,Left,Medium,High,74.8,69.3,85.7,63.7,70.4,59.4,77.4,76.3,84.0,75.2,76.8,71.9,70.6,56.4,68.2,59.6,86.4,72.1,70.8,69.6,1270,16,0.15,0.8,75.0,53.3,10.79,11.89,81.3,Star,1
PLR-1904,Jamal Garcia #1005,Senegal,Bundesliga,Bayern Munich,Midfielder,26,177,82,Left,High,Medium,62.3,66.3,65.0,61.6,65.5,50.6,68.0,64.1,67.5,68.2,73.4,58.0,64.1,64.9,42.0,61.3,72.4,58.6,60.2,70.6,1893,24,0.02,0.38,75.0,52.0,9.8,1.34,67.5,Developing,0
PLR-1905,Thibaut Hakimi #1006,Germany,Serie A,AC Milan,Defender,18,194,85,Right,Medium,Medium,58.5,67.9,62.2,74.2,61.2,75.3,64.2,56.9,59.7,64.0,50.2,41.1,59.2,66.4,86.2,70.7,51.4,58.9,71.4,69.4,2255,28,0.01,0.06,72.0,82.5,8.5,4.84,70.5,Developing,0
PLR-1906,Pedri Mbappe #1007,Japan,Serie A,Roma,Defender,29,183,81,Right,Medium,Low,68.4,73.5,63.6,79.9,57.1,75.1,65.4,50.7,67.8,64.7,61.3,40.2,62.9,80.4,85.2,70.3,57.3,64.9,67.1,70.0,1973,25,0.02,0.13,72.0,82.1,,7.93,76.9,Star,1
PLR-1907,Mike Rice #1008,Italy,Ligue 1,Rennes,Midfielder,26,180,74,Left,Low,Medium,66.7,72.1,73.5,54.6,66.3,58.3,72.2,62.2,76.3,70.7,67.4,59.8,63.7,56.9,57.9,60.6,61.3,61.8,64.9,86.8,1954,25,0.07,0.42,75.0,52.0,10.2,6.29,68.5,Developing,0
PLR-1908,Jamal Santos #1009,Germany,Premier League,Arsenal,Forward,28,196,76,Right,High,Medium,91.6,91.0,76.7,79.3,85.3,80.3,80.7,98.2,81.2,76.2,83.7,99.0,88.6,47.5,36.4,38.0,79.1,86.0,80.7,64.8,1933,24,0.56,0.41,65.0,40.0,9.16,46.44,92.4,Elite,2
PLR-1909,David Hakimi #1010,Canada,Bundesliga,Bayern Munich,Midfielder,29,180,75,Right,High,High,64.7,78.6,81.2,77.9,80.0,69.9,81.2,77.0,77.3,74.9,75.8,67.2,74.8,58.3,70.2,57.3,81.2,67.4,69.5,77.1,1778,22,0.14,0.65,75.0,53.0,10.41,3.63,75.2,Star,1
PLR-1910,Alessandro Fernandez #1011,Netherlands,Ligue 1,Rennes,Midfielder,28,175,72,Left,Medium,High,79.1,68.8,77.7,64.8,74.4,59.1,76.6,79.9,85.0,75.7,80.6,63.5,72.6,63.1,66.1,51.6,76.8,74.1,70.9,76.1,1723,22,0.06,0.63,78.8,56.8,9.8,7.41,79.3,Star,1
PLR-1911,Moises Rodri #1012,Senegal,Bundesliga,VfB Stuttgart,Forward,24,182,72,Left,High,Medium,85.2,91.2,,74.6,78.6,77.1,81.7,80.8,70.8,68.1,71.1,86.2,79.8,41.5,48.4,43.1,77.1,73.2,70.7,72.5,2635,33,0.5,0.26,65.0,40.0,8.8,19.72,81.7,Star,1
PLR-1912,Osimhen Mendes #1013,Ghana,La Liga,Atletico Madrid,Midfielder,22,172,80,Left,Medium,High,56.8,58.3,69.3,56.6,66.4,49.1,69.1,66.0,74.4,60.0,64.4,51.1,62.6,56.5,46.7,51.0,56.4,54.3,52.6,77.5,3360,38,0.02,0.34,75.0,52.0,9.83,0.99,64.3,Developing,0
PLR-1913,Gabriel Traore #1014,Ghana,La Liga,Barcelona,Midfielder,30,171,68,Left,Medium,Medium,66.2,70.6,83.2,74.2,69.2,68.1,79.6,81.0,82.4,81.0,74.5,69.4,76.1,57.9,58.7,65.2,70.1,65.1,64.5,72.0,2615,33,0.14,0.46,77.4,52.0,11.04,5.05,76.9,Star,1
PLR-1914,Ederson Tchouameni #1015,France,Premier League,Tottenham,Midfielder,18,183,76,Right,High,Medium,69.2,69.1,83.2,73.7,73.9,66.8,77.9,74.9,82.2,82.9,69.5,65.7,73.3,62.9,62.9,51.9,71.0,62.1,69.5,66.7,2634,33,0.14,0.55,75.0,52.0,10.48,9.95,76.1,Star,1
PLR-1915,Achraf Moreno #1016,Norway,Serie A,Atalanta,Midfielder,24,177,68,Left,Medium,Medium,63.1,63.3,67.9,65.2,58.4,54.8,71.8,59.2,67.0,69.3,64.0,48.3,67.2,54.5,57.6,46.6,67.3,66.1,54.2,76.7,3012,38,0.03,0.22,75.0,52.0,9.8,0.74,68.3,Developing,0
PLR-1916,Luka Davies #1017,Germany,Bundesliga,RB Leipzig,Midfielder,25,176,77,Right,Low,Medium,86.1,93.0,99.0,85.4,79.7,72.5,91.7,86.5,92.1,96.4,79.0,76.2,81.8,74.3,73.0,61.2,93.5,85.9,70.2,69.7,3420,38,0.11,0.8,82.4,63.9,12.52,41.84,91.2,Elite,2
PLR-1917,Ruben Davies #1018,Spain,La Liga,Real Sociedad,Goalkeeper,30,188,85,Right,High,Low,48.1,46.4,59.9,75.3,67.6,72.3,39.9,31.7,52.5,44.5,26.1,19.6,50.0,42.7,18.0,32.3,66.1,71.4,57.6,81.3,1652,21,0.0,0.0,48.0,50.0,3.8,12.1,80.8,Star,1
PLR-1918,Enzo Valverde #1019,South Korea,Ligue 1,Rennes,Defender,27,186,77,Right,Low,Low,70.3,78.2,89.5,85.8,71.5,97.2,68.9,72.6,73.7,77.3,68.2,52.1,67.7,97.0,91.9,85.0,72.2,81.6,73.5,67.2,2059,26,0.0,0.13,72.0,81.3,9.93,27.68,88.3,Elite,2
PLR-1919,Rodri Saliba #1020,Argentina,Ligue 1,Paris Saint-Germain,Forward,31,181,71,Left,High,High,78.4,82.6,68.8,55.6,86.0,67.3,72.8,87.0,70.0,64.1,73.9,90.3,82.7,38.5,30.4,44.5,72.0,72.6,71.0,78.9,2911,37,0.57,0.19,65.0,40.0,8.8,5.7,81.2,Star,1
PLR-1920,Osimhen Wirtz #1021,Uruguay,Serie A,AC Milan,Defender,29,181,73,Right,High,Medium,61.7,62.8,60.6,82.6,55.8,74.1,59.4,51.8,66.8,67.9,58.6,44.0,56.9,80.1,82.0,72.5,55.7,68.5,74.6,73.4,2043,26,0.06,0.04,72.0,78.1,8.5,8.93,76.0,Star,1
PLR-1921,Gianluigi Traore #1022,Japan,Bundesliga,VfB Stuttgart,Midfielder,28,176,72,Right,High,High,60.3,61.0,,53.4,61.5,45.0,64.4,58.0,65.0,66.6,55.6,51.6,57.3,59.0,42.0,41.7,67.5,51.0,60.2,83.6,1781,22,0.02,0.34,75.0,52.0,9.8,0.5,62.0,Developing,0
PLR-1922,Alejandro Santos #1023,Ghana,La Liga,Girona,Defender,22,185,68,Right,High,Low,74.1,82.9,,91.8,81.7,91.5,79.3,73.3,82.1,88.6,67.9,55.0,78.0,96.5,99.0,97.6,76.2,79.0,86.4,62.1,2492,31,0.05,0.08,72.0,86.6,10.1,81.52,94.5,Elite,2
PLR-1923,William Fernandez #1024,USA,Serie A,AC Milan,Defender,20,179,83,Right,High,Medium,83.0,79.6,77.4,86.9,78.3,76.9,74.4,62.9,81.0,68.7,59.4,50.1,75.1,88.7,94.4,91.1,68.7,64.0,95.5,68.3,2444,31,0.14,0.13,72.0,92.0,9.57,32.23,86.2,Elite,2
PLR-1924,Kylian Modric #1025,Senegal,Serie A,Inter Milan,Midfielder,30,175,79,Right,Medium,High,63.1,58.1,69.5,62.8,64.9,52.3,68.3,58.0,69.7,66.0,68.9,51.6,61.7,51.9,50.1,51.1,63.2,58.8,58.2,76.5,1647,21,0.02,0.41,75.0,52.0,9.8,0.5,63.9,Developing,0
PLR-1925,Theo Moreno #1026,Ghana,Serie A,Napoli,Forward,31,191,76,Right,Medium,High,79.1,80.1,72.3,72.7,75.4,71.8,76.5,75.7,,63.1,65.1,78.0,82.7,33.6,34.5,33.8,66.8,79.1,64.9,79.1,2046,26,0.42,0.26,67.8,40.0,8.83,3.91,77.5,Star,1
PLR-1926,Rafael Diallo #1027,Argentina,Ligue 1,Lyon,Forward,19,191,72,Right,Medium,Low,72.5,65.9,62.0,57.3,66.2,63.5,74.6,72.7,70.4,55.3,65.4,81.2,80.0,34.7,37.6,25.2,65.3,65.1,66.4,80.2,686,8,0.37,0.11,65.0,40.0,8.8,6.64,73.4,Star,1
PLR-1927,Noah Hakimi #1028,Japan,Premier League,Manchester City,Midfielder,27,180,68,Right,Medium,Medium,58.1,67.1,74.1,62.5,70.2,60.8,66.3,67.7,74.3,66.2,67.6,53.8,69.7,52.9,60.3,48.4,75.8,65.4,58.5,76.7,2111,27,0.05,0.49,75.0,52.5,10.05,1.43,69.2,Developing,0
PLR-1928,Cole Kroos #1029,Argentina,Ligue 1,Lyon,Midfielder,25,179,76,Left,Medium,Low,82.4,79.2,90.5,70.4,82.1,68.2,92.0,84.0,,82.6,72.0,72.3,74.5,56.6,73.2,66.1,82.8,84.9,72.0,68.4,2515,32,0.14,0.75,83.9,65.0,11.32,27.29,87.4,Elite,2
PLR-1929,Achraf Moreno #1030,Nigeria,La Liga,Barcelona,Forward,24,177,67,Right,High,High,89.9,89.9,72.6,81.2,86.2,78.3,86.1,87.9,76.3,68.0,73.0,93.6,85.0,43.0,49.8,35.9,72.2,71.5,76.1,76.4,1530,19,0.58,0.34,65.0,40.0,8.8,29.57,85.6,Elite,2
PLR-1930,Alisson Modric #1031,Colombia,La Liga,Athletic Club,Forward,25,174,65,Right,Low,Medium,95.5,93.8,78.5,73.6,85.7,88.7,86.3,94.6,85.0,65.8,80.4,93.9,90.2,45.2,38.8,39.0,74.1,81.9,82.0,74.0,2150,27,0.69,0.41,68.1,40.0,8.8,30.49,88.3,Elite,2
PLR-1931,Vinicius Davies #1032,Netherlands,Premier League,Chelsea,Defender,28,188,80,Right,Medium,Medium,75.7,81.2,78.9,85.7,69.6,78.5,72.1,62.5,70.0,81.6,56.2,46.9,69.0,84.5,88.4,81.3,79.2,81.1,89.6,65.1,3018,38,0.02,0.14,72.0,81.5,8.83,14.17,82.4,Elite,2
PLR-1932,Takefusa Garcia #1033,Netherlands,Bundesliga,Borussia Dortmund,Goalkeeper,26,187,80,Right,Medium,High,35.0,43.3,40.0,59.4,47.2,61.9,38.9,25.0,51.6,42.0,20.0,17.1,48.4,39.7,24.6,18.8,54.9,57.1,47.9,74.5,2067,26,0.0,0.01,48.0,50.0,3.8,0.5,61.4,Developing,0
PLR-1933,Thibaut Fernandez #1034,Ghana,Ligue 1,Nice,Midfielder,27,180,74,Left,High,High,58.4,68.0,73.1,50.3,67.9,57.2,68.4,65.2,67.7,71.8,57.3,56.9,62.2,60.0,55.1,54.7,69.5,67.6,61.7,77.7,2633,33,0.06,0.34,75.0,52.0,9.8,2.48,66.7,Developing,0
PLR-1934,Jamal Mbappe #1035,Japan,Ligue 1,Lyon,Forward,28,176,75,Right,High,High,79.3,80.8,72.1,55.0,74.7,61.9,66.5,72.0,63.8,53.6,68.7,73.8,76.6,35.7,34.9,28.7,59.5,67.1,58.1,79.5,1413,18,0.41,0.16,65.0,40.0,8.8,3.62,73.2,Star,1
PLR-1935,Khvicha Donnarumma #1036,Brazil,Serie A,Roma,Forward,28,176,71,Right,Medium,Low,78.2,79.5,67.9,67.1,74.9,70.0,77.1,74.4,65.3,60.5,62.1,80.2,70.7,30.0,38.1,22.0,64.2,75.8,67.8,74.7,1083,13,0.35,0.22,65.0,40.0,8.8,4.79,73.8,Star,1
PLR-1936,Son Musiala #1037,Spain,Premier League,Manchester United,Forward,24,192,80,Right,Medium,High,81.6,87.5,74.5,68.9,78.7,63.5,77.5,85.6,73.0,67.8,79.4,83.8,77.7,48.5,37.5,32.9,81.0,75.9,74.5,72.3,1992,25,0.41,0.3,65.0,40.0,9.19,15.22,79.4,Star,1
PLR-1937,Rafael Mbappe #1038,Argentina,La Liga,Barcelona,Goalkeeper,25,193,83,Right,Medium,High,35.0,44.5,,63.6,61.9,62.4,37.8,25.0,40.0,54.2,20.0,22.8,48.6,30.2,21.2,18.8,64.7,62.4,53.1,77.7,2322,29,0.0,0.01,48.3,50.0,3.8,4.61,72.5,Star,1
PLR-1938,Alisson Wirtz #1039,Canada,Serie A,Inter Milan,Forward,24,184,73,Left,Medium,Medium,83.2,89.3,66.8,61.6,76.5,70.5,76.6,83.1,72.0,60.5,75.7,94.8,82.0,44.7,38.2,26.7,72.9,82.4,72.3,75.7,2597,33,0.59,0.22,65.0,40.0,8.8,21.81,84.0,Elite,2
PLR-1939,Rodri Valverde #1040,USA,La Liga,Real Sociedad,Midfielder,24,172,76,Left,Medium,High,76.4,73.4,81.9,70.9,79.8,66.6,81.5,82.5,84.8,77.3,74.8,68.6,75.4,66.8,64.3,61.5,91.8,77.5,73.8,74.0,2103,26,0.08,0.74,76.7,52.5,11.12,19.12,82.1,Elite,2
PLR-1940,Achraf Oblak #1041,Croatia,Bundesliga,RB Leipzig,Forward,26,192,81,Right,Low,Medium,84.5,81.6,75.1,62.7,80.4,65.6,88.4,83.4,63.2,64.7,73.5,87.2,90.0,47.6,38.0,38.1,78.3,81.7,72.2,69.4,2417,30,0.43,0.26,65.0,40.0,9.04,31.48,87.9,Elite,2
PLR-1941,Luka Hakimi #1042,Italy,Premier League,Manchester United,Midfielder,24,177,81,Right,Medium,Medium,63.3,64.7,72.6,61.2,61.6,51.7,70.1,70.1,73.0,82.7,69.6,57.8,73.6,57.5,56.2,56.6,70.0,67.6,53.1,79.9,2895,37,0.07,0.42,75.0,52.0,10.34,3.28,70.0,Developing,0
PLR-1942,Carlos Schmidt #1043,Nigeria,Ligue 1,Lille,Defender,30,183,77,Right,Low,Medium,62.8,66.3,72.9,69.8,50.0,72.2,51.3,51.7,62.9,64.5,53.2,47.3,55.7,73.4,85.1,74.0,62.2,57.8,62.6,63.4,2001,25,0.02,0.01,72.0,79.6,8.77,5.28,74.0,Star,1
PLR-1943,Bukayo Bastoni #1044,South Korea,Ligue 1,Lille,Defender,19,175,88,Right,Low,Medium,76.0,69.3,93.2,85.5,74.3,78.9,64.4,73.3,,66.8,60.6,41.7,69.4,79.9,86.9,88.8,65.2,69.5,82.5,67.6,1214,15,0.03,0.04,72.0,80.5,10.29,14.48,81.6,Star,1
PLR-1944,Theo Traore #1045,Belgium,La Liga,Atletico Madrid,Forward,25,168,72,Right,High,High,84.2,79.2,75.4,63.9,75.0,58.1,74.0,72.4,63.1,51.3,62.3,81.0,75.8,40.3,31.3,26.6,62.3,70.1,55.1,72.2,2115,27,0.44,0.09,65.0,40.0,9.26,10.17,76.1,Star,1
PLR-1945,Leo Fernandez #1046,Germany,Serie A,Inter Milan,Forward,29,195,80,Right,Medium,High,88.2,91.9,87.7,79.8,82.8,76.3,89.1,92.8,80.1,66.7,80.3,93.4,84.8,56.1,44.6,32.2,77.4,79.8,71.2,71.5,2077,26,0.48,0.24,65.0,40.0,10.38,34.1,90.0,Elite,2
PLR-1946,Alexis Saliba #1047,Uruguay,Serie A,Fiorentina,Forward,30,176,76,Right,High,High,71.5,74.8,55.0,71.2,70.1,64.8,73.5,73.8,66.2,50.4,62.1,70.3,71.7,47.0,25.3,28.3,54.9,66.6,72.7,62.3,1494,19,0.33,0.14,65.0,40.0,8.8,1.52,68.4,Developing,0
PLR-1947,Marcus Kim #1048,Norway,Bundesliga,Eintracht Frankfurt,Goalkeeper,21,190,78,Right,High,Medium,43.4,54.6,42.5,78.5,62.9,70.7,43.7,25.0,50.3,57.3,28.8,24.9,56.1,34.5,26.6,18.5,68.7,70.0,65.4,67.2,1809,23,0.0,0.01,48.0,50.0,3.8,18.22,80.9,Star,1
PLR-1948,Gavi Williams #1049,Croatia,Bundesliga,Bayer Leverkusen,Defender,19,186,78,Right,High,Medium,63.5,69.1,69.1,73.2,57.4,71.5,68.3,53.3,58.3,70.6,45.2,53.8,51.6,68.8,77.8,80.2,59.3,67.6,80.9,64.7,871,11,0.04,0.11,72.0,67.5,8.5,5.78,72.7,Star,1
PLR-1949,Nicolo Mbappe #1050,Nigeria,La Liga,Real Sociedad,Midfielder,21,176,63,Left,Low,High,77.6,70.9,87.5,61.4,72.8,65.9,82.3,75.7,87.3,78.4,77.2,66.4,81.4,70.7,65.3,60.1,75.4,72.1,80.2,69.5,2586,33,0.15,0.53,78.6,53.4,10.99,19.79,82.4,Elite,2
PLR-1950,Bukayo Bastoni #1051,Italy,Bundesliga,VfB Stuttgart,Midfielder,23,192,82,Left,Medium,Medium,69.9,75.1,78.2,68.2,70.6,66.4,70.1,69.9,72.7,77.1,64.1,59.4,58.0,67.9,50.4,54.9,76.8,61.4,65.0,64.7,3420,38,0.05,0.5,75.0,52.0,10.39,5.62,72.2,Star,1
PLR-1951,William Oblak #1052,Brazil,Premier League,Tottenham,Defender,28,191,75,Right,High,Medium,75.2,72.2,71.4,79.3,66.6,74.7,58.5,59.3,70.6,67.3,56.0,44.2,61.4,83.9,86.3,73.7,69.1,66.8,79.7,64.0,1988,25,0.02,0.02,72.0,79.8,8.5,11.53,79.8,Star,1
PLR-1952,Dominik Sato #1053,Germany,Premier League,Manchester United,Forward,27,179,82,Left,High,High,82.3,79.5,74.4,60.7,73.0,75.2,70.8,76.7,72.2,55.0,72.0,85.2,77.3,30.0,37.2,23.4,60.8,77.4,62.2,73.8,2935,37,0.53,0.26,65.0,40.0,9.36,12.01,80.0,Star,1
PLR-1953,Marcus Kim #1054,Portugal,La Liga,Girona,Goalkeeper,24,188,88,Right,Medium,Low,35.3,36.7,40.0,68.4,51.4,58.6,39.0,27.4,48.8,42.0,20.0,15.0,53.2,27.3,27.4,15.0,67.0,63.6,57.9,79.9,1941,24,0.0,0.0,48.0,50.0,3.8,5.83,69.7,Developing,0
PLR-1954,Kevin Rodriguez #1055,Senegal,Serie A,Napoli,Midfielder,25,179,81,Right,Medium,Medium,68.3,73.9,77.0,65.2,73.0,56.3,72.1,71.2,83.1,76.6,70.5,64.6,74.9,64.7,65.4,62.8,73.9,73.8,72.3,79.5,1944,24,0.08,0.65,75.0,56.5,10.99,4.73,72.6,Star,1
PLR-1955,Julian Williams #1056,Spain,Premier League,Aston Villa,Midfielder,26,174,72,Left,High,Medium,80.8,75.1,98.9,81.4,90.6,83.0,85.5,79.5,98.0,88.7,84.1,70.5,77.5,74.7,59.1,68.2,91.1,80.4,79.9,58.3,1146,14,0.14,0.85,86.1,52.0,13.39,28.09,87.4,Elite,2
PLR-1956,Mike Saka #1057,Uruguay,Ligue 1,Lyon,Midfielder,22,173,65,Right,Low,High,58.8,56.0,65.0,48.0,62.4,58.3,62.3,58.0,65.0,60.0,52.0,54.9,52.0,45.0,42.0,50.1,64.8,51.2,48.0,85.9,2632,33,0.02,0.29,75.0,52.0,9.8,4.59,60.7,Developing,0
PLR-1957,Bukayo Sato #1058,Ghana,Ligue 1,Marseille,Forward,27,187,72,Right,Medium,Medium,74.6,82.5,76.9,63.4,62.1,62.6,71.9,78.0,72.1,57.5,62.6,83.2,74.4,39.7,32.6,41.2,70.5,72.2,59.8,72.0,2710,34,0.51,0.24,65.0,40.0,8.8,7.18,76.9,Star,1
PLR-1958,Mateo Mbappe #1059,South Korea,Bundesliga,Eintracht Frankfurt,Forward,35,182,79,Right,Medium,Medium,60.0,62.0,55.0,59.0,68.3,68.6,61.3,60.7,61.2,53.7,50.4,70.0,65.3,40.0,28.9,25.2,61.3,64.3,60.5,79.2,2714,34,0.23,0.1,65.0,40.0,8.8,1.84,63.2,Developing,0
PLR-1959,Takefusa Maignan #1060,Portugal,Premier League,Chelsea,Defender,27,180,79,Right,High,Medium,81.1,75.3,77.7,85.8,71.9,83.5,80.6,65.0,76.7,78.0,68.9,43.8,80.8,99.0,92.1,90.2,70.5,80.6,79.7,68.4,2296,29,0.0,0.1,72.0,86.2,8.94,40.22,91.2,Elite,2
PLR-1960,Alessandro Traore #1061,Brazil,Serie A,AC Milan,Forward,24,182,84,Right,Medium,Medium,90.7,90.7,72.4,71.1,86.6,78.6,84.2,86.5,77.9,62.9,72.5,93.8,84.9,40.2,35.9,35.7,76.0,78.3,80.8,74.0,1955,25,0.71,0.38,65.0,40.0,8.8,24.32,85.2,Elite,2
PLR-1961,Kevin Fernandez #1062,Argentina,Premier League,Aston Villa,Midfielder,24,180,69,Right,Medium,High,79.2,83.6,94.0,73.2,79.1,76.7,86.9,86.9,98.2,98.0,84.2,74.3,80.4,74.3,61.3,62.1,87.3,85.0,72.5,67.2,2316,29,0.04,0.83,86.0,55.3,11.73,45.73,89.6,Elite,2
PLR-1962,Alphonso Kim #1063,Argentina,Serie A,Roma,Forward,24,186,78,Right,High,Medium,71.6,74.8,58.8,58.3,69.8,66.8,64.5,73.8,70.2,57.6,64.4,78.6,65.3,30.0,37.5,34.3,66.5,68.8,69.2,77.9,1466,18,0.59,0.29,65.0,40.0,8.8,0.5,68.8,Developing,0
PLR-1963,Gianluigi Foden #1064,Colombia,La Liga,Girona,Midfielder,31,185,78,Right,High,Medium,58.3,68.6,80.2,60.9,66.0,64.2,76.9,68.3,80.7,75.7,64.2,57.6,69.8,61.1,60.5,49.0,67.1,69.7,53.0,69.5,2775,35,0.13,0.58,79.2,52.0,10.34,1.92,72.6,Star,1
PLR-1964,Bruno Sato #1065,Argentina,Serie A,Fiorentina,Midfielder,26,174,72,Right,High,High,62.0,61.6,65.8,57.4,62.5,61.8,71.7,63.4,68.8,67.1,62.0,63.5,67.9,45.0,62.1,50.2,70.7,65.8,51.4,81.3,2282,29,0.02,0.49,75.0,52.0,9.8,4.26,67.9,Developing,0
PLR-1965,Kaoru Diallo #1066,Norway,La Liga,Real Sociedad,Midfielder,30,181,72,Left,Low,Medium,73.5,64.5,76.5,72.7,75.7,56.1,72.2,73.7,82.7,76.5,62.5,59.7,77.4,65.0,66.1,62.8,76.1,75.9,77.7,62.8,2881,36,0.13,0.6,77.9,55.3,10.05,7.32,76.7,Star,1
PLR-1966,Lucas Sato #1067,Senegal,Bundesliga,RB Leipzig,Defender,25,183,91,Right,Medium,Medium,71.6,65.4,80.3,85.8,63.5,71.4,68.8,69.2,63.1,60.5,60.5,44.4,63.3,82.3,86.6,75.2,67.4,67.9,85.7,67.1,2429,31,0.07,0.08,72.0,76.8,8.79,10.69,78.3,Star,1
PLR-1967,Alessandro Wirtz #1068,Brazil,Bundesliga,Eintracht Frankfurt,Midfielder,28,177,64,Left,Medium,Medium,60.7,72.9,84.0,58.5,77.9,56.3,76.6,81.1,82.6,78.7,72.8,71.9,65.7,69.7,59.2,61.0,78.9,72.2,59.1,77.9,2981,38,0.15,0.66,80.3,52.0,11.27,10.44,77.6,Star,1
PLR-1968,Pedri Wirtz #1069,Morocco,Premier League,Tottenham,Midfielder,31,177,79,Left,Medium,Medium,62.2,58.3,83.3,64.1,72.4,52.2,78.1,73.2,80.4,80.7,69.7,62.4,65.6,58.5,65.4,51.1,69.7,69.6,52.7,73.4,2080,26,0.15,0.53,75.0,58.5,10.91,3.64,73.0,Star,1
PLR-1969,Osimhen Tchouameni #1070,Senegal,Bundesliga,Bayer Leverkusen,Midfielder,30,189,71,Right,Medium,High,71.4,81.4,86.3,70.4,82.0,75.8,87.2,84.3,95.5,89.9,76.4,76.8,77.3,68.7,71.4,66.9,94.0,91.1,72.0,74.4,1313,16,0.13,0.85,88.9,71.9,10.95,15.24,87.5,Elite,2
PLR-1970,Victor Saka #1071,Ghana,Bundesliga,VfB Stuttgart,Defender,25,190,77,Right,Medium,Medium,77.9,70.3,71.8,87.6,60.4,76.4,72.6,67.2,75.3,71.1,68.5,48.4,67.3,84.2,84.5,77.7,58.9,65.9,63.9,76.6,2414,30,0.0,0.11,72.0,76.6,8.98,10.45,81.3,Star,1
PLR-1971,Alisson Alvarez #1072,Norway,Bundesliga,RB Leipzig,Goalkeeper,33,197,97,Right,High,Medium,50.6,48.8,44.4,95.0,67.3,88.6,41.7,34.4,56.4,61.4,22.8,25.8,61.5,51.2,25.4,28.4,79.0,84.1,74.4,77.6,1663,21,0.0,0.0,48.0,50.0,3.8,34.74,92.3,Elite,2
PLR-1972,Osimhen Santos #1073,Nigeria,Premier League,Arsenal,Defender,31,179,83,Right,Medium,Medium,75.7,75.5,80.9,83.9,69.6,83.2,66.9,70.0,72.3,77.5,63.0,43.9,69.1,82.1,89.1,76.9,74.7,76.7,76.6,69.1,2603,33,0.02,0.11,72.0,82.6,9.82,11.63,81.8,Star,1
PLR-1973,Kaoru Courtois #1074,Germany,Ligue 1,Nice,Forward,29,173,78,Right,Low,Medium,93.3,85.6,74.0,74.2,76.8,68.8,80.9,89.0,75.8,54.8,79.7,93.5,85.0,45.4,43.8,49.2,71.8,73.3,76.6,73.9,1628,20,0.55,0.13,65.0,40.0,9.27,19.79,85.4,Elite,2
PLR-1974,Mateo Oblak #1075,Senegal,La Liga,Girona,Forward,19,177,76,Right,High,High,76.0,86.0,75.0,61.3,79.6,79.9,77.5,78.2,68.8,64.3,62.1,92.6,84.2,46.7,31.2,42.7,67.2,70.9,73.5,64.3,2377,30,0.65,0.25,65.0,40.0,9.09,16.83,80.8,Star,1
PLR-1975,Pedri Bastoni #1076,Norway,Serie A,Inter Milan,Forward,26,184,68,Right,Low,Medium,80.9,91.5,78.7,69.3,89.0,78.9,86.7,87.8,77.0,54.6,70.5,90.4,80.2,43.1,45.5,35.5,74.0,80.6,70.7,86.7,1808,23,0.5,0.3,65.0,40.0,9.5,20.9,84.9,Elite,2
PLR-1976,Enzo Oblak #1077,Germany,Bundesliga,Eintracht Frankfurt,Midfielder,24,183,80,Right,High,Medium,68.0,56.8,71.6,58.7,62.8,57.5,72.9,66.1,77.2,77.1,71.1,58.3,61.6,55.9,60.4,56.4,59.4,57.6,58.7,75.7,1803,23,0.06,0.25,75.0,52.0,9.83,3.04,68.3,Developing,0
PLR-1977,Khvicha Maignan #1078,Belgium,Serie A,Lazio,Forward,24,181,74,Left,Medium,Low,97.5,87.1,90.0,80.7,89.4,73.4,81.9,91.2,,59.8,79.2,98.2,95.6,43.9,36.0,31.8,75.9,83.5,80.9,62.2,1676,21,0.63,0.25,65.0,40.0,8.8,43.05,89.3,Elite,2
PLR-1978,Virgil Courtois #1079,Uruguay,Bundesliga,VfB Stuttgart,Midfielder,20,187,72,Right,Medium,Medium,62.5,56.0,71.6,54.5,64.7,59.6,67.6,63.7,71.1,74.3,66.5,62.4,64.0,56.8,60.5,46.7,68.8,60.8,57.9,82.6,1540,19,0.05,0.42,75.0,53.9,10.14,2.77,67.5,Developing,0
PLR-1979,Alejandro Davies #1080,Argentina,Ligue 1,Paris Saint-Germain,Midfielder,26,171,75,Right,High,Medium,83.7,69.9,87.8,72.3,80.6,75.1,90.3,83.2,91.2,98.0,82.0,62.9,83.4,73.7,75.1,67.6,90.5,78.9,65.1,60.4,2547,32,0.13,0.85,84.9,66.6,11.35,27.28,87.1,Elite,2
PLR-1980,Florian Kroos #1081,England,Premier League,Newcastle,Midfielder,28,179,74,Right,Medium,Medium,80.6,84.8,90.9,77.3,83.0,67.7,87.2,88.0,93.2,93.8,84.7,70.9,73.7,74.8,68.1,67.7,93.4,80.7,68.7,69.7,1797,23,0.16,0.85,82.8,57.5,12.07,32.74,89.1,Elite,2
PLR-1981,Pedri Davies #1082,Uruguay,Bundesliga,RB Leipzig,Defender,31,185,80,Left,Low,Medium,73.2,68.4,75.7,82.8,70.0,83.5,70.4,50.2,70.6,67.6,64.0,44.7,69.1,85.0,89.7,88.5,69.7,75.2,78.8,64.6,1900,24,0.06,0.09,72.0,83.6,8.53,9.93,85.4,Elite,2
PLR-1982,Ruben Mueller #1083,Colombia,Bundesliga,Borussia Dortmund,Forward,26,174,79,Right,High,High,62.6,70.9,57.3,51.9,61.7,61.7,58.0,63.8,57.3,43.5,51.5,75.7,59.9,31.1,33.7,26.8,59.7,57.7,56.7,80.5,1516,19,0.23,0.12,65.0,40.0,8.8,4.65,63.2,Developing,0
PLR-1983,Jude Smith #1084,Brazil,Ligue 1,Lille,Forward,27,181,84,Left,Medium,Medium,64.3,62.0,56.3,57.6,61.7,56.1,58.0,66.9,54.2,44.5,45.0,67.1,70.8,30.8,25.9,25.4,52.4,54.6,49.9,69.9,2176,27,0.19,0.02,65.0,40.0,8.8,1.07,61.3,Developing,0
PLR-1984,Vinicius Camavinga #1085,England,Ligue 1,Lille,Defender,25,187,80,Right,High,Medium,82.9,84.8,80.5,99.0,76.2,85.2,76.5,71.9,81.2,71.3,56.6,40.3,75.4,96.7,87.6,94.8,76.2,80.6,98.0,61.5,1481,18,0.03,0.05,72.0,80.4,9.51,53.75,92.4,Elite,2
PLR-1985,Son Martinez #1086,Netherlands,La Liga,Atletico Madrid,Midfielder,26,182,67,Right,Medium,High,81.5,74.9,88.5,67.7,89.0,73.5,95.2,86.5,92.1,94.5,85.6,81.9,78.8,72.8,65.3,67.4,88.3,71.0,75.7,67.3,3148,38,0.28,0.78,84.1,54.6,11.71,27.52,87.2,Elite,2
PLR-1986,Marcus Moreno #1087,Canada,Ligue 1,Lille,Defender,26,189,72,Right,Medium,Medium,76.1,79.9,79.3,87.1,64.3,87.2,74.3,56.8,72.8,72.0,61.9,43.3,71.7,96.0,94.3,94.3,74.8,78.8,91.2,64.4,2885,36,0.01,0.03,72.0,83.3,9.07,37.25,90.2,Elite,2
PLR-1987,Carlos Williams #1088,Senegal,Premier League,Chelsea,Midfielder,33,187,74,Right,Medium,Medium,70.2,68.4,95.9,81.1,82.8,68.8,93.8,85.4,87.0,93.9,84.1,83.1,86.0,77.4,66.9,59.7,96.5,89.0,77.3,68.4,1422,18,0.22,0.71,78.0,61.5,12.39,21.96,89.5,Elite,2
PLR-1988,Virgil Saliba #1089,Colombia,Serie A,AC Milan,Forward,24,180,76,Right,Medium,High,80.9,83.9,76.2,72.6,79.4,71.7,76.3,81.9,74.6,67.8,62.2,84.7,75.7,33.0,44.4,40.7,60.1,70.8,68.9,72.2,1906,24,0.5,0.21,65.0,40.0,8.92,11.17,77.2,Star,1
PLR-1989,Gavi Davies #1090,Portugal,Ligue 1,Lille,Defender,30,186,73,Right,Low,High,77.4,75.9,73.2,82.6,68.4,86.3,68.6,66.6,78.2,69.0,77.7,53.6,70.4,88.8,88.1,93.7,72.9,78.2,80.0,70.8,2652,34,0.02,0.01,72.0,80.0,8.88,17.39,86.3,Elite,2
PLR-1990,Osimhen Bastoni #1091,Norway,Serie A,Roma,Defender,23,188,80,Right,Medium,High,76.6,76.4,79.5,88.4,60.0,85.0,67.2,61.8,69.7,77.2,54.1,43.8,61.6,89.0,89.3,81.5,69.3,76.1,75.9,66.2,1791,22,0.0,0.19,72.0,86.4,9.61,26.19,84.6,Elite,2
PLR-1991,Mateo Rodriguez #1092,Nigeria,Serie A,Lazio,Defender,31,186,85,Left,Medium,Medium,73.5,70.3,,93.7,67.7,79.7,66.3,65.1,70.5,71.8,61.6,41.9,61.2,85.5,85.8,81.9,73.6,79.6,86.3,51.5,1986,25,0.0,0.1,72.0,80.9,8.5,12.57,84.4,Elite,2
PLR-1992,Nicolo Barella #1093,Nigeria,Premier League,Chelsea,Forward,25,174,82,Right,High,Medium,81.2,76.7,73.0,67.0,80.1,69.9,71.5,73.7,67.7,53.9,50.2,85.7,79.5,39.5,39.7,35.9,64.9,75.5,64.0,74.1,1421,18,0.51,0.28,65.0,40.0,8.8,8.33,76.7,Star,1
PLR-1993,Eduardo Maignan #1094,Canada,Serie A,Roma,Midfielder,24,179,86,Right,High,High,76.7,67.8,83.4,65.4,80.9,66.6,83.5,77.4,82.9,82.6,81.2,63.4,63.5,61.1,57.5,64.1,85.5,74.1,57.5,67.4,1061,13,0.04,0.6,77.9,52.0,10.52,14.83,81.4,Star,1
PLR-1994,Alessandro Rice #1095,Belgium,Premier League,Manchester City,Midfielder,25,178,65,Left,High,High,55.0,57.3,65.5,61.4,63.1,51.3,67.2,58.0,65.2,65.7,65.4,54.7,63.7,54.7,45.7,56.9,62.1,58.6,61.4,72.3,2572,32,0.05,0.26,75.0,52.0,9.8,4.47,62.8,Developing,0
PLR-1995,Victor Hernandez #1096,Germany,Bundesliga,RB Leipzig,Forward,29,183,69,Right,High,Medium,67.7,67.3,67.2,55.2,70.3,68.6,64.8,69.0,66.1,52.4,62.5,72.8,64.4,39.5,41.8,31.4,61.0,70.7,52.6,80.5,1996,25,0.41,0.12,65.0,40.0,8.8,1.3,69.1,Developing,0
PLR-1996,Leo De Bruyne #1097,Germany,La Liga,Athletic Club,Goalkeeper,29,191,85,Right,High,Medium,35.0,36.1,40.0,64.2,48.7,57.4,30.0,25.2,40.0,47.7,20.0,20.0,45.0,25.0,18.0,26.6,53.8,59.6,56.9,75.0,2895,37,0.0,0.01,48.0,50.0,3.8,1.88,65.9,Developing,0
PLR-1997,Virgil Maignan #1098,England,La Liga,Athletic Club,Forward,21,170,76,Right,Medium,Medium,85.3,91.9,73.1,79.1,88.4,78.7,89.8,87.6,84.9,66.2,73.0,94.0,81.6,47.0,35.9,42.0,70.2,66.7,81.1,63.3,1768,22,0.77,0.27,69.9,40.0,8.8,18.48,83.4,Elite,2
PLR-1998,Dominik Alvarez #1099,Canada,Ligue 1,Nice,Goalkeeper,23,186,91,Right,Medium,High,55.9,53.9,,80.8,56.2,74.4,46.4,26.8,56.8,45.1,20.1,22.6,68.3,45.7,30.7,29.9,74.0,77.3,73.6,63.6,2305,29,0.0,0.01,48.0,50.0,3.8,19.93,82.5,Elite,2
PLR-1999,Kaoru Rice #1100,Nigeria,Premier League,Tottenham,Midfielder,27,173,74,Right,Medium,Medium,81.0,83.5,93.8,73.6,84.6,76.9,88.5,93.3,90.5,96.1,85.8,64.5,86.0,76.0,69.6,66.2,89.9,83.1,85.8,67.8,998,12,0.09,0.7,80.3,52.0,11.91,34.2,89.2,Elite,2
PLR-2000,Gianluigi Wirtz #1101,Uruguay,Premier League,Manchester United,Forward,29,172,64,Right,Medium,High,91.3,97.1,,69.0,89.4,90.0,85.7,85.2,77.2,60.6,80.2,93.8,84.1,48.6,37.8,34.9,74.2,79.5,75.9,66.9,2347,30,0.63,0.33,65.0,40.0,9.21,21.77,86.9,Elite,2
PLR-2001,Ruben Davies #1102,Brazil,Premier League,Tottenham,Midfielder,27,184,72,Right,Medium,Medium,59.2,61.2,65.0,48.2,58.0,53.6,62.0,64.0,65.0,66.5,54.7,48.0,55.3,48.4,50.4,44.1,60.6,58.8,58.6,,1897,24,0.02,0.23,75.0,52.0,9.8,2.62,63.3,Developing,0
PLR-2002,Moises Fernandez #1103,USA,Serie A,Juventus,Defender,22,192,84,Right,High,Medium,65.3,78.0,77.3,89.1,71.3,72.3,68.9,59.3,78.1,70.0,59.9,41.9,75.9,81.3,85.2,82.5,66.3,70.9,82.3,58.9,1730,22,0.02,0.02,72.0,76.4,8.59,13.91,80.4,Star,1
PLR-2003,Alejandro Mueller #1104,Nigeria,Premier League,Newcastle,Defender,27,186,79,Right,High,Medium,86.7,84.4,82.3,91.9,81.9,88.6,77.5,73.6,80.0,77.1,65.6,46.1,76.1,90.3,97.0,97.2,84.5,84.4,84.8,67.2,2225,28,0.03,0.12,72.0,89.4,9.51,50.18,92.5,Elite,2
PLR-2004,Son Bastoni #1105,Netherlands,Bundesliga,Bayern Munich,Defender,26,187,69,Right,Medium,Medium,73.9,70.6,70.1,80.0,63.0,78.1,63.1,61.3,67.7,62.5,65.2,34.3,62.1,86.0,89.6,83.1,60.7,72.1,81.4,68.0,2665,34,0.0,0.03,72.0,77.1,8.6,17.08,84.0,Elite,2
PLR-2005,Florian Oblak #1106,USA,Premier League,Arsenal,Defender,32,185,81,Right,High,High,87.8,69.4,87.0,86.8,67.9,82.4,71.9,71.6,77.6,80.6,69.1,41.7,72.5,99.0,92.3,94.4,74.6,81.5,79.5,79.7,1751,22,0.01,0.12,72.0,86.4,9.55,20.8,88.5,Elite,2
PLR-2006,Thibaut Rodri #1107,Argentina,La Liga,Real Madrid,Defender,24,186,76,Right,Medium,Medium,58.9,53.4,58.0,66.0,49.2,58.0,50.0,47.0,54.7,58.2,44.3,36.7,48.9,65.0,66.0,62.0,56.1,54.2,51.3,79.2,2355,30,0.03,0.1,72.0,62.0,8.5,1.15,63.6,Developing,0
PLR-2007,Julian Davies #1108,Portugal,La Liga,Barcelona,Defender,24,184,72,Right,High,Low,71.5,68.9,75.7,71.1,61.3,76.4,60.0,60.7,71.9,60.7,60.1,40.4,59.9,79.2,85.4,77.7,63.3,66.7,75.3,64.5,2720,34,0.03,0.11,72.0,76.5,8.5,9.68,79.2,Star,1
PLR-2008,Achraf Donnarumma #1109,Morocco,Premier League,Arsenal,Forward,27,186,77,Left,High,Medium,70.7,73.5,64.4,61.2,74.8,69.3,67.7,67.7,59.2,53.5,56.0,77.6,66.3,45.7,36.7,22.0,59.3,69.0,44.2,79.6,2719,34,0.36,0.17,65.0,40.0,8.8,3.23,71.8,Star,1
PLR-2009,Mike Diallo #1110,Germany,Serie A,Lazio,Midfielder,24,172,72,Right,High,Low,84.5,82.7,87.7,82.1,82.9,75.3,86.9,84.2,85.0,88.6,75.5,85.7,80.0,69.1,70.4,65.4,87.2,68.3,77.8,70.0,1103,14,0.2,0.63,75.0,61.8,11.54,24.45,84.6,Elite,2
PLR-2010,Jan Bastoni #1111,Portugal,La Liga,Real Sociedad,Forward,36,186,86,Right,High,Medium,72.0,66.7,69.3,66.5,71.7,73.1,82.3,86.2,72.7,53.9,65.8,82.3,79.1,45.0,33.6,39.7,76.2,71.6,70.4,68.9,450,8,0.48,0.29,65.0,40.0,8.8,4.88,78.4,Star,1
PLR-2011,Florian Saka #1112,Spain,La Liga,Barcelona,Goalkeeper,22,183,81,Left,Low,Medium,42.2,43.8,43.3,71.3,58.2,61.1,38.0,28.3,43.4,44.3,23.7,15.0,55.5,33.5,27.4,19.5,63.8,59.3,46.5,73.4,3116,38,0.0,0.0,48.0,50.0,4.13,6.54,67.0,Developing,0
PLR-2012,Noah Saliba #1113,Nigeria,Premier League,Tottenham,Goalkeeper,31,186,82,Right,High,Medium,52.9,51.4,50.9,91.2,63.9,89.5,38.4,33.8,53.2,66.9,22.3,29.2,66.4,40.6,33.7,26.2,81.6,83.2,75.9,61.0,2292,29,0.0,0.01,48.0,50.0,3.87,29.08,92.1,Elite,2
PLR-2013,Antony Jones #1114,Italy,Bundesliga,Bayer Leverkusen,Forward,29,188,79,Right,Medium,Low,93.9,95.2,91.3,71.6,92.0,86.7,90.3,91.3,78.0,72.3,78.2,99.0,94.2,46.3,45.4,34.5,79.0,86.0,80.9,61.3,2879,36,0.79,0.51,65.0,40.0,10.19,45.58,92.4,Elite,2
PLR-2014,Osimhen Hernandez #1115,Italy,La Liga,Atletico Madrid,Defender,24,176,76,Right,Low,High,81.0,71.6,85.4,88.8,71.4,85.0,65.3,71.2,77.2,72.3,62.6,44.4,66.1,90.3,87.1,87.5,69.5,80.0,93.1,54.9,2362,30,0.07,0.15,72.0,78.4,9.96,31.28,86.5,Elite,2
PLR-2015,William Santos #1116,Senegal,Bundesliga,Eintracht Frankfurt,Goalkeeper,25,186,88,Right,High,Medium,44.1,35.0,40.0,71.3,48.6,56.3,30.2,29.7,41.5,42.0,23.8,20.2,45.0,31.1,18.0,24.2,55.1,61.8,54.6,78.3,2139,27,0.0,0.04,48.0,50.0,3.8,7.73,72.5,Star,1
PLR-2016,Gavi Fernandez #1117,Germany,Ligue 1,Marseille,Forward,31,184,78,Right,High,Low,92.4,97.4,90.3,77.3,87.5,87.8,88.5,93.5,84.9,73.9,80.0,92.3,93.4,53.9,47.5,29.8,83.4,81.1,77.5,72.3,2099,26,0.59,0.41,71.4,40.0,10.28,22.64,89.6,Elite,2
PLR-2017,Gavi Maignan #1118,Spain,Ligue 1,Paris Saint-Germain,Midfielder,25,175,78,Left,Medium,High,67.4,66.1,83.6,71.9,70.8,64.5,73.0,73.3,81.3,81.3,83.3,60.6,78.2,60.8,58.9,63.3,81.3,75.6,57.4,79.1,2589,33,0.07,0.6,75.2,53.9,10.7,6.39,79.2,Star,1
PLR-2018,Enzo Saliba #1119,England,La Liga,Girona,Goalkeeper,24,185,82,Right,Low,High,38.0,44.6,40.0,68.1,56.4,55.3,36.0,25.0,49.1,42.0,21.2,19.6,45.0,25.0,19.2,26.6,61.2,64.1,61.8,75.1,1332,17,0.0,0.01,48.0,50.0,3.86,0.73,63.6,Developing,0
PLR-2019,Son Kroos #1120,Argentina,La Liga,Villarreal,Forward,26,180,79,Right,Medium,Medium,71.4,76.7,59.1,62.0,69.7,65.1,65.9,70.3,64.1,55.7,67.2,74.9,65.9,34.4,27.1,39.0,60.6,67.0,61.8,82.7,1517,19,0.35,0.14,65.0,40.0,8.8,4.43,68.6,Developing,0
PLR-2020,Thibaut Musiala #1121,Spain,Ligue 1,Monaco,Defender,25,184,78,Right,High,Medium,61.4,60.5,62.1,64.8,48.0,66.2,56.8,50.0,65.6,53.4,49.6,35.7,53.6,65.2,69.1,71.6,57.8,56.6,65.3,,510,8,0.05,0.05,72.0,65.2,8.5,0.5,66.2,Developing,0
PLR-2021,Darwin Sato #1122,Japan,Serie A,Lazio,Midfielder,30,181,81,Right,Medium,High,83.0,64.9,87.6,74.4,76.2,70.6,79.6,80.0,88.1,85.4,75.2,68.5,80.8,63.6,65.3,59.9,84.7,79.3,62.4,74.6,2170,27,0.06,0.76,79.0,57.5,11.16,14.24,82.5,Elite,2
PLR-2022,Darwin Diallo #1123,South Korea,Bundesliga,Borussia Dortmund,Goalkeeper,23,191,84,Right,Medium,High,50.1,50.2,50.9,87.5,61.3,77.4,40.4,38.7,51.6,58.4,26.4,22.0,77.3,35.4,26.5,25.5,76.5,84.0,73.7,74.4,1633,20,0.0,0.01,48.0,50.0,4.03,24.9,85.5,Elite,2
PLR-2023,Bukayo Dias #1124,Uruguay,Premier League,Arsenal,Goalkeeper,29,196,92,Right,Medium,Low,43.4,47.7,40.0,63.3,51.9,53.1,31.2,25.0,40.0,51.4,20.0,17.8,61.2,32.0,20.9,16.6,59.0,56.6,46.5,79.9,2193,28,0.0,0.0,48.0,50.0,3.8,0.5,66.9,Developing,0
PLR-2024,Dominik Silva #1125,Belgium,La Liga,Barcelona,Goalkeeper,33,182,82,Left,Medium,High,38.5,43.3,40.0,66.6,51.9,61.8,41.8,26.6,45.7,42.0,20.0,15.3,48.7,25.0,18.0,23.7,49.1,69.2,50.6,74.7,1504,19,0.0,0.02,48.0,50.0,3.82,2.66,63.8,Developing,0
PLR-2025,Ruben Traore #1126,Nigeria,La Liga,Girona,Midfielder,25,174,70,Right,High,Medium,61.1,64.7,65.0,48.0,58.0,45.2,63.5,59.3,67.1,60.0,57.5,59.1,59.8,45.0,49.6,42.6,63.2,62.0,56.2,73.1,2044,26,0.13,0.27,75.0,52.0,9.8,1.82,63.4,Developing,0
PLR-2026,Eduardo Donnarumma #1127,Netherlands,La Liga,Atletico Madrid,Defender,30,182,85,Right,Medium,Medium,71.7,64.4,77.8,82.4,70.8,77.5,62.2,56.7,65.6,68.5,62.4,39.5,59.2,86.1,86.7,81.9,71.3,74.1,68.7,75.1,2886,37,0.0,0.09,72.0,80.4,9.21,14.59,85.0,Elite,2
PLR-2027,Alexis De Bruyne #1128,Italy,La Liga,Atletico Madrid,Defender,28,175,83,Right,Medium,Medium,57.7,61.4,58.0,62.5,56.9,74.7,55.4,59.1,52.1,51.9,50.7,38.5,51.6,71.4,68.7,68.7,57.5,55.1,77.3,64.7,2300,29,0.02,0.08,72.0,62.0,8.5,5.27,68.5,Developing,0
PLR-2028,Darwin De Bruyne #1129,Senegal,Premier League,Newcastle,Midfielder,20,173,75,Right,High,Medium,55.0,56.0,65.0,49.6,58.0,45.0,62.7,58.0,65.0,60.0,52.2,52.7,55.4,52.5,42.0,48.6,52.0,48.0,51.4,88.0,2074,26,0.05,0.23,75.0,52.0,9.8,0.5,59.2,Developing,0
PLR-2029,Gavi Kroos #1130,Spain,Serie A,Atalanta,Defender,26,183,83,Right,High,High,81.1,84.1,84.8,99.0,80.9,91.2,76.4,72.3,,80.4,78.9,51.4,80.5,99.0,99.0,94.4,77.2,83.5,89.8,56.7,2332,29,0.06,0.08,76.2,92.7,10.23,66.28,94.5,Elite,2
PLR-2030,Alessandro Kim #1131,Canada,La Liga,Real Madrid,Forward,30,178,79,Right,Low,Medium,64.4,64.7,55.0,56.9,60.8,52.0,59.8,60.0,54.1,47.7,57.8,63.8,59.4,35.1,30.0,30.7,53.9,56.2,48.4,83.0,2410,30,0.21,0.05,65.0,40.0,8.8,1.49,61.7,Developing,0
PLR-2031,Trent Traore #1132,Portugal,Bundesliga,Borussia Dortmund,Midfielder,22,177,71,Right,High,Medium,71.2,79.9,91.8,71.9,79.9,68.1,84.8,85.2,86.7,89.1,74.7,76.3,79.6,73.1,76.1,49.3,83.4,77.2,73.7,69.5,2413,30,0.15,0.66,79.2,63.4,11.7,17.98,81.2,Star,1
PLR-2032,Son Saka #1133,Belgium,Bundesliga,Borussia Dortmund,Forward,30,176,74,Left,High,Medium,77.4,80.6,69.6,60.5,70.8,67.8,71.3,81.4,62.1,59.0,65.5,84.6,79.6,35.8,44.0,25.8,70.4,75.4,59.4,76.3,2434,31,0.4,0.17,65.0,40.0,9.01,4.05,79.0,Star,1
PLR-2033,Trent Sato #1134,Belgium,Premier League,Manchester United,Forward,26,170,71,Right,Medium,Medium,76.4,67.7,65.2,61.2,75.1,67.0,69.5,68.3,61.6,54.9,59.1,67.3,72.5,35.5,31.4,31.3,65.0,61.3,63.3,74.5,547,8,0.22,0.18,65.0,40.0,8.8,4.39,70.0,Developing,0
PLR-2034,Julian Tanaka #1135,Italy,Ligue 1,Monaco,Forward,18,183,79,Right,High,High,63.4,62.0,59.8,57.4,65.1,56.2,65.6,69.2,67.8,47.7,51.1,70.2,66.9,34.9,31.4,23.8,45.0,51.8,47.9,85.8,2548,32,0.38,0.12,65.0,40.0,8.8,2.71,65.0,Developing,0
PLR-2035,Khvicha Tchouameni #1136,Ghana,La Liga,Athletic Club,Defender,22,184,88,Left,High,Medium,78.0,66.9,71.5,85.8,64.3,83.9,68.8,56.3,66.7,68.5,63.0,52.3,66.7,80.6,85.0,80.1,69.5,69.2,74.6,71.6,1948,24,0.02,0.03,72.0,80.6,8.6,14.67,81.9,Star,1
PLR-2036,Achraf Schmidt #1137,Uruguay,Ligue 1,Lille,Midfielder,28,178,71,Left,High,High,72.6,75.2,86.5,74.6,75.1,73.1,88.0,86.6,92.7,91.1,75.5,72.1,74.4,76.9,76.2,67.0,85.5,77.0,82.0,,2961,37,0.1,0.78,82.0,63.3,11.33,19.95,85.1,Elite,2
PLR-2037,William Rice #1138,France,Bundesliga,RB Leipzig,Defender,23,182,69,Right,Medium,Medium,66.0,74.9,81.4,88.2,72.4,82.3,62.4,49.8,70.8,66.0,56.3,43.2,70.3,82.0,90.5,84.6,67.9,71.3,60.4,79.6,2989,38,0.13,0.06,72.0,81.6,9.95,16.2,82.5,Elite,2
PLR-2038,Alisson Foden #1139,England,Premier League,Liverpool,Forward,30,190,64,Right,Medium,Medium,86.4,87.3,79.8,84.7,85.4,79.0,82.0,91.2,81.9,65.0,78.7,92.0,80.4,49.2,54.1,29.6,77.5,80.9,68.1,75.6,2334,29,0.67,0.36,65.8,40.0,9.1,15.8,86.3,Elite,2
PLR-2039,Rodri Rice #1140,Canada,La Liga,Atletico Madrid,Midfielder,25,184,77,Right,Low,High,67.0,65.7,85.5,68.7,81.5,67.1,84.0,76.5,85.7,80.5,78.2,70.6,66.4,68.0,65.5,48.2,78.7,71.9,72.4,61.3,2104,26,0.17,0.52,77.8,56.7,10.92,12.18,80.5,Star,1
PLR-2040,Bukayo Williams #1141,Argentina,Bundesliga,RB Leipzig,Midfielder,24,182,83,Right,Low,High,55.0,68.5,73.4,61.2,63.4,58.7,70.5,62.4,72.7,69.1,64.9,65.5,60.7,45.0,53.3,44.6,69.3,63.0,52.1,84.4,2227,28,0.04,0.5,75.0,52.0,10.15,5.43,68.0,Developing,0
PLR-2041,Gabriel Davies #1142,Canada,La Liga,Barcelona,Defender,26,185,84,Right,Medium,Medium,69.7,74.0,63.7,80.2,55.1,70.2,67.6,51.4,68.5,59.5,59.2,48.1,55.7,79.5,82.5,74.2,64.0,67.3,67.1,68.6,1372,17,0.04,0.05,72.0,81.0,,7.07,75.3,Star,1
PLR-2042,Pedri Foden #1143,Netherlands,Ligue 1,Monaco,Midfielder,29,175,79,Right,Medium,High,63.8,66.9,65.8,60.7,59.9,57.9,73.8,64.0,71.2,79.4,59.8,53.9,63.5,68.1,56.1,47.8,68.3,70.1,55.1,91.8,1019,13,0.02,0.37,75.0,52.0,9.8,4.24,69.0,Developing,0
PLR-2043,Jude Bastoni #1144,South Korea,Premier League,Aston Villa,Midfielder,24,178,74,Left,Medium,Medium,73.8,74.3,84.2,69.8,69.1,57.5,70.4,75.8,81.2,74.8,65.1,69.8,72.8,67.2,62.2,58.6,67.4,69.7,67.3,,1682,21,0.08,0.55,75.3,52.0,11.24,6.7,74.9,Star,1
PLR-2044,Ederson Diallo #1145,USA,Ligue 1,Nice,Defender,27,183,77,Left,High,High,66.1,62.2,62.6,71.9,56.0,69.9,58.0,55.5,62.2,57.9,59.7,41.2,57.8,73.5,79.9,70.7,53.0,69.2,66.6,75.3,1820,23,0.01,0.02,72.0,74.4,9.0,2.09,73.0,Star,1
PLR-2045,Eduardo Davies #1146,Spain,Ligue 1,Lyon,Midfielder,25,174,70,Left,High,Medium,71.3,76.5,86.5,76.5,82.8,72.0,83.8,78.2,87.3,83.6,73.3,70.4,73.3,63.7,71.0,54.8,87.1,66.5,69.0,75.1,1949,24,0.15,0.73,75.7,57.8,11.4,18.54,82.8,Elite,2
PLR-2046,Thibaut Smith #1147,Argentina,La Liga,Real Sociedad,Forward,26,179,76,Right,Medium,High,87.3,98.7,73.3,74.8,85.4,75.5,87.7,89.7,68.7,68.5,82.0,87.8,79.2,42.8,39.8,35.6,77.3,73.9,63.6,67.5,1114,14,0.7,0.22,65.0,40.0,8.8,17.75,84.8,Elite,2
PLR-2047,Alphonso Diallo #1148,Morocco,Premier League,Aston Villa,Forward,25,186,75,Right,High,Medium,76.4,81.9,65.8,82.2,81.5,74.6,76.6,84.5,73.6,67.2,68.3,85.4,79.3,41.7,39.7,42.1,75.6,77.3,76.1,63.2,1477,18,0.6,0.31,65.0,40.0,8.8,12.07,80.3,Star,1
PLR-2048,Alejandro Davies #1149,England,Ligue 1,Paris Saint-Germain,Defender,24,192,81,Right,High,Low,86.5,79.4,,94.0,61.2,80.1,75.5,70.3,73.5,78.5,60.1,49.6,70.6,86.2,99.0,87.7,70.7,80.4,81.4,61.4,2114,27,0.01,0.05,72.0,89.8,9.04,47.05,89.8,Elite,2
PLR-2049,Leo Sato #1150,Belgium,Ligue 1,Monaco,Forward,24,171,75,Right,High,High,68.6,71.0,62.6,60.1,67.2,64.1,67.1,77.0,58.1,62.5,53.9,82.6,73.3,32.5,32.9,33.4,63.0,64.5,57.9,74.0,2449,31,0.38,0.14,65.0,40.0,8.8,6.17,71.7,Star,1
PLR-2050,Gabriel Moreno #1151,Croatia,La Liga,Athletic Club,Defender,23,183,81,Right,Medium,Medium,56.6,64.9,73.4,77.9,60.1,75.4,57.9,43.4,68.0,64.6,54.0,38.9,62.8,76.6,75.9,79.2,54.2,71.5,78.7,73.5,1350,17,0.01,0.1,72.0,72.4,8.5,9.6,76.3,Star,1
PLR-2051,Mateo De Bruyne #1152,Italy,Serie A,Inter Milan,Midfielder,24,189,69,Right,High,Medium,73.4,75.1,90.0,79.8,79.3,69.6,88.3,85.1,92.1,88.9,77.9,74.8,66.6,79.4,67.6,64.7,87.5,83.1,80.3,66.3,2423,31,0.19,0.85,80.6,53.6,11.13,34.33,87.3,Elite,2
PLR-2052,Pedri Kim #1153,Argentina,La Liga,Girona,Goalkeeper,24,191,79,Right,Low,High,55.0,41.3,47.2,79.8,57.4,80.1,34.8,30.3,44.2,43.1,26.7,28.8,57.6,35.5,18.6,18.4,67.3,78.7,68.0,73.3,2292,29,0.0,0.01,48.0,50.0,3.8,11.31,79.2,Star,1
PLR-2053,Bruno Tanaka #1154,France,Ligue 1,Rennes,Defender,25,173,79,Right,High,Medium,82.0,73.3,65.8,86.4,59.8,73.5,62.0,65.6,65.8,73.8,64.0,38.7,69.6,90.3,85.6,89.7,66.9,79.4,82.5,57.3,2351,30,0.0,0.11,72.0,77.6,8.5,14.42,82.0,Star,1
PLR-2054,Erling Smith #1155,Morocco,La Liga,Villarreal,Goalkeeper,21,191,82,Right,High,High,40.5,46.9,,75.8,50.2,69.8,45.6,25.4,57.9,58.5,22.8,28.5,56.4,34.2,26.1,20.4,73.6,69.0,70.3,69.7,1980,25,0.0,0.01,48.0,50.0,3.8,20.03,83.1,Elite,2
PLR-2055,Carlos Hakimi #1156,Italy,Ligue 1,Lille,Midfielder,31,175,74,Left,Medium,Medium,76.6,72.7,91.9,72.0,82.3,69.5,88.1,82.8,93.0,85.8,75.7,76.0,85.5,68.1,71.0,58.9,86.3,79.5,75.0,70.7,1791,22,0.13,0.67,82.8,52.0,11.23,16.43,87.8,Elite,2
PLR-2056,William Saliba #1157,Portugal,Bundesliga,RB Leipzig,Defender,28,189,87,Right,High,High,74.7,74.2,60.1,84.6,66.9,83.1,74.9,61.5,64.8,71.1,58.7,55.3,72.6,80.7,84.4,89.7,75.2,76.2,68.6,73.5,961,12,0.02,0.13,72.0,74.2,8.5,17.1,83.4,Elite,2
PLR-2057,Jan Fernandez #1158,Brazil,Premier League,Manchester United,Midfielder,29,183,68,Right,Medium,High,90.7,76.1,95.4,72.7,84.4,73.0,94.6,86.6,89.0,93.8,84.0,81.4,84.0,65.3,77.2,72.2,89.1,82.9,82.1,75.1,2491,31,0.28,0.78,82.1,63.7,12.08,34.81,89.4,Elite,2
PLR-2058,Mike Hernandez #1159,Canada,Premier League,Arsenal,Midfielder,34,177,64,Right,Low,Low,58.5,56.0,65.0,50.1,65.1,49.2,64.7,65.2,66.9,73.6,55.6,48.0,57.7,55.2,56.8,46.8,69.0,59.3,56.5,76.2,2196,28,0.02,0.44,75.0,54.9,9.8,0.5,64.0,Developing,0
PLR-2059,William Fernandez #1160,France,Premier League,Newcastle,Midfielder,27,170,70,Right,High,Medium,75.8,85.1,84.7,68.7,80.0,72.7,78.0,84.8,85.6,88.8,73.3,77.8,81.3,73.2,68.8,61.1,85.0,74.0,60.0,76.5,1689,21,0.22,0.78,75.2,54.5,11.02,15.06,82.0,Elite,2
PLR-2060,Achraf Donnarumma #1161,Uruguay,Premier League,Manchester United,Defender,32,184,80,Right,Low,Medium,52.0,56.3,58.0,63.3,48.0,61.7,53.0,43.8,52.0,49.9,41.0,34.4,48.0,65.4,70.4,64.9,48.6,59.3,53.0,73.7,1596,20,0.07,0.07,72.0,62.4,8.5,1.92,64.4,Developing,0
PLR-2061,Mike Hakimi #1162,Portugal,La Liga,Athletic Club,Goalkeeper,27,195,83,Left,Low,Medium,47.9,44.0,57.7,86.1,68.1,83.7,48.0,30.8,50.2,68.3,26.4,26.6,66.8,45.2,26.5,25.9,77.1,77.3,67.8,78.8,1678,21,0.0,0.01,55.0,50.0,4.24,38.99,90.7,Elite,2
PLR-2062,Cole Modric #1163,Argentina,Premier League,Manchester City,Defender,24,175,68,Right,Medium,Medium,70.3,53.7,66.2,78.0,64.3,68.4,61.1,59.7,67.0,60.7,51.7,41.3,64.2,74.7,70.9,74.5,55.3,57.0,67.9,75.2,2408,30,0.05,0.02,72.0,68.1,8.5,3.09,70.5,Developing,0
PLR-2063,Cole Williams #1164,Norway,Serie A,Juventus,Midfielder,27,178,66,Right,Medium,Low,68.3,61.4,73.7,51.9,63.8,56.1,74.0,64.5,75.8,72.9,64.8,64.8,73.0,50.3,59.8,63.2,78.4,59.1,53.7,81.7,2178,27,0.07,0.61,75.0,54.2,10.24,7.7,72.4,Star,1
PLR-2064,Erling Mueller #1165,Morocco,Ligue 1,Marseille,Midfielder,27,180,77,Right,Medium,Medium,63.1,77.6,85.2,70.7,82.2,60.8,89.9,84.4,87.2,86.6,79.4,75.8,85.9,66.0,73.9,61.4,83.8,76.4,69.8,72.1,1363,17,0.15,0.77,77.8,59.1,11.82,18.72,83.8,Elite,2
PLR-2065,Mike Oblak #1166,Germany,La Liga,Athletic Club,Defender,29,186,79,Right,High,High,77.7,69.7,76.5,90.0,65.3,79.3,67.8,60.2,75.2,65.9,64.0,47.5,65.5,82.9,85.7,87.6,69.8,69.9,76.2,71.7,2184,28,0.1,0.1,72.0,74.6,8.63,16.64,83.0,Elite,2
PLR-2066,Alisson Bastoni #1167,Morocco,Ligue 1,Marseille,Forward,24,176,79,Left,Medium,Medium,82.9,88.3,68.0,74.7,81.6,74.5,81.4,74.5,80.0,62.0,72.2,89.1,80.2,44.2,33.0,34.0,80.3,80.0,60.4,72.6,1656,21,0.69,0.35,65.0,40.0,8.8,18.05,81.6,Star,1
PLR-2067,Alejandro Oblak #1168,Netherlands,Bundesliga,Borussia Dortmund,Forward,25,189,69,Right,High,High,64.6,66.1,66.4,50.9,62.5,58.3,65.7,60.0,52.4,53.8,63.7,66.6,58.4,30.0,36.2,22.0,55.1,61.6,50.2,79.5,3346,38,0.39,0.16,65.0,40.0,8.8,2.37,63.8,Developing,0
PLR-2068,Khvicha Williams #1169,South Korea,Serie A,AC Milan,Midfielder,23,181,73,Right,Low,Medium,66.3,75.9,84.7,67.3,75.3,67.9,82.2,72.5,86.2,83.6,69.8,69.2,74.8,66.5,62.7,53.9,74.2,71.7,82.8,62.0,2041,26,0.16,0.58,79.3,60.1,10.86,13.05,78.7,Star,1
PLR-2069,Victor Bellingham #1170,Argentina,Premier League,Arsenal,Midfielder,26,177,76,Right,Medium,High,81.7,84.6,93.1,80.1,86.0,81.4,89.1,76.9,90.9,87.0,72.7,79.7,78.3,62.7,65.4,75.3,92.8,83.4,68.5,77.9,3420,38,0.17,0.85,85.9,54.0,11.71,31.32,88.6,Elite,2
PLR-2070,David Rice #1171,England,Premier League,Liverpool,Midfielder,28,171,73,Right,Low,Medium,67.3,71.6,77.9,54.9,62.8,61.8,68.5,63.4,77.3,71.2,68.8,63.1,65.3,61.9,58.8,56.8,69.0,61.6,66.5,77.4,2976,38,0.09,0.48,75.0,53.7,10.3,4.42,71.5,Star,1
PLR-2071,Gianluigi Haaland #1172,Morocco,Premier League,Newcastle,Forward,23,179,69,Left,High,Medium,72.6,68.5,56.7,60.4,76.8,68.4,68.2,68.2,57.8,57.9,65.4,72.9,69.3,37.4,44.1,29.8,55.6,62.8,69.3,61.4,2042,26,0.35,0.08,65.0,40.0,8.8,3.38,66.6,Developing,0
PLR-2072,Vinicius Rodri #1173,Morocco,Bundesliga,VfB Stuttgart,Forward,24,184,82,Right,High,Medium,75.1,75.2,59.6,62.7,66.7,70.0,66.3,77.5,63.0,45.5,49.7,74.4,75.5,44.4,34.2,24.9,62.5,66.8,60.8,76.1,1831,23,0.47,0.05,65.0,40.0,8.8,3.03,71.3,Star,1
PLR-2073,Noah Alvarez #1174,Japan,Ligue 1,Rennes,Forward,24,184,69,Right,Low,Medium,93.9,96.7,77.6,76.1,81.6,79.4,89.2,90.7,75.8,71.3,72.7,88.2,92.8,40.8,46.7,35.7,79.2,81.8,71.3,81.3,1557,19,0.55,0.42,65.0,40.0,8.8,44.93,89.7,Elite,2
PLR-2074,Kevin Bellingham #1175,Spain,Bundesliga,Borussia Dortmund,Goalkeeper,24,192,81,Right,High,High,48.7,57.2,50.5,75.6,64.8,76.5,48.4,37.4,52.5,58.6,22.0,23.3,74.0,36.8,23.6,28.2,67.2,73.8,67.6,63.3,897,11,0.0,0.04,48.0,50.0,3.99,14.39,78.5,Star,1
PLR-2075,Pedri Mendes #1176,Morocco,La Liga,Athletic Club,Midfielder,26,173,79,Right,High,Medium,55.0,60.1,70.0,58.0,59.1,46.1,66.3,59.8,65.4,67.6,54.7,56.0,62.3,45.5,56.7,48.2,70.1,57.1,55.6,79.3,1874,24,0.04,0.23,75.0,52.6,10.0,0.5,64.8,Developing,0
PLR-2076,Aurélien Camavinga #1177,Ghana,Ligue 1,Nice,Midfielder,25,179,76,Right,Medium,High,76.1,79.6,89.3,68.2,74.0,79.8,86.4,76.8,95.2,80.4,72.9,68.9,81.2,66.2,66.1,56.0,83.6,70.9,76.9,74.3,2856,36,0.1,0.64,89.4,52.0,11.28,15.98,83.7,Elite,2
PLR-2077,Federico Rice #1178,Argentina,Premier League,Manchester United,Defender,26,174,83,Right,Medium,Medium,84.8,85.3,85.2,99.0,73.2,98.0,83.5,65.0,88.8,73.7,71.8,48.8,76.5,99.0,99.0,92.3,77.6,86.7,94.6,74.4,1563,20,0.09,0.1,75.0,90.1,9.35,65.03,94.5,Elite,2
PLR-2078,Thibaut Saliba #1179,Uruguay,Ligue 1,Monaco,Forward,25,179,73,Left,Medium,Low,85.8,98.0,74.0,79.0,86.3,78.8,81.8,90.5,74.4,64.9,75.4,93.0,92.2,30.9,40.6,34.7,76.0,81.8,71.6,72.3,2582,33,0.61,0.34,65.0,40.0,8.81,24.95,86.0,Elite,2
PLR-2079,Virgil Williams #1180,Argentina,La Liga,Real Madrid,Goalkeeper,29,184,82,Right,Medium,Medium,44.9,52.4,41.5,83.7,55.4,74.8,36.8,38.2,54.5,50.5,30.1,15.0,52.1,31.7,18.0,21.6,67.3,70.2,65.5,79.9,1732,22,0.0,0.0,48.0,50.0,3.8,7.74,79.1,Star,1
PLR-2080,David Foden #1181,Norway,Serie A,Juventus,Defender,34,179,78,Right,Medium,Medium,61.3,63.0,75.1,81.5,67.5,68.0,67.1,57.6,68.5,61.1,52.1,37.0,65.8,83.3,79.1,77.0,72.3,79.0,77.4,71.3,1936,24,0.03,0.04,72.0,73.8,,8.18,76.6,Star,1
PLR-2081,Liam Mbappe #1182,Morocco,Ligue 1,Lyon,Forward,23,176,64,Left,Medium,High,80.6,81.1,80.2,75.2,81.3,72.1,84.2,85.8,71.2,69.1,68.7,82.8,81.7,49.7,39.4,27.2,67.7,81.5,67.0,68.7,2935,37,0.57,0.18,65.0,40.0,8.8,16.15,82.0,Star,1
PLR-2082,Federico Camavinga #1183,Nigeria,La Liga,Athletic Club,Midfielder,27,181,79,Left,High,Low,61.1,67.5,75.7,60.2,58.0,61.9,66.6,66.9,75.3,72.9,63.3,57.6,59.8,56.7,48.8,54.7,62.6,60.8,56.0,76.4,1716,22,0.06,0.3,75.0,52.0,11.37,1.29,66.3,Developing,0
PLR-2083,Darwin Modric #1184,Brazil,Bundesliga,RB Leipzig,Defender,26,178,82,Right,Medium,Medium,58.9,54.6,62.6,75.4,61.9,63.4,59.5,58.1,64.3,59.3,47.2,32.6,52.0,72.0,70.5,73.6,59.0,60.5,66.2,86.3,2941,37,0.04,0.03,72.0,62.0,8.51,2.63,72.3,Star,1
PLR-2084,Darwin Smith #1185,Senegal,Bundesliga,Bayer Leverkusen,Goalkeeper,31,193,87,Right,High,Medium,40.9,43.3,40.0,69.9,54.6,68.2,36.7,31.1,42.1,54.1,29.3,20.4,55.7,27.6,25.1,18.8,61.4,71.1,56.4,75.0,1496,19,0.0,0.01,48.0,50.0,3.8,0.5,67.4,Developing,0
PLR-2085,Cole Bellingham #1186,Brazil,Serie A,Napoli,Midfielder,26,177,68,Right,High,Low,83.8,93.0,93.5,67.4,84.0,74.7,89.9,82.3,89.7,91.1,75.5,79.0,75.5,64.5,66.8,66.9,92.2,77.6,61.7,71.9,2233,28,0.22,0.74,80.5,57.2,12.43,34.72,89.0,Elite,2
PLR-2086,Liam Rodri #1187,Uruguay,Serie A,Juventus,Midfielder,32,178,80,Right,Medium,Medium,77.0,79.0,83.3,69.2,78.4,66.8,79.6,78.3,88.0,83.6,87.4,76.8,77.0,73.4,70.6,55.6,92.1,84.3,67.4,72.3,2831,36,0.2,0.8,79.7,62.3,11.66,11.51,84.6,Elite,2
PLR-2087,Julian Wirtz #1188,Senegal,Ligue 1,Nice,Forward,25,171,76,Left,Medium,Medium,90.2,89.0,75.4,67.0,84.6,74.2,85.9,78.0,72.4,67.6,72.1,87.1,88.1,49.8,34.9,34.0,76.2,74.6,75.5,63.0,2101,26,0.66,0.32,65.0,40.0,9.53,17.36,84.1,Elite,2
PLR-2088,Ederson De Bruyne #1189,Croatia,Premier League,Arsenal,Goalkeeper,27,196,80,Left,High,Medium,54.9,64.5,51.4,89.6,66.0,89.3,41.5,41.1,,53.6,25.9,18.6,68.4,50.0,37.3,36.7,70.2,80.1,73.2,75.1,1900,24,0.0,0.0,48.0,50.0,3.8,29.0,88.6,Elite,2
PLR-2089,Gianluigi Courtois #1190,Italy,Serie A,Inter Milan,Forward,25,175,72,Left,High,Medium,67.0,71.5,55.0,54.5,60.0,56.0,64.7,69.5,58.5,42.0,48.7,66.3,63.8,34.2,25.5,32.3,62.9,57.3,49.9,77.9,1767,22,0.26,0.07,65.0,40.0,8.8,2.48,65.4,Developing,0
PLR-2090,Declan Martinez #1191,Norway,Premier League,Arsenal,Goalkeeper,20,185,88,Right,Medium,High,47.3,61.6,41.1,88.7,71.6,70.1,48.2,37.1,58.2,47.9,31.2,22.6,59.9,43.5,31.5,23.2,68.1,78.5,81.9,71.4,2243,28,0.0,0.01,48.0,50.0,3.8,25.95,84.0,Elite,2
PLR-2091,Declan Rodriguez #1192,Canada,Bundesliga,Bayer Leverkusen,Defender,29,186,83,Left,Medium,Medium,54.6,61.3,72.3,60.8,48.0,70.0,57.6,54.5,56.8,48.0,45.1,45.4,53.1,69.4,66.0,62.5,51.7,57.5,63.2,67.1,1740,22,0.01,0.01,72.0,62.0,8.5,5.02,62.9,Developing,0
PLR-2092,William Musiala #1193,USA,Serie A,Inter Milan,Midfielder,27,179,71,Right,Low,Medium,69.0,75.1,77.3,55.9,71.6,63.2,81.3,76.5,75.6,83.2,65.7,60.6,70.9,63.0,59.9,55.8,77.2,75.2,59.9,71.8,2468,31,0.02,0.54,75.0,52.0,10.12,6.61,75.1,Star,1
PLR-2093,Federico Saliba #1194,Argentina,Ligue 1,Nice,Midfielder,24,173,64,Right,Medium,Medium,61.7,72.4,69.4,58.6,61.9,59.0,65.6,58.0,69.3,74.3,52.9,51.8,62.8,57.4,58.1,54.8,67.8,58.6,62.6,76.9,1055,13,0.02,0.38,75.0,52.0,,1.95,65.8,Developing,0
PLR-2094,Rafael Diallo #1195,Belgium,La Liga,Real Sociedad,Forward,30,172,77,Right,Medium,High,82.0,85.2,74.7,68.6,76.3,73.5,75.6,82.1,68.4,59.5,76.7,81.7,78.0,43.7,39.8,34.3,74.0,74.7,64.3,73.4,1782,22,0.41,0.3,65.0,40.0,8.92,3.35,80.4,Star,1
PLR-2095,Bukayo Donnarumma #1196,Norway,Ligue 1,Rennes,Forward,29,180,76,Right,Medium,High,78.2,85.2,67.6,66.4,78.7,74.9,83.5,81.8,70.6,61.5,67.4,83.4,75.7,44.2,32.5,34.3,68.5,69.4,60.2,78.2,2412,30,0.49,0.29,65.0,40.0,8.8,11.49,78.8,Star,1
PLR-2096,Alejandro Mueller #1197,Italy,La Liga,Girona,Forward,28,178,85,Right,High,Medium,88.7,85.3,69.4,76.8,79.7,78.1,78.8,80.1,72.3,66.1,71.7,85.0,89.5,42.6,25.3,40.0,69.3,77.9,72.3,76.8,2385,30,0.55,0.27,65.0,40.0,9.05,16.05,82.1,Elite,2
PLR-2097,Julian Camavinga #1198,Netherlands,Ligue 1,Marseille,Forward,24,183,87,Right,Medium,High,84.7,70.8,61.0,73.8,77.4,76.8,74.2,72.8,67.2,62.3,61.4,76.3,75.3,35.3,34.5,27.7,67.2,74.2,73.3,68.7,1711,21,0.35,0.08,65.0,40.0,8.8,5.09,73.1,Star,1
PLR-2098,Ederson Oblak #1199,Norway,Serie A,Inter Milan,Defender,25,187,73,Right,Medium,High,69.5,64.0,72.8,74.6,67.5,76.1,60.1,70.6,74.2,76.4,54.8,36.3,67.4,85.2,83.4,71.5,63.6,67.7,70.5,83.0,2660,34,0.0,0.11,72.0,75.4,8.69,9.9,78.4,Star,1
PLR-2099,Ederson Saka #1200,Croatia,La Liga,Girona,Midfielder,29,180,69,Right,Medium,High,69.0,73.8,85.3,64.2,73.4,64.1,79.8,79.5,81.7,89.4,73.4,76.8,74.3,58.3,61.1,62.6,84.0,78.5,68.3,68.9,450,8,0.27,0.66,75.0,52.0,11.87,12.33,80.4,Star,1
PLR-2100,Cole Garcia #1201,Norway,Bundesliga,RB Leipzig,Forward,28,173,71,Right,Medium,Medium,72.8,75.3,67.7,65.5,73.1,68.2,69.8,70.5,66.9,52.8,60.6,70.8,70.4,35.9,28.5,25.1,63.2,65.7,74.3,69.0,2244,28,0.3,0.07,65.0,40.0,8.8,3.62,69.2,Developing,0
PLR-2101,Leo De Bruyne #1202,Japan,Premier League,Manchester City,Goalkeeper,20,192,81,Right,High,High,48.2,57.6,40.0,74.0,61.5,73.3,44.1,35.5,54.9,46.4,24.7,15.0,69.5,32.1,25.9,15.0,65.3,72.5,76.8,66.0,2170,27,0.0,0.0,48.0,50.0,3.8,10.47,78.0,Star,1
PLR-2102,David Bellingham #1203,Morocco,Bundesliga,RB Leipzig,Defender,26,184,69,Right,High,High,80.5,86.5,80.4,88.9,72.7,92.3,81.9,70.6,85.8,74.1,65.3,40.4,69.2,99.0,96.8,92.4,73.6,81.4,82.1,66.8,2502,32,0.0,0.04,77.5,90.2,9.6,41.23,91.6,Elite,2
PLR-2103,Virgil Saliba #1204,Ghana,Ligue 1,Rennes,Goalkeeper,24,184,84,Right,High,Medium,44.3,56.0,50.2,70.0,61.1,74.2,41.3,29.4,51.2,55.9,20.0,21.6,69.7,30.1,27.0,22.9,76.6,75.4,73.8,74.1,2268,29,0.0,0.01,48.0,50.0,3.8,14.11,78.4,Star,1
PLR-2104,Leo Maignan #1205,Belgium,Serie A,Roma,Goalkeeper,33,183,83,Right,Medium,Medium,40.4,37.3,40.0,67.3,48.9,64.6,40.2,33.8,,44.1,20.0,21.6,61.3,37.6,25.0,15.0,61.2,68.2,60.0,72.3,1753,22,0.0,0.0,48.0,50.0,3.8,1.18,67.6,Developing,0
PLR-2105,Lucas Garcia #1206,Colombia,Bundesliga,Borussia Dortmund,Forward,26,178,85,Right,High,High,66.7,72.7,55.0,62.6,69.1,58.5,64.7,72.1,59.3,52.4,56.2,76.5,61.2,33.8,28.9,24.6,53.4,61.2,65.0,71.0,2494,31,0.33,0.02,65.0,40.0,8.8,0.64,65.9,Developing,0
PLR-2106,Pedri Diallo #1207,Italy,Ligue 1,Paris Saint-Germain,Midfielder,19,174,84,Left,High,Medium,69.8,78.7,89.0,85.6,81.4,76.5,87.3,71.9,89.7,92.6,80.9,71.3,81.1,77.1,74.5,57.2,77.4,75.1,79.5,71.3,2090,26,0.16,0.62,78.9,64.9,11.91,16.89,80.9,Star,1
PLR-2107,William Camavinga #1208,Portugal,Bundesliga,Borussia Dortmund,Defender,27,186,72,Right,High,High,81.1,75.3,75.8,91.0,62.3,76.2,67.4,65.5,73.9,67.3,59.6,42.1,69.9,86.5,95.5,85.5,69.8,79.2,83.5,72.7,1943,24,0.02,0.07,72.0,88.5,9.0,24.06,86.1,Elite,2
PLR-2108,Vinicius Schmidt #1209,Japan,Premier League,Tottenham,Defender,28,181,80,Left,Medium,Medium,70.8,66.6,74.5,79.1,57.5,66.2,67.2,55.8,66.3,63.7,55.8,43.5,59.5,81.8,82.2,73.5,59.9,69.5,66.6,,1589,20,0.04,0.1,72.0,77.8,9.47,9.87,76.6,Star,1
PLR-2109,Khvicha Rodriguez #1210,Portugal,La Liga,Real Sociedad,Forward,25,185,70,Left,Medium,Medium,88.0,94.4,74.5,67.9,79.6,78.8,87.6,80.5,67.3,67.4,62.0,86.5,80.9,41.4,37.4,23.4,65.3,77.6,56.6,68.1,1638,21,0.52,0.18,65.0,40.0,8.8,18.03,82.5,Elite,2
PLR-2110,Gabriel Rodriguez #1211,England,Serie A,Fiorentina,Defender,23,173,82,Left,Low,Medium,58.6,66.0,58.0,70.1,62.6,63.9,51.0,49.2,58.2,56.7,49.4,39.8,64.0,67.9,71.1,75.8,52.5,65.1,50.3,84.8,3072,38,0.02,0.14,72.0,67.9,8.5,7.53,69.1,Developing,0
PLR-2111,Osimhen Fernandez #1212,Italy,Bundesliga,Bayer Leverkusen,Forward,23,171,81,Left,Medium,Medium,78.2,84.6,70.7,65.8,73.8,73.6,79.9,79.1,65.6,55.8,55.8,82.3,76.6,33.5,38.5,34.3,58.4,69.5,76.0,70.3,2555,32,0.51,0.12,65.0,40.0,8.83,10.33,77.8,Star,1
PLR-2112,Virgil Moreno #1213,Brazil,La Liga,Barcelona,Forward,35,183,73,Right,High,Medium,61.9,65.9,60.5,64.1,71.4,71.0,75.0,78.3,58.9,58.4,65.4,75.2,74.2,40.8,35.5,34.9,70.2,71.9,67.8,80.2,2623,33,0.35,0.14,65.0,40.0,8.8,2.47,72.1,Star,1
PLR-2113,Kylian Diallo #1214,Argentina,Ligue 1,Marseille,Midfielder,24,185,75,Right,Medium,Low,76.8,73.0,,70.5,71.2,58.1,76.0,71.6,78.5,79.7,70.7,65.9,76.1,60.6,67.7,62.9,77.9,72.6,63.7,74.9,3292,38,0.08,0.49,75.0,55.4,9.8,12.55,76.3,Star,1
PLR-2114,Moises Rodriguez #1215,Belgium,Premier League,Aston Villa,Midfielder,27,175,64,Left,Medium,High,59.3,56.0,65.0,57.2,59.8,59.9,65.0,62.3,71.6,66.8,61.6,53.0,59.0,57.1,48.2,43.0,64.9,62.9,61.5,78.0,1631,20,0.02,0.4,75.0,52.0,9.92,2.16,65.5,Developing,0
PLR-2115,Liam Santos #1216,Colombia,Serie A,Fiorentina,Midfielder,22,173,66,Right,Low,Medium,69.7,64.8,77.4,61.9,76.4,60.2,82.2,69.3,82.9,81.5,72.2,70.3,68.0,60.2,56.4,57.1,77.8,69.8,60.6,72.0,1699,21,0.06,0.66,75.1,52.0,10.62,6.26,75.3,Star,1
PLR-2116,Kevin Mbappe #1217,Netherlands,Serie A,Inter Milan,Forward,24,183,73,Right,Medium,Medium,86.9,89.8,76.8,71.6,78.3,82.2,78.3,84.8,72.5,56.7,69.4,81.6,84.7,39.7,36.9,38.2,68.7,73.8,77.1,65.8,3222,38,0.54,0.24,65.0,40.0,8.82,12.57,80.2,Star,1
PLR-2117,Leo Bastoni #1218,France,Ligue 1,Lyon,Defender,25,185,84,Left,High,Medium,90.1,89.2,77.6,97.8,73.9,91.3,75.1,69.8,82.3,66.7,66.2,40.1,69.9,92.7,90.7,88.8,78.9,83.6,89.1,68.3,2618,33,0.01,0.16,74.2,78.3,9.93,38.07,90.1,Elite,2
PLR-2118,Alexis Silva #1219,England,Premier League,Newcastle,Forward,29,184,67,Right,Medium,High,81.2,88.7,61.5,55.7,70.0,72.7,68.0,82.5,64.0,63.3,63.2,79.2,78.5,43.8,31.6,33.6,66.1,65.4,70.4,74.0,3021,38,0.42,0.12,65.0,40.0,8.8,6.1,77.0,Star,1
PLR-2119,Alessandro Tanaka #1220,Germany,Bundesliga,Eintracht Frankfurt,Forward,30,182,64,Left,Medium,High,85.0,87.5,76.8,67.5,81.3,69.0,85.0,83.0,78.3,55.1,75.8,88.2,88.9,51.4,53.4,40.6,69.7,80.8,62.5,71.9,2102,26,0.51,0.23,65.0,40.7,9.47,13.62,84.0,Elite,2
PLR-2120,David Maignan #1221,France,Ligue 1,Marseille,Defender,22,189,77,Left,Low,High,69.9,67.0,81.8,72.8,61.3,70.6,65.9,45.9,59.6,58.0,58.3,38.4,57.3,75.9,79.7,75.5,58.0,58.9,62.2,78.7,2246,28,0.01,0.02,72.0,70.6,9.6,8.48,73.8,Star,1
PLR-2121,Gavi Diallo #1222,Brazil,Ligue 1,Marseille,Goalkeeper,26,190,83,Right,High,High,59.2,50.4,,85.8,70.3,72.3,54.2,37.7,54.8,58.6,20.0,20.3,60.6,35.2,30.7,19.6,82.8,81.6,83.6,57.2,2020,25,0.0,0.0,55.9,50.0,3.8,38.35,90.1,Elite,2
PLR-2122,Virgil Williams #1223,Nigeria,La Liga,Real Sociedad,Defender,28,191,75,Left,High,High,65.2,68.3,72.0,76.0,58.7,74.7,62.5,56.9,68.0,67.5,55.7,41.2,59.7,78.0,81.6,78.2,58.2,60.4,63.4,77.3,1832,23,0.02,0.06,72.0,76.2,8.82,10.63,77.5,Star,1
PLR-2123,Virgil Modric #1224,Senegal,Premier League,Chelsea,Defender,28,177,68,Right,Medium,High,79.5,74.4,76.4,86.6,74.1,87.4,72.6,66.7,76.2,76.7,70.1,52.2,63.2,88.5,97.7,82.3,69.7,75.6,93.7,63.6,1813,23,0.04,0.15,72.0,89.8,8.5,33.06,89.6,Elite,2
PLR-2124,Trent Maignan #1225,Brazil,Serie A,Atalanta,Defender,27,184,79,Right,High,Medium,73.8,74.1,86.7,87.2,65.9,86.9,68.4,69.1,74.8,67.4,66.4,48.7,73.7,88.1,92.4,94.9,75.2,80.7,72.8,72.2,2435,31,0.01,0.02,72.0,88.2,9.35,24.66,86.6,Elite,2
PLR-2125,Moises Davies #1226,Senegal,Premier League,Chelsea,Midfielder,28,179,71,Right,High,High,72.5,79.1,74.2,65.6,73.6,63.7,80.7,75.6,84.6,75.6,83.3,64.3,73.0,62.4,62.4,55.1,85.1,66.2,78.2,69.6,2780,35,0.2,0.75,81.9,56.0,10.27,8.1,79.7,Star,1
PLR-2126,Pedri Jones #1227,Uruguay,Premier League,Newcastle,Forward,25,171,64,Left,Medium,Medium,75.6,75.3,68.7,55.8,75.0,69.1,73.5,72.8,64.8,58.5,63.5,71.6,77.8,39.0,34.3,37.6,62.1,65.5,57.4,79.3,3147,38,0.38,0.14,65.0,40.0,8.8,6.12,73.9,Star,1
PLR-2127,Son Rodri #1228,Colombia,Ligue 1,Paris Saint-Germain,Midfielder,20,176,79,Right,Medium,Medium,77.8,70.0,86.6,70.7,75.3,66.6,83.4,74.8,82.1,80.9,77.2,62.3,66.7,73.5,60.1,59.8,77.5,69.8,75.6,73.2,1977,25,0.12,0.59,75.0,56.8,11.2,17.82,79.0,Star,1
PLR-2128,Federico Modric #1229,Germany,La Liga,Athletic Club,Midfielder,26,170,76,Right,High,High,75.2,74.5,92.0,72.6,79.5,63.8,80.6,75.0,85.8,84.9,76.0,74.9,76.1,56.5,62.8,60.0,80.6,70.2,78.7,76.0,1614,20,0.1,0.77,75.9,52.0,11.48,12.4,79.7,Star,1
PLR-2129,Aurélien Sato #1230,Netherlands,Ligue 1,Rennes,Forward,25,174,73,Right,High,Medium,72.7,78.5,75.9,67.2,70.5,72.0,76.4,72.1,56.5,53.1,62.9,74.8,72.7,49.4,37.6,24.0,60.4,61.8,63.9,72.3,2581,33,0.55,0.02,65.0,40.0,8.8,5.38,73.0,Star,1
PLR-2130,Lucas Donnarumma #1231,Germany,Serie A,Inter Milan,Defender,24,192,93,Right,Medium,High,70.0,79.3,84.9,96.5,68.3,83.3,77.4,57.7,74.4,74.2,61.9,37.7,76.4,96.1,90.1,77.6,82.1,83.5,73.8,61.1,1277,16,0.02,0.12,72.0,84.1,9.22,36.63,87.5,Elite,2
PLR-2131,Florian Bellingham #1232,England,Ligue 1,Paris Saint-Germain,Midfielder,22,185,64,Right,High,Medium,74.6,66.5,84.8,60.1,78.6,56.7,81.9,79.1,80.6,88.4,66.8,70.2,68.2,60.4,66.0,62.3,79.2,76.0,79.6,71.2,1171,15,0.17,0.59,75.0,54.0,10.7,18.01,79.8,Star,1
PLR-2132,Nicolo Hernandez #1233,Morocco,Premier League,Liverpool,Forward,26,181,81,Right,Medium,High,60.0,66.7,65.7,57.4,63.6,62.7,65.6,65.4,62.9,50.6,58.6,73.2,58.0,30.0,27.0,31.0,59.1,51.4,60.5,78.3,2450,31,0.39,0.13,65.0,40.0,8.8,0.56,65.8,Developing,0
PLR-2133,Julian Hernandez #1234,Morocco,Ligue 1,Marseille,Forward,26,192,80,Right,Medium,Medium,85.8,96.7,81.1,87.4,84.9,79.0,86.5,91.7,72.3,67.2,76.1,92.1,87.8,41.8,31.3,34.8,67.9,78.9,82.2,64.2,2808,36,0.64,0.3,65.0,40.0,9.19,28.48,87.6,Elite,2
PLR-2134,Alessandro Davies #1235,Portugal,Premier League,Manchester United,Defender,27,185,75,Right,High,High,86.8,75.6,83.8,96.9,74.5,85.9,79.4,57.3,85.2,73.2,75.0,53.7,74.2,98.6,92.4,92.3,70.7,81.4,96.1,61.9,2311,29,0.06,0.15,75.3,87.2,9.41,51.96,92.5,Elite,2
PLR-2135,Theo Jones #1236,Germany,Ligue 1,Rennes,Forward,26,181,80,Left,High,High,92.7,95.5,79.4,81.1,95.7,69.4,85.3,82.9,83.5,68.2,71.4,92.0,92.0,48.4,44.5,45.2,77.7,84.0,70.5,70.0,1939,24,0.69,0.31,68.4,40.0,9.53,37.37,89.5,Elite,2
PLR-2136,Alphonso Rice #1237,Nigeria,Premier League,Aston Villa,Defender,23,187,78,Left,Medium,High,73.1,70.2,70.0,90.2,71.5,73.3,69.2,51.6,69.7,67.8,55.5,38.4,67.8,82.1,89.0,89.3,68.8,76.4,78.2,67.9,2031,26,0.07,0.03,72.0,79.6,8.5,18.46,83.2,Elite,2
PLR-2137,Osimhen Bellingham #1238,Brazil,La Liga,Real Sociedad,Midfielder,29,181,73,Left,High,High,68.6,61.3,86.1,70.3,73.2,72.2,84.5,73.9,87.9,83.6,74.3,64.5,70.3,72.4,65.7,64.2,79.3,67.8,76.5,75.0,1282,16,0.16,0.67,78.4,61.4,11.44,10.59,79.9,Star,1
PLR-2138,Kevin Mendes #1239,Croatia,Serie A,AC Milan,Midfielder,30,184,77,Left,High,Medium,84.4,85.0,91.7,76.7,87.2,67.9,89.9,86.1,88.2,96.2,93.3,88.4,75.0,78.9,68.3,66.1,87.0,73.7,69.1,75.6,1740,22,0.27,0.81,77.7,59.8,11.99,18.89,87.6,Elite,2
PLR-2139,Trent Moreno #1240,Brazil,Bundesliga,VfB Stuttgart,Midfielder,23,173,80,Right,Low,Low,67.3,79.0,75.2,68.5,76.3,58.6,79.7,73.6,74.7,81.7,71.6,64.9,71.4,69.7,60.4,52.2,70.0,65.5,56.4,82.3,2590,33,0.1,0.49,75.0,52.0,9.83,1.75,73.7,Star,1
PLR-2140,Khvicha Van Dijk #1241,South Korea,Bundesliga,VfB Stuttgart,Defender,30,186,68,Right,High,High,80.6,75.8,81.2,84.8,76.3,91.6,78.2,65.4,76.7,70.8,61.6,39.7,69.0,94.2,93.5,88.5,75.4,82.1,68.6,72.4,1653,21,0.06,0.13,72.0,91.4,9.14,23.71,90.1,Elite,2
PLR-2141,Kaoru Rice #1242,Japan,Ligue 1,Lyon,Midfielder,24,172,70,Left,Medium,Medium,70.0,70.4,80.2,63.4,80.1,65.6,77.0,69.3,77.9,83.8,57.1,64.4,69.4,63.9,61.3,63.5,75.4,68.1,66.2,70.8,2873,36,0.13,0.61,75.0,52.7,10.36,11.2,75.2,Star,1
PLR-2142,Alessandro Davies #1243,Norway,Serie A,Napoli,Defender,27,188,92,Right,Medium,Low,64.3,75.1,73.5,85.7,61.3,78.2,69.1,65.3,61.8,65.1,61.6,35.4,64.2,86.1,84.6,82.3,62.6,71.8,75.0,69.9,2736,35,0.08,0.06,72.0,71.6,8.5,13.8,82.2,Elite,2
PLR-2143,Cole Alvarez #1244,Norway,Ligue 1,Nice,Midfielder,29,186,72,Left,High,Medium,61.4,75.7,72.0,69.3,71.0,53.5,73.0,70.5,75.6,74.0,72.3,61.4,60.9,62.9,57.0,62.9,73.5,66.0,58.5,81.5,1520,19,0.03,0.4,75.0,52.0,9.83,6.7,74.2,Star,1
PLR-2144,Florian Bellingham #1245,Senegal,La Liga,Real Madrid,Forward,38,178,83,Right,High,Medium,80.4,77.5,75.8,85.1,85.5,78.1,87.0,94.6,82.8,71.0,80.6,96.2,84.4,52.1,26.9,36.7,84.8,86.2,73.0,72.1,2119,27,0.74,0.36,66.6,40.0,9.41,23.57,89.6,Elite,2
PLR-2145,David Santos #1246,Netherlands,Serie A,Inter Milan,Defender,22,178,85,Left,High,High,65.8,59.9,63.3,66.8,50.9,65.1,65.5,48.8,53.4,55.5,46.1,39.8,48.0,66.2,77.7,72.7,55.5,63.3,75.6,75.7,2196,28,0.02,0.05,72.0,70.7,8.5,0.5,69.7,Developing,0
PLR-2146,Rafael Fernandez #1247,Spain,Ligue 1,Marseille,Defender,24,186,78,Right,Medium,Medium,74.8,66.1,75.3,79.3,78.3,74.0,68.9,68.1,56.7,63.9,64.4,30.0,69.7,82.9,88.5,79.2,66.9,69.2,66.0,76.0,1681,21,0.01,0.06,72.0,74.7,8.87,15.91,80.1,Star,1
PLR-2147,Jude Moreno #1248,Colombia,Serie A,Napoli,Defender,29,190,77,Right,Medium,High,69.4,58.9,58.0,68.0,61.8,58.0,50.0,53.3,60.2,51.5,51.8,42.7,56.2,73.7,70.9,66.4,56.4,58.4,54.7,73.2,1747,22,0.01,0.05,72.0,62.6,8.5,1.72,69.3,Developing,0
PLR-2148,Alphonso Mbappe #1249,England,Serie A,Napoli,Defender,19,190,80,Right,High,Medium,61.5,67.1,77.1,84.4,67.8,79.0,71.3,60.1,68.0,63.2,57.8,42.6,64.9,71.1,87.8,83.9,64.2,58.2,77.3,69.6,1522,19,0.0,0.02,72.0,84.1,9.21,10.66,77.7,Star,1
PLR-2149,Julian Santos #1250,South Korea,Bundesliga,Eintracht Frankfurt,Defender,24,177,74,Right,High,Low,70.2,69.8,75.9,79.9,59.3,73.0,59.9,52.5,67.8,66.0,56.0,43.7,62.7,85.8,81.1,84.0,68.6,77.9,61.3,70.8,1452,18,0.01,0.02,72.0,71.6,9.05,13.6,80.1,Star,1
PLR-2150,Theo Garcia #1251,Belgium,Premier League,Manchester United,Defender,27,194,74,Right,Medium,Medium,93.8,80.2,94.2,96.1,84.5,97.6,80.8,79.8,82.1,75.2,78.8,49.2,78.5,97.6,99.0,98.0,75.7,89.9,79.2,71.9,2133,27,0.04,0.01,73.0,90.6,10.18,61.55,94.5,Elite,2
PLR-2151,Erling Silva #1252,USA,La Liga,Athletic Club,Defender,21,182,73,Right,High,High,56.8,68.0,64.1,75.4,62.2,69.9,55.3,50.8,63.6,58.4,59.7,34.8,55.6,74.4,69.9,79.2,45.9,55.5,55.7,76.3,1709,21,0.0,0.01,72.0,62.6,8.5,4.48,70.3,Developing,0
PLR-2152,Alejandro Jones #1253,Senegal,Ligue 1,Marseille,Defender,31,184,82,Right,Low,Medium,78.1,62.5,76.2,86.8,73.4,93.8,75.1,70.5,72.7,67.8,62.0,42.5,66.6,93.5,88.3,92.7,73.1,86.3,74.0,68.4,2026,25,0.08,0.08,72.0,80.9,8.94,24.42,90.2,Elite,2
PLR-2153,Marcus Haaland #1254,Germany,Bundesliga,Bayern Munich,Defender,23,189,78,Right,High,High,64.2,62.5,67.2,74.7,61.9,71.4,64.5,61.8,67.5,71.5,65.0,38.3,55.6,76.1,80.5,86.3,60.6,73.6,64.4,80.9,1190,15,0.07,0.13,72.0,73.5,8.5,12.52,78.6,Star,1
PLR-2154,Kevin Sato #1255,Belgium,Serie A,Lazio,Midfielder,33,185,68,Right,Medium,Low,55.0,56.0,65.0,48.7,65.9,53.9,69.8,67.0,65.6,73.4,57.3,60.3,63.9,53.3,52.1,49.9,69.0,64.8,52.8,86.0,968,12,0.03,0.29,75.0,52.0,9.8,0.5,66.4,Developing,0
PLR-2155,Osimhen Foden #1256,Nigeria,Bundesliga,RB Leipzig,Defender,31,198,75,Right,Medium,Medium,63.9,72.5,68.1,80.9,55.8,69.6,60.8,56.3,64.6,60.1,43.7,32.1,63.6,82.7,78.3,73.5,69.3,75.4,71.7,69.2,1722,22,0.01,0.04,72.0,72.1,8.5,6.49,77.4,Star,1
PLR-2156,Jan Foden #1257,France,Ligue 1,Paris Saint-Germain,Forward,27,182,77,Right,Medium,Medium,79.3,73.9,63.2,53.6,67.5,67.8,74.3,69.6,67.4,56.4,67.9,82.0,73.6,36.0,35.9,36.0,61.9,72.0,71.4,69.0,1565,20,0.41,0.2,65.0,40.0,8.8,6.07,75.0,Star,1
PLR-2157,Alphonso Garcia #1258,Italy,Bundesliga,Bayern Munich,Defender,30,185,79,Left,High,Low,70.1,69.1,66.8,75.2,53.5,71.0,62.7,53.9,58.6,63.8,51.4,33.9,61.1,72.8,77.5,79.5,65.3,65.0,81.9,64.2,1954,25,0.15,0.06,72.0,68.7,8.5,3.85,74.5,Star,1
PLR-2158,Gavi Moreno #1259,Belgium,Serie A,Inter Milan,Defender,28,194,79,Right,Medium,High,59.2,53.1,58.0,63.3,48.0,58.7,50.0,42.5,52.6,48.0,45.0,35.6,58.2,65.0,71.2,63.3,50.9,57.7,60.7,75.8,1710,21,0.0,0.01,72.0,69.2,8.5,0.86,65.1,Developing,0
PLR-2159,William Martinez #1260,Senegal,Serie A,Napoli,Forward,28,195,78,Right,High,High,70.4,70.3,59.1,50.0,60.0,56.3,58.0,60.0,57.1,56.0,45.0,64.4,58.9,41.6,33.6,34.2,56.9,58.7,61.6,72.7,1782,22,0.25,0.11,65.0,40.0,8.8,2.4,62.7,Developing,0
PLR-2160,Marcus Silva #1261,Japan,Serie A,Juventus,Defender,23,184,88,Left,Medium,Medium,68.8,70.6,79.7,94.6,72.3,78.5,70.2,63.0,77.1,76.2,50.9,52.7,60.2,86.5,81.4,89.8,74.1,66.5,85.1,,2325,29,0.04,0.12,72.0,70.7,9.18,22.84,83.9,Elite,2
PLR-2161,Alejandro Fernandez #1262,Nigeria,Serie A,Roma,Forward,26,167,80,Left,High,High,85.7,86.2,68.1,67.5,82.9,72.1,82.0,82.2,69.1,59.0,64.1,90.9,79.7,37.1,34.8,24.5,68.0,78.4,71.6,66.0,819,10,0.53,0.24,65.0,40.0,8.8,19.55,82.6,Elite,2
PLR-2162,Gavi Schmidt #1263,Italy,Premier League,Chelsea,Midfielder,35,190,73,Left,Medium,Medium,57.3,59.4,81.0,66.2,73.4,65.3,75.9,69.0,80.9,83.6,73.8,67.5,68.8,63.4,57.0,54.8,83.9,68.9,63.2,71.8,1859,23,0.09,0.59,77.2,52.0,11.01,10.03,78.5,Star,1
PLR-2163,Alphonso Barella #1264,Belgium,Bundesliga,Eintracht Frankfurt,Defender,22,183,77,Right,High,High,62.7,59.6,71.0,77.1,63.2,84.6,57.4,57.2,65.6,64.2,65.6,30.0,59.8,76.0,82.3,80.6,58.2,74.9,68.5,70.6,2110,27,0.02,0.01,72.0,76.3,9.61,11.49,77.9,Star,1
PLR-2164,Liam Hernandez #1265,Canada,Ligue 1,Nice,Forward,29,182,82,Right,High,High,66.1,63.3,55.0,50.0,60.0,61.0,65.2,60.0,54.4,47.9,49.6,62.4,61.7,30.0,29.1,22.0,57.7,55.3,52.9,88.7,3283,38,0.05,0.07,65.0,40.0,8.8,3.38,62.9,Developing,0
PLR-2165,Jude Rice #1266,Senegal,La Liga,Barcelona,Defender,27,186,81,Right,Medium,Low,65.6,73.5,79.6,91.9,59.4,80.1,67.5,57.3,65.7,73.6,52.0,33.3,61.3,75.9,80.6,76.6,66.5,70.3,84.5,60.8,1843,23,0.01,0.12,72.0,71.5,8.87,7.26,76.4,Star,1
PLR-2166,Rodri Hernandez #1267,Netherlands,La Liga,Girona,Defender,25,186,78,Left,High,High,78.4,83.5,86.1,94.0,76.6,87.4,74.6,71.7,80.5,80.1,64.9,41.8,74.3,91.7,97.6,93.3,75.7,81.9,93.7,64.9,1535,19,0.04,0.14,72.0,86.8,10.03,47.49,92.2,Elite,2
PLR-2167,Gabriel Mueller #1268,Belgium,La Liga,Real Madrid,Midfielder,22,174,78,Right,Medium,Medium,79.3,83.9,88.5,74.1,82.9,74.4,94.1,83.4,90.4,94.1,79.5,68.7,71.1,72.3,68.2,72.2,83.3,81.2,75.2,63.6,2414,30,0.13,0.8,82.0,58.8,11.12,29.11,86.2,Elite,2
PLR-2168,Luka Barella #1269,Belgium,La Liga,Atletico Madrid,Forward,27,188,78,Right,Low,Medium,74.2,81.0,59.1,71.6,68.8,68.6,77.1,81.0,70.9,52.1,68.2,75.2,68.6,34.6,41.8,27.4,55.5,62.8,58.3,78.0,2778,35,0.37,0.03,65.0,40.0,8.8,1.92,73.1,Star,1
PLR-2169,Gianluigi Silva #1270,Brazil,Serie A,Roma,Midfielder,31,181,68,Right,Medium,Medium,68.7,65.0,78.3,64.5,82.2,76.4,76.0,79.2,76.3,80.4,67.1,62.7,81.1,60.3,57.6,51.7,75.9,81.8,64.3,74.6,2096,26,0.1,0.54,75.0,52.0,,5.94,78.2,Star,1
PLR-2170,Florian Donnarumma #1271,Nigeria,Ligue 1,Rennes,Midfielder,25,180,70,Right,Low,Medium,75.7,81.0,73.9,62.5,64.7,67.0,82.9,74.7,81.7,77.6,72.4,65.5,75.8,73.3,69.5,68.8,84.1,71.1,68.8,72.2,1950,25,0.1,0.6,75.0,58.3,9.96,7.24,76.7,Star,1
PLR-2171,Osimhen Davies #1272,Morocco,La Liga,Girona,Goalkeeper,32,187,88,Left,Medium,High,48.3,48.8,48.8,81.9,58.7,73.4,42.4,31.0,52.2,56.9,27.1,25.0,71.7,29.9,31.0,21.9,66.2,72.6,57.5,76.5,1558,19,0.0,0.0,48.0,50.0,3.8,5.83,77.5,Star,1
PLR-2172,Theo Mendes #1273,Belgium,Serie A,Fiorentina,Midfielder,21,166,66,Left,High,High,60.1,67.6,79.4,63.8,76.8,61.3,83.1,78.1,74.9,79.1,73.4,74.2,67.5,55.2,63.5,53.1,69.8,67.3,69.8,75.5,2544,32,0.21,0.36,75.0,52.0,10.69,4.34,74.6,Star,1
PLR-2173,Trent Bastoni #1274,USA,La Liga,Athletic Club,Forward,29,177,73,Right,High,High,72.5,70.0,68.1,51.4,60.0,55.2,62.6,66.8,60.6,51.8,58.3,69.0,67.1,35.9,38.3,30.3,58.8,64.3,69.7,73.8,2460,31,0.28,0.08,65.0,40.0,8.8,1.36,65.3,Developing,0
PLR-2174,Aurélien Barella #1275,Ghana,Serie A,Fiorentina,Midfielder,32,171,72,Right,Medium,Medium,57.0,56.0,,55.7,65.1,53.2,74.4,69.6,71.0,64.7,66.0,62.8,58.6,54.2,54.1,55.5,67.5,57.3,66.1,70.7,1674,21,0.06,0.35,75.0,55.9,9.84,0.5,68.3,Developing,0
PLR-2175,Virgil Bastoni #1276,Nigeria,Bundesliga,Eintracht Frankfurt,Midfielder,23,171,78,Right,High,Medium,78.9,77.9,81.3,69.9,80.9,66.6,88.5,85.2,87.8,85.6,86.6,57.6,77.8,72.5,57.3,57.1,86.0,71.1,69.8,71.0,1930,24,0.02,0.7,79.3,52.0,10.58,21.36,82.7,Elite,2
PLR-2176,Rafael Mueller #1277,Senegal,Serie A,Lazio,Defender,27,184,75,Right,Medium,High,62.0,58.7,58.2,72.0,56.5,72.6,59.4,51.8,55.8,53.3,48.8,34.2,60.7,75.5,68.5,66.8,57.7,64.2,71.6,68.5,1494,19,0.01,0.07,72.0,62.0,8.5,4.07,69.8,Developing,0
PLR-2177,Aurélien Camavinga #1278,Spain,Ligue 1,Marseille,Forward,30,177,70,Left,High,Medium,64.5,75.9,56.7,56.9,70.7,68.2,71.2,73.1,72.6,48.8,62.0,77.6,71.4,34.1,36.3,32.1,62.2,70.9,52.8,83.9,2145,27,0.35,0.22,65.0,40.0,8.8,0.5,70.5,Developing,0
PLR-2178,Jamal Camavinga #1279,South Korea,Bundesliga,RB Leipzig,Defender,28,179,79,Left,High,High,68.2,65.1,66.9,70.1,50.4,70.0,57.6,58.5,59.9,50.4,51.7,43.1,68.7,83.7,76.1,71.5,61.7,63.9,69.0,72.4,2459,31,0.01,0.04,72.0,73.0,8.98,5.26,74.2,Star,1
PLR-2179,Leo Saka #1280,Germany,Serie A,Juventus,Midfielder,25,176,74,Right,High,Medium,56.6,56.8,65.0,52.9,59.1,55.4,66.1,62.9,66.7,66.5,52.0,49.3,58.7,52.4,55.3,44.9,57.2,50.5,45.6,82.1,2108,27,0.07,0.35,75.0,52.0,9.8,0.69,63.1,Developing,0
PLR-2180,Alexis Moreno #1281,England,La Liga,Girona,Goalkeeper,18,192,88,Left,Medium,Low,38.6,49.8,40.0,65.2,54.4,54.8,34.1,25.0,40.0,42.0,20.0,15.8,45.0,28.3,20.1,18.0,45.0,54.5,56.1,78.1,1775,22,0.0,0.01,48.0,50.0,3.8,0.5,61.8,Developing,0
PLR-2181,Darwin Garcia #1282,USA,Serie A,Atalanta,Midfielder,30,180,73,Right,Medium,Medium,88.0,84.3,95.4,78.6,89.0,80.8,90.7,86.9,95.7,97.2,90.0,84.8,86.1,84.1,73.8,77.2,89.3,95.6,80.5,60.2,1090,13,0.23,0.85,84.1,58.2,12.08,31.26,92.5,Elite,2
PLR-2182,Jan Rodriguez #1283,England,La Liga,Athletic Club,Midfielder,22,171,69,Left,High,Medium,75.9,70.5,76.7,70.4,71.8,60.0,79.0,79.6,81.0,79.3,72.4,64.8,68.2,63.8,60.5,50.6,74.4,67.8,64.7,72.8,1661,21,0.1,0.45,75.0,52.3,9.89,9.51,77.2,Star,1
PLR-2183,Lucas Traore #1284,Senegal,La Liga,Atletico Madrid,Goalkeeper,31,191,83,Left,Low,High,38.9,53.2,40.0,68.7,46.7,68.4,30.0,25.0,49.0,42.0,20.8,26.0,45.1,28.3,18.0,16.2,58.2,59.0,60.6,75.8,2122,27,0.0,0.0,48.0,50.0,3.8,2.33,70.9,Developing,0
PLR-2184,Ederson Sato #1285,Senegal,La Liga,Girona,Forward,27,179,82,Left,Medium,Medium,80.4,84.5,69.2,66.3,81.5,74.4,72.8,79.1,63.4,66.0,69.3,85.2,74.3,38.4,41.6,31.7,67.0,77.9,62.8,84.2,1949,24,0.45,0.19,65.0,40.0,8.8,10.7,79.5,Star,1
PLR-2185,William Kroos #1286,Portugal,Ligue 1,Rennes,Goalkeeper,27,188,85,Right,High,Medium,35.0,43.0,47.0,69.4,59.0,69.4,30.0,25.0,48.0,50.5,20.0,17.6,55.8,27.9,27.1,19.2,60.3,57.8,71.6,82.3,2937,37,0.0,0.0,48.0,50.0,3.8,4.15,71.3,Star,1
PLR-2186,Alexis Moreno #1287,USA,Ligue 1,Paris Saint-Germain,Defender,30,184,74,Right,Low,Medium,83.5,72.9,86.9,89.3,72.4,88.7,73.3,61.9,75.8,67.6,70.0,40.3,81.7,90.5,96.1,98.0,76.1,72.8,80.2,63.8,3420,38,0.01,0.04,72.0,93.2,9.63,26.04,89.5,Elite,2
PLR-2187,William Bastoni #1288,Argentina,Ligue 1,Monaco,Forward,31,175,73,Right,High,High,79.5,81.8,71.4,70.7,82.8,74.4,79.1,84.5,74.1,70.1,68.2,88.0,89.1,36.2,36.8,29.0,67.6,78.0,65.7,68.6,2418,31,0.61,0.28,65.0,40.0,8.8,5.58,81.8,Star,1
PLR-2188,Carlos Hernandez #1289,Brazil,La Liga,Real Madrid,Midfielder,22,181,68,Left,Medium,Medium,70.6,78.6,86.2,72.6,80.3,66.0,84.8,74.1,87.4,86.4,71.5,69.5,85.6,71.4,60.7,60.6,78.8,78.9,74.9,75.3,2245,28,0.19,0.7,80.8,57.4,,15.88,81.6,Star,1
PLR-2189,Alejandro Davies #1290,Morocco,La Liga,Girona,Defender,25,190,73,Left,Medium,Medium,61.3,59.3,58.4,66.4,57.8,62.1,51.9,44.2,59.5,57.8,57.9,35.4,52.2,69.2,67.7,62.9,54.8,63.9,67.3,72.2,2733,35,0.01,0.02,72.0,63.8,8.5,3.22,66.2,Developing,0
PLR-2190,Kylian Saliba #1291,Uruguay,La Liga,Villarreal,Forward,27,187,64,Left,Medium,Medium,86.7,84.5,73.0,60.5,78.2,87.4,77.3,76.7,74.1,56.4,73.9,82.4,79.9,37.3,39.4,34.5,71.0,62.6,71.0,85.3,2435,31,0.46,0.34,65.0,40.0,8.8,7.52,76.9,Star,1
PLR-2191,Liam Mbappe #1292,Brazil,Serie A,Atalanta,Midfielder,22,184,68,Right,Medium,Medium,83.8,80.1,89.2,71.3,82.6,78.7,82.4,85.7,94.8,86.1,89.6,80.6,78.1,72.5,65.0,63.1,89.2,74.7,73.1,67.3,2797,35,0.19,0.85,87.8,52.0,11.85,30.93,87.0,Elite,2
PLR-2192,Son Traore #1293,Argentina,Premier League,Liverpool,Midfielder,24,177,69,Right,High,High,60.9,69.8,79.2,60.3,65.0,65.0,70.3,61.7,78.3,72.0,65.5,65.3,63.4,51.2,64.0,53.7,78.8,68.9,67.8,68.9,2535,32,0.08,0.51,75.0,55.6,10.83,7.32,72.5,Star,1
PLR-2193,David Williams #1294,Spain,La Liga,Girona,Midfielder,25,180,70,Right,High,High,79.7,87.7,93.5,80.7,85.3,79.6,89.9,92.3,93.1,93.9,75.2,81.4,77.4,78.1,69.0,61.2,94.4,75.3,83.4,71.8,1790,22,0.22,0.85,81.2,56.3,11.84,31.34,89.0,Elite,2
PLR-2194,Darwin Hakimi #1295,Colombia,Serie A,AC Milan,Forward,25,175,82,Right,Medium,High,86.3,87.8,69.9,73.1,85.7,83.1,81.6,78.4,71.9,54.4,69.4,91.9,76.6,42.0,33.9,45.1,72.5,84.3,73.4,79.5,1293,16,0.7,0.27,65.0,40.0,8.8,17.53,83.4,Elite,2
PLR-2195,Ederson Camavinga #1296,USA,Premier League,Arsenal,Defender,29,184,76,Right,Medium,High,68.7,68.6,73.0,78.5,48.9,67.5,63.1,59.5,67.3,55.3,50.5,41.8,64.7,79.7,80.3,78.8,64.8,63.5,70.1,73.5,2409,30,0.01,0.02,72.0,71.7,8.5,11.3,77.4,Star,1
PLR-2196,Leo Santos #1297,Norway,Ligue 1,Marseille,Goalkeeper,27,190,74,Right,Medium,Medium,40.2,35.0,40.0,57.7,50.7,50.0,30.0,25.0,40.0,42.0,22.2,19.1,45.0,25.0,24.3,20.2,45.0,54.6,47.1,71.2,1380,17,0.0,0.0,48.0,50.0,3.8,0.5,63.6,Developing,0
PLR-2197,Alejandro Kroos #1298,Ghana,La Liga,Real Madrid,Goalkeeper,31,186,83,Right,High,Medium,48.3,51.0,44.8,77.8,65.1,69.3,35.8,35.0,57.1,52.8,28.3,23.3,65.6,33.0,25.2,22.1,84.0,78.5,73.8,,2563,32,0.0,0.01,48.0,50.0,3.81,11.44,82.3,Elite,2
PLR-2198,Vinicius Modric #1299,Spain,La Liga,Real Sociedad,Defender,36,179,71,Left,Medium,Medium,60.1,59.9,65.6,66.4,54.3,68.9,62.8,52.4,65.1,51.4,46.7,34.3,53.4,81.4,74.8,69.6,67.7,74.8,68.0,68.1,1783,22,0.03,0.03,72.0,69.7,8.5,3.44,71.7,Star,1
PLR-2199,Pedri Hernandez #1300,Uruguay,Bundesliga,Bayern Munich,Forward,24,183,83,Left,Low,Low,85.7,86.9,69.8,67.0,80.2,88.9,77.3,85.4,73.4,67.1,81.2,80.7,79.2,53.0,41.5,31.8,74.6,77.0,68.6,74.1,1440,18,0.49,0.31,65.0,40.0,8.8,14.62,81.1,Star,1
PLR-2200,Vinicius Oblak #1301,Belgium,La Liga,Villarreal,Defender,29,181,91,Left,Medium,Medium,76.9,74.0,79.1,89.5,60.9,77.8,76.2,58.6,70.5,71.4,61.0,41.5,72.4,90.5,86.3,81.2,72.5,71.9,79.7,66.2,2077,26,0.01,0.06,72.0,75.3,8.5,11.17,82.4,Elite,2
PLR-2201,Ruben Hakimi #1302,Croatia,La Liga,Barcelona,Forward,26,175,87,Right,High,High,92.0,88.0,86.3,75.8,80.0,88.5,85.8,96.5,76.5,61.3,76.1,91.7,91.6,51.5,48.1,35.8,83.2,91.9,59.5,74.0,2434,31,0.45,0.39,65.0,40.0,,35.87,89.8,Elite,2
PLR-2202,Dominik Alvarez #1303,England,Serie A,AC Milan,Forward,26,174,78,Right,High,Medium,84.3,84.0,82.8,69.3,79.3,82.3,81.1,81.9,60.4,68.0,61.3,77.4,79.7,44.9,30.9,23.7,64.7,72.4,69.5,70.7,2020,25,0.49,0.22,65.0,40.0,8.96,5.55,76.8,Star,1
PLR-2203,Virgil Modric #1304,Senegal,Serie A,Fiorentina,Midfielder,25,174,78,Left,High,High,85.6,83.8,95.0,82.1,83.0,82.9,93.4,85.1,97.8,98.0,85.9,85.7,79.4,64.0,74.7,72.8,86.3,82.4,79.0,74.9,1853,23,0.27,0.85,87.3,60.7,12.06,33.77,90.0,Elite,2
PLR-2204,Leo Wirtz #1305,Canada,La Liga,Villarreal,Midfielder,24,185,64,Right,Medium,High,79.5,79.2,88.3,66.7,87.2,72.0,89.4,84.6,92.2,88.9,88.3,85.6,86.5,71.3,69.4,70.3,92.2,82.7,69.6,82.0,1871,23,0.31,0.84,82.1,55.1,11.27,39.25,88.5,Elite,2
PLR-2205,Virgil Santos #1306,Brazil,La Liga,Girona,Defender,27,183,86,Left,High,Medium,73.9,76.1,75.9,87.0,57.7,86.6,66.4,50.5,79.1,68.3,62.2,61.1,64.1,85.8,84.8,89.1,63.6,73.5,72.8,73.0,2127,27,0.03,0.05,72.0,77.8,8.5,19.99,84.7,Elite,2
PLR-2206,Kaoru Traore #1307,Ghana,Bundesliga,VfB Stuttgart,Defender,36,177,82,Right,High,Medium,76.5,63.3,84.5,99.0,69.0,78.5,66.9,56.0,,73.6,55.2,43.6,68.0,93.2,93.1,85.6,82.9,78.7,78.7,63.0,1765,22,0.02,0.14,72.0,84.4,9.61,21.46,89.3,Elite,2
PLR-2207,Liam Mendes #1308,Croatia,Serie A,Atalanta,Midfielder,25,185,70,Right,High,High,77.9,79.7,90.2,67.2,84.5,74.2,83.4,72.8,78.5,89.3,68.3,65.7,78.2,60.8,78.0,62.5,89.7,75.6,73.6,70.1,1940,24,0.15,0.7,75.0,62.7,11.51,12.89,80.8,Star,1
PLR-2208,Gianluigi Martinez #1309,Croatia,Premier League,Aston Villa,Forward,27,175,75,Right,High,Medium,83.0,89.8,79.3,76.6,84.2,83.0,83.0,85.0,78.9,57.2,74.3,84.0,82.6,45.6,31.7,33.8,70.6,80.1,68.2,78.5,1800,23,0.46,0.16,65.0,40.0,9.13,13.59,82.5,Elite,2
PLR-2209,Trent Bastoni #1310,France,Serie A,Roma,Goalkeeper,27,185,89,Right,High,Medium,65.2,48.5,47.4,90.3,72.7,78.3,46.0,27.4,45.6,65.0,20.0,19.9,70.1,40.2,18.0,25.9,71.0,72.0,71.6,65.2,1846,23,0.0,0.0,48.0,50.0,3.98,13.4,81.5,Star,1
PLR-2210,Victor Hernandez #1311,Brazil,Ligue 1,Rennes,Midfielder,22,173,70,Right,Medium,Medium,55.0,56.0,65.0,59.0,58.0,53.6,69.8,58.2,65.0,61.8,55.8,48.5,52.0,51.7,45.4,42.3,54.0,53.3,40.0,81.9,2352,30,0.02,0.15,75.0,52.0,9.8,0.5,60.7,Developing,0
PLR-2211,Florian Smith #1312,Canada,Ligue 1,Lille,Midfielder,30,176,62,Right,Medium,Medium,83.8,74.0,89.4,73.2,78.6,71.7,92.8,78.7,86.8,86.5,92.1,76.0,76.8,75.4,60.0,63.8,89.5,83.4,71.1,72.5,1804,23,0.25,0.85,75.6,55.7,11.21,22.74,88.4,Elite,2
PLR-2212,Liam Oblak #1313,Nigeria,Bundesliga,Borussia Dortmund,Forward,34,182,76,Right,High,Medium,81.2,83.9,73.8,76.2,87.1,76.0,80.2,79.9,75.5,72.3,72.2,92.8,86.9,53.9,28.1,41.6,80.2,78.0,84.7,59.1,1555,19,0.65,0.35,65.0,40.0,8.8,10.94,83.3,Elite,2
PLR-2213,Kevin Mbappe #1314,Croatia,Ligue 1,Nice,Defender,33,185,73,Right,Medium,Medium,70.2,72.3,84.3,90.4,70.6,79.5,75.7,67.6,79.9,64.9,64.3,44.9,69.5,91.7,90.4,91.2,74.3,86.5,78.8,69.3,1106,14,0.11,0.07,72.0,84.8,9.72,21.3,88.9,Elite,2
PLR-2214,Mateo Rice #1315,South Korea,Ligue 1,Nice,Defender,27,184,76,Left,Low,Low,69.9,68.2,76.0,88.2,63.9,64.9,56.1,54.7,63.3,68.7,65.5,45.7,67.5,83.1,83.4,76.3,68.2,69.8,83.3,66.9,2348,30,0.0,0.05,72.0,73.4,8.95,11.46,75.9,Star,1
PLR-2215,Enzo Smith #1316,Argentina,Ligue 1,Marseille,Forward,27,176,76,Right,Medium,High,91.5,96.8,84.8,72.5,85.6,87.4,79.7,88.8,79.2,65.5,75.2,99.0,93.0,39.0,47.2,38.1,79.8,84.1,68.7,76.0,3420,38,0.68,0.42,65.0,40.0,9.49,38.82,90.4,Elite,2
PLR-2216,Julian Davies #1317,Uruguay,Serie A,Inter Milan,Forward,36,179,71,Left,Medium,High,68.1,62.0,71.0,51.6,66.1,78.2,68.3,77.2,69.7,60.6,53.7,76.0,68.0,40.1,30.0,37.2,63.0,70.7,56.0,78.2,2333,29,0.26,0.12,65.0,40.0,8.8,0.66,72.8,Star,1
PLR-2217,Pedri Schmidt #1318,Argentina,Bundesliga,Bayern Munich,Defender,22,182,76,Right,High,Medium,57.2,59.4,58.0,64.0,53.3,58.0,50.0,50.1,55.0,49.8,40.0,33.7,55.1,67.5,66.0,68.2,48.1,62.8,60.0,70.5,2158,27,0.02,0.01,72.0,62.0,,3.63,65.8,Developing,0
PLR-2218,Victor Maignan #1319,Argentina,Ligue 1,Paris Saint-Germain,Defender,27,194,81,Right,Low,High,69.0,79.1,76.9,79.5,67.1,77.5,57.4,52.4,65.9,66.7,53.2,41.3,60.4,77.7,80.6,80.7,67.1,68.0,62.2,,1576,20,0.01,0.08,72.0,79.2,9.04,6.03,76.1,Star,1
PLR-2219,Nicolo Santos #1320,Canada,Bundesliga,Bayer Leverkusen,Forward,27,179,80,Right,Medium,High,88.8,86.3,67.7,73.1,74.7,80.7,85.5,89.0,69.2,67.3,67.6,80.3,78.8,48.6,40.5,30.7,69.9,75.4,67.4,75.0,2943,37,0.42,0.32,65.0,40.0,8.8,14.46,82.2,Elite,2
PLR-2220,Eduardo Williams #1321,Argentina,Premier League,Aston Villa,Goalkeeper,24,183,93,Right,Medium,High,52.7,55.4,51.2,81.4,55.3,88.5,39.1,25.8,53.3,54.6,29.9,21.9,70.6,35.4,19.6,25.3,67.6,77.8,71.9,,2969,38,0.0,0.01,48.0,50.0,4.33,15.22,81.3,Star,1
PLR-2221,Carlos Donnarumma #1322,USA,Bundesliga,VfB Stuttgart,Forward,28,174,77,Right,Medium,Medium,68.3,69.1,63.0,56.1,62.8,55.2,65.4,62.2,59.0,51.2,62.3,71.4,58.0,30.0,26.3,22.5,59.4,60.4,63.1,71.0,2020,25,0.35,0.2,65.0,40.0,8.8,4.47,65.3,Developing,0
PLR-2222,Ruben Valverde #1323,Senegal,Ligue 1,Marseille,Midfielder,22,186,74,Right,High,Medium,62.7,63.2,73.7,69.9,68.4,70.3,76.6,77.7,78.4,76.0,69.8,70.1,69.8,63.3,59.7,54.3,78.4,74.9,64.6,75.8,1613,20,0.08,0.54,75.0,52.0,10.08,8.29,75.3,Star,1
PLR-2223,Alessandro Fernandez #1324,Italy,La Liga,Girona,Goalkeeper,23,195,74,Right,High,High,35.7,48.2,48.4,71.9,63.9,66.7,38.1,25.0,40.0,52.9,20.0,19.5,65.3,32.1,25.1,17.9,63.1,62.4,76.7,70.4,1951,25,0.0,0.04,48.0,50.0,4.1,7.83,73.4,Star,1
PLR-2224,Federico Silva #1325,Portugal,Bundesliga,Bayer Leverkusen,Midfielder,25,186,69,Right,Low,Medium,83.5,77.5,99.0,84.0,84.5,72.3,99.0,86.4,99.0,98.0,79.4,75.3,90.8,69.6,69.4,68.7,98.0,84.5,90.9,75.1,2648,33,0.25,0.85,89.3,61.0,12.15,60.04,94.2,Elite,2
PLR-2225,Bruno Mueller #1326,Ghana,Premier League,Chelsea,Midfielder,24,171,81,Right,High,Medium,75.7,71.5,79.9,62.1,72.4,67.6,77.2,77.5,87.1,88.0,83.3,72.5,69.8,68.4,68.9,55.3,86.3,76.7,72.9,78.6,1341,17,0.04,0.85,79.8,57.0,10.66,18.28,81.3,Star,1
PLR-2226,Lucas Hernandez #1327,Ghana,Bundesliga,Borussia Dortmund,Midfielder,18,175,70,Right,Medium,Low,68.6,75.5,84.6,73.0,81.7,58.2,85.1,79.0,85.3,86.1,72.1,70.7,69.2,57.8,66.0,58.7,62.1,60.8,67.0,77.0,1899,24,0.16,0.54,75.0,55.1,10.26,8.64,77.3,Star,1
PLR-2227,Victor Saliba #1328,England,Ligue 1,Monaco,Forward,28,181,80,Left,High,Medium,85.3,83.9,62.7,83.6,78.1,83.7,77.2,80.7,75.2,60.5,71.3,84.8,78.3,51.5,30.7,30.5,76.6,74.8,72.8,70.5,2362,30,0.49,0.25,65.0,40.0,8.8,8.84,77.9,Star,1
PLR-2228,William Mendes #1329,Portugal,Serie A,Inter Milan,Goalkeeper,31,190,77,Right,Medium,Medium,36.9,51.6,47.6,69.4,45.0,64.2,31.1,28.1,41.3,49.2,20.0,17.4,50.5,33.6,18.0,15.0,63.8,62.3,55.8,80.8,1260,16,0.0,0.01,48.0,50.0,3.8,0.51,69.8,Developing,0
PLR-2229,Alisson Jones #1330,Portugal,Premier League,Manchester City,Midfielder,21,175,78,Left,High,High,72.6,64.9,80.5,67.6,63.4,51.2,73.4,67.3,73.0,72.0,70.1,54.4,74.6,55.7,61.1,50.7,63.3,63.2,63.1,75.1,1644,21,0.11,0.42,75.0,52.0,10.48,3.81,69.6,Developing,0
PLR-2230,Pedri Dias #1331,Netherlands,La Liga,Villarreal,Defender,29,187,84,Right,High,High,66.8,58.4,65.0,71.6,49.9,68.8,59.8,56.2,62.2,56.4,59.8,36.8,56.9,68.6,71.5,76.1,56.4,59.6,71.0,75.9,2137,27,0.03,0.01,72.0,67.8,8.5,0.5,68.9,Developing,0
PLR-2231,Bruno Santos #1332,Morocco,Serie A,Fiorentina,Forward,29,171,74,Right,Medium,Medium,79.9,83.1,67.0,65.2,82.0,67.1,80.1,83.8,80.3,57.9,62.9,78.2,82.0,44.4,36.9,35.1,61.6,78.4,68.7,75.1,1186,15,0.47,0.26,67.6,40.0,8.8,5.39,74.4,Star,1
PLR-2232,Ruben Jones #1333,Belgium,Serie A,AC Milan,Forward,29,178,73,Right,High,High,96.5,98.4,80.7,87.6,87.3,86.5,88.4,96.3,86.1,70.6,78.2,99.0,93.6,37.5,48.8,48.9,82.9,86.2,75.2,69.2,1643,21,0.69,0.41,71.4,40.2,9.03,64.22,94.5,Elite,2
PLR-2233,Gavi Saliba #1334,Senegal,La Liga,Villarreal,Forward,23,176,68,Left,High,Medium,94.0,92.1,93.7,76.8,92.6,86.0,89.0,96.6,81.2,72.7,90.4,98.4,88.9,43.7,42.5,38.8,81.1,81.6,81.2,64.9,1956,25,0.75,0.45,65.0,40.0,10.69,75.98,93.7,Elite,2
PLR-2234,Gianluigi Saliba #1335,Belgium,Serie A,Roma,Defender,28,192,76,Right,Medium,Medium,87.2,83.8,94.5,86.2,74.1,83.6,76.3,72.2,76.4,72.3,73.8,50.8,79.3,98.1,93.5,97.5,74.3,80.3,93.6,67.3,2667,34,0.02,0.09,72.0,86.9,11.1,33.22,89.9,Elite,2
PLR-2235,Son Mbappe #1336,Norway,Serie A,Roma,Midfielder,21,183,73,Right,Medium,Medium,64.1,71.3,67.3,65.4,68.9,61.6,79.1,73.3,74.2,70.7,56.7,63.3,71.2,64.8,55.2,59.5,68.6,62.5,57.1,73.6,1957,25,0.08,0.35,75.0,52.0,9.8,3.43,72.1,Star,1
PLR-2236,Noah Donnarumma #1337,Argentina,La Liga,Real Madrid,Defender,29,173,82,Right,High,High,72.0,68.7,72.2,85.0,79.9,85.9,71.6,68.8,79.7,72.5,67.8,40.5,63.6,83.5,89.7,75.2,75.5,79.2,71.5,70.1,891,11,0.07,0.11,72.0,82.6,8.91,17.99,82.5,Elite,2
PLR-2237,Theo De Bruyne #1338,Spain,Ligue 1,Lyon,Midfielder,18,180,72,Right,Low,Medium,61.9,72.1,77.9,71.1,69.7,66.9,81.5,79.7,81.0,78.0,63.9,64.9,74.0,66.0,61.0,58.8,75.1,63.8,65.1,62.2,2079,26,0.02,0.61,75.8,54.4,10.81,7.18,74.0,Star,1
PLR-2238,Rodri Valverde #1339,Germany,Premier League,Manchester City,Goalkeeper,23,188,81,Right,Medium,Medium,51.6,41.0,41.9,82.3,58.6,71.6,44.0,30.8,40.8,52.5,21.6,15.2,68.7,36.8,29.8,15.0,71.2,69.3,68.3,71.7,2269,29,0.0,0.0,48.0,50.0,3.8,11.7,77.3,Star,1
PLR-2239,Alessandro Saliba #1340,Netherlands,La Liga,Real Madrid,Forward,23,186,71,Right,High,Medium,87.5,83.3,69.1,75.9,80.3,80.5,89.7,80.1,69.0,69.2,79.5,97.4,87.6,43.7,40.5,37.3,78.2,69.6,74.7,71.5,1836,23,0.69,0.11,65.0,40.0,8.8,42.16,89.5,Elite,2
PLR-2240,Gavi Valverde #1341,Uruguay,La Liga,Atletico Madrid,Defender,27,179,72,Left,High,Medium,65.7,64.4,62.1,81.0,54.9,75.5,63.1,50.6,64.9,57.3,53.1,43.5,56.3,77.3,75.1,75.3,61.7,57.3,75.9,62.8,2229,28,0.04,0.01,72.0,70.4,8.5,3.59,74.2,Star,1
PLR-2241,Virgil Saka #1342,Portugal,Ligue 1,Monaco,Defender,24,186,90,Right,Medium,Medium,64.7,66.8,62.6,72.9,61.0,72.2,55.1,46.4,60.9,58.8,51.7,42.3,61.9,72.8,70.5,68.6,65.7,64.7,62.0,74.9,1561,20,0.04,0.03,72.0,62.8,8.5,2.44,68.8,Developing,0
PLR-2242,Thibaut Saliba #1343,Argentina,Premier League,Chelsea,Defender,22,183,76,Right,Low,High,78.1,88.3,88.2,92.1,73.5,88.9,68.3,69.4,77.9,80.2,62.3,53.0,77.6,92.8,99.0,86.9,83.2,77.7,93.9,68.4,1116,14,0.03,0.2,72.0,91.8,10.22,58.71,92.0,Elite,2
PLR-2243,Vinicius Haaland #1344,USA,Premier League,Aston Villa,Defender,24,180,80,Left,Medium,Medium,60.8,72.9,62.1,81.9,58.3,68.0,62.6,65.1,60.3,63.0,55.2,33.1,56.7,74.9,78.5,69.8,57.1,66.6,81.6,76.6,2296,29,0.0,0.06,72.0,77.3,8.5,7.35,73.4,Star,1
PLR-2244,Jamal Williams #1345,Portugal,Premier League,Newcastle,Defender,25,187,82,Right,Low,Medium,77.9,82.9,77.6,82.7,64.0,75.4,71.0,63.0,69.0,75.3,57.1,44.0,62.3,84.3,83.3,82.9,66.0,68.2,77.7,73.8,2784,35,0.07,0.09,72.0,80.6,8.7,10.09,78.7,Star,1
PLR-2245,Noah Santos #1346,Germany,La Liga,Real Madrid,Midfielder,33,179,77,Right,High,High,69.9,76.0,88.6,69.6,82.4,71.3,76.2,83.4,85.4,86.3,75.6,60.8,79.8,62.0,65.6,61.5,85.1,78.9,66.5,68.6,1558,19,0.05,0.7,75.0,60.1,10.99,6.94,81.8,Star,1
PLR-2246,Jan Traore #1347,Uruguay,La Liga,Atletico Madrid,Forward,18,180,72,Left,Medium,High,75.5,75.5,70.5,67.3,80.9,67.0,80.5,77.1,,60.6,61.5,76.4,78.5,33.6,30.4,30.1,62.7,69.5,62.7,81.9,1835,23,0.38,0.21,65.0,40.0,8.8,7.39,75.1,Star,1
PLR-2247,Gavi Oblak #1348,Netherlands,Ligue 1,Nice,Forward,27,172,78,Left,Low,High,78.8,72.8,71.5,62.2,70.9,62.0,64.9,70.9,66.9,50.5,65.0,72.6,66.6,34.5,30.6,37.5,63.1,72.1,61.1,70.7,2513,32,0.39,0.17,65.0,40.0,8.8,5.17,71.2,Star,1
PLR-2248,Marcus Bastoni #1349,Belgium,Ligue 1,Lille,Goalkeeper,26,182,82,Right,Medium,Medium,43.7,47.0,40.0,67.2,52.4,61.2,33.0,31.4,45.0,46.3,25.9,24.8,48.3,41.4,26.9,25.2,55.9,58.3,67.7,66.1,3176,38,0.0,0.01,48.0,50.0,3.8,9.39,72.0,Star,1
PLR-2249,Noah Rodri #1350,France,Premier League,Manchester United,Midfielder,24,179,83,Right,Medium,Medium,68.1,77.3,76.2,70.4,67.8,55.8,75.0,71.2,75.9,77.2,71.8,69.0,62.0,62.1,50.3,63.6,76.1,75.6,66.6,77.0,3086,38,0.09,0.57,75.0,52.0,10.08,2.46,72.3,Star,1
PLR-2250,Kaoru Kroos #1351,Portugal,Premier League,Tottenham,Defender,28,188,89,Left,Medium,Medium,57.6,61.6,66.4,79.4,61.8,74.9,53.8,50.4,64.7,52.3,52.1,32.8,60.3,70.8,73.8,71.4,60.4,63.2,84.6,62.9,2184,28,0.0,0.02,72.0,68.9,8.5,7.88,72.0,Star,1
PLR-2251,Liam Modric #1352,USA,Bundesliga,RB Leipzig,Midfielder,24,169,66,Right,Medium,High,58.6,74.7,76.3,63.0,71.6,74.9,77.5,72.9,78.8,72.6,75.0,64.8,70.2,64.2,54.0,66.5,71.5,68.3,63.3,70.6,1934,24,0.07,0.63,75.0,52.0,10.14,6.49,74.7,Star,1
PLR-2252,Kevin Jones #1353,Belgium,Bundesliga,Borussia Dortmund,Forward,30,194,76,Right,Medium,Medium,97.9,99.0,86.2,82.1,95.5,80.9,92.2,91.9,81.7,58.0,75.4,97.4,90.7,46.7,36.6,36.6,84.8,88.7,76.4,75.0,1709,21,0.69,0.36,74.3,40.0,10.06,34.74,93.4,Elite,2
PLR-2253,Jude Tchouameni #1354,Belgium,La Liga,Atletico Madrid,Forward,28,182,70,Right,High,High,79.3,77.3,64.3,51.6,63.7,53.4,67.6,82.8,65.4,58.0,62.2,72.3,70.4,44.9,36.7,22.0,69.4,70.4,57.4,74.4,1492,19,0.43,0.25,65.0,40.0,8.8,3.41,73.8,Star,1
PLR-2254,Kaoru Garcia #1355,Belgium,La Liga,Barcelona,Defender,28,175,82,Right,Medium,Medium,73.1,66.5,76.2,92.5,67.9,79.8,68.5,61.7,70.6,66.9,65.9,37.6,67.2,83.7,82.7,81.4,73.0,71.0,66.6,70.0,1807,23,0.0,0.04,72.0,76.8,8.96,12.78,82.6,Elite,2
PLR-2255,Rodri Maignan #1356,Brazil,Premier League,Arsenal,Midfielder,20,176,75,Right,Medium,High,69.8,65.2,79.1,72.0,75.6,70.8,70.0,80.6,84.9,84.1,64.0,63.7,70.2,64.5,71.1,59.1,70.8,69.2,75.2,65.2,2611,33,0.11,0.49,81.0,60.3,10.94,14.09,78.7,Star,1
PLR-2256,David Silva #1357,Canada,La Liga,Athletic Club,Forward,22,192,83,Right,Low,Low,69.5,72.2,55.1,54.3,68.2,56.4,69.3,76.0,,51.4,47.3,65.5,70.8,36.3,27.5,22.0,55.0,62.6,59.4,76.0,2310,29,0.12,0.07,65.0,40.0,8.8,4.55,68.0,Developing,0
PLR-2257,Dominik Bastoni #1358,South Korea,La Liga,Villarreal,Midfielder,26,182,70,Right,High,Medium,82.0,80.8,93.1,75.2,86.2,76.4,87.7,86.7,95.8,89.9,84.6,76.0,83.5,74.5,75.7,56.5,88.7,78.7,75.7,65.5,2253,28,0.07,0.85,87.3,65.6,12.14,31.01,88.5,Elite,2
PLR-2258,Jan Van Dijk #1359,Netherlands,Serie A,Inter Milan,Forward,18,186,74,Right,Medium,High,64.4,70.4,73.0,53.2,73.2,55.4,69.5,63.7,51.1,56.1,59.4,70.1,59.1,42.7,37.7,22.0,50.8,54.9,48.2,69.8,2370,30,0.18,0.05,65.0,40.0,8.8,0.5,66.3,Developing,0
PLR-2259,Trent Van Dijk #1360,Croatia,Ligue 1,Nice,Midfielder,22,184,72,Right,Medium,Medium,74.0,76.9,98.4,75.5,81.5,73.4,94.2,85.5,92.3,91.2,89.3,67.9,83.8,74.3,69.5,63.5,91.5,81.9,81.5,66.8,1650,21,0.02,0.85,83.1,59.5,12.34,37.97,88.0,Elite,2
PLR-2260,Pedri Alvarez #1361,Belgium,Bundesliga,Eintracht Frankfurt,Forward,26,192,80,Left,High,High,80.5,77.8,71.5,63.5,75.9,64.9,79.0,73.1,65.3,52.9,66.7,74.9,73.6,30.7,38.2,34.5,64.4,65.3,58.1,73.9,1822,23,0.41,0.25,65.0,40.0,8.8,9.67,75.8,Star,1
PLR-2261,Antony Rodriguez #1362,France,Serie A,Lazio,Defender,25,181,71,Right,Medium,High,64.2,67.1,63.0,65.0,57.7,62.5,60.7,49.5,59.1,68.3,54.6,30.0,59.5,76.1,70.7,76.7,65.8,62.2,71.8,68.9,1797,23,0.04,0.01,72.0,65.8,8.5,0.83,69.5,Developing,0
PLR-2262,Jude Jones #1363,England,La Liga,Real Madrid,Midfielder,29,184,67,Right,High,Low,67.1,58.8,74.2,60.4,65.2,58.9,70.5,63.3,79.3,73.8,63.9,59.3,68.0,48.0,54.8,45.6,72.5,65.7,65.0,78.4,1116,14,0.08,0.58,76.1,52.0,9.8,3.72,71.1,Star,1
PLR-2263,William Donnarumma #1364,England,Bundesliga,Borussia Dortmund,Midfielder,20,178,65,Right,High,High,60.6,56.0,65.0,53.7,60.9,45.4,62.0,58.0,65.0,64.8,55.6,48.0,60.2,54.5,54.5,55.5,61.1,56.4,59.5,80.2,1353,17,0.02,0.23,75.0,52.0,9.8,3.54,61.9,Developing,0
PLR-2264,Dominik Courtois #1365,Brazil,Serie A,Fiorentina,Forward,26,173,83,Right,High,Medium,66.0,69.0,66.5,66.8,74.3,66.8,65.5,69.1,64.3,48.0,57.0,76.4,70.6,37.6,35.6,22.0,61.0,66.5,55.2,79.3,1440,18,0.43,0.07,65.0,40.0,8.8,5.41,69.3,Developing,0
PLR-2265,Kylian Jones #1366,Canada,La Liga,Atletico Madrid,Forward,18,185,76,Right,High,Medium,62.6,62.0,55.0,50.0,60.9,52.0,60.3,61.9,50.0,42.0,50.3,72.9,63.5,30.0,25.0,28.1,47.8,50.3,54.1,82.9,2251,28,0.36,0.02,65.0,40.0,8.8,4.22,61.5,Developing,0
PLR-2266,Erling Donnarumma #1367,France,Bundesliga,VfB Stuttgart,Midfielder,22,178,73,Right,High,Medium,86.3,82.7,91.7,84.6,76.9,82.3,88.4,84.6,86.8,84.1,77.3,73.3,79.7,71.6,66.0,66.4,84.8,79.1,74.0,74.0,2108,27,0.14,0.53,78.2,59.2,11.08,31.77,86.3,Elite,2
PLR-2267,Darwin Hernandez #1368,Portugal,Premier League,Manchester City,Midfielder,25,170,70,Right,Medium,Medium,87.0,91.8,96.3,78.1,83.7,83.9,94.2,92.5,90.8,92.8,87.5,71.6,87.7,72.8,70.5,71.9,95.4,90.6,81.1,68.3,1244,15,0.19,0.85,85.5,60.6,12.05,45.46,91.2,Elite,2
PLR-2268,Gianluigi Dias #1369,Japan,Ligue 1,Marseille,Midfielder,29,177,71,Right,Medium,High,67.4,70.7,80.5,62.6,73.5,52.5,76.9,70.7,81.2,84.9,72.7,67.5,78.6,60.0,55.9,49.4,78.5,74.2,58.3,80.2,3058,38,0.16,0.64,75.0,52.0,10.95,8.15,77.3,Star,1
PLR-2269,Virgil Van Dijk #1370,Belgium,Bundesliga,Borussia Dortmund,Midfielder,21,171,78,Right,Medium,High,71.9,79.5,84.2,78.8,89.4,75.3,91.1,82.0,87.9,85.4,81.8,64.1,80.8,65.5,69.3,62.4,81.8,69.6,69.6,73.7,2198,28,0.02,0.73,75.7,56.9,11.22,26.38,85.2,Elite,2
PLR-2270,Kaoru Courtois #1371,Morocco,Ligue 1,Lyon,Defender,27,193,82,Left,Medium,Medium,69.2,67.7,64.6,88.5,58.8,74.6,58.3,51.5,62.0,72.6,48.6,38.0,61.6,79.0,79.9,78.4,62.7,78.7,87.7,71.7,2824,36,0.03,0.16,72.0,76.7,8.5,6.6,77.6,Star,1
PLR-2271,Jamal Tanaka #1372,France,Premier League,Aston Villa,Defender,32,178,82,Right,Medium,Medium,58.6,69.9,80.3,91.3,68.7,74.2,65.0,63.3,71.9,63.3,59.5,41.9,64.5,87.3,86.1,89.3,69.4,75.2,81.1,64.4,2490,31,0.01,0.11,72.0,80.3,9.27,7.66,84.2,Elite,2
PLR-2272,Alejandro Courtois #1373,Croatia,Serie A,Atalanta,Defender,19,189,87,Right,Medium,Medium,77.2,74.1,92.1,89.7,76.2,88.2,70.8,55.4,72.7,71.6,67.0,47.2,70.0,83.4,93.7,91.9,66.4,62.6,90.0,63.5,2691,34,0.06,0.1,72.0,81.4,10.27,29.33,86.3,Elite,2
PLR-2273,Jamal Martinez #1374,Norway,Bundesliga,RB Leipzig,Forward,20,169,66,Right,Low,High,71.8,70.6,66.2,69.8,76.3,75.4,77.8,82.3,65.5,66.2,65.6,81.5,79.2,52.8,44.9,23.0,62.0,60.6,58.7,83.1,2128,27,0.55,0.12,65.0,40.0,8.8,9.81,75.8,Star,1
PLR-2274,Gavi Tanaka #1375,USA,Premier League,Chelsea,Midfielder,25,177,75,Right,Low,Low,63.2,56.0,65.8,59.2,64.0,54.4,69.9,66.9,65.6,64.3,60.4,60.4,61.6,52.4,61.0,53.5,67.9,58.5,63.9,78.6,2942,37,0.04,0.23,75.0,52.0,9.8,0.5,66.3,Developing,0
PLR-2275,Victor Wirtz #1376,France,Premier League,Newcastle,Forward,18,186,77,Right,Medium,High,82.9,86.3,90.0,75.4,86.6,78.0,82.8,85.6,78.5,70.0,64.9,94.6,88.8,54.4,47.2,33.4,63.8,68.5,76.0,67.8,3328,38,0.73,0.27,65.0,40.0,10.21,24.08,83.9,Elite,2
PLR-2276,Dominik Bastoni #1377,Belgium,Serie A,Roma,Forward,23,178,81,Right,High,Medium,78.4,79.4,62.5,65.4,72.4,69.6,71.9,76.3,69.1,51.2,56.5,80.8,72.4,43.7,41.0,22.0,58.5,62.0,61.0,77.4,2027,25,0.55,0.27,65.0,40.0,8.8,8.38,73.8,Star,1
PLR-2277,Rafael Musiala #1378,Canada,Ligue 1,Lyon,Goalkeeper,23,188,78,Right,Low,Medium,49.8,53.7,40.0,71.4,51.8,62.6,37.6,31.2,44.2,47.5,20.0,25.5,55.8,27.6,22.9,18.3,57.3,66.5,60.9,65.4,2489,31,0.0,0.0,48.0,50.0,3.8,1.75,67.1,Developing,0
PLR-2278,Dominik Garcia #1379,South Korea,Serie A,Inter Milan,Forward,20,182,75,Right,High,Low,79.1,79.3,72.1,70.9,76.7,76.9,88.0,83.9,75.7,59.9,72.8,89.0,82.7,40.5,45.7,38.4,69.1,70.3,71.7,73.1,1778,22,0.56,0.25,65.0,40.0,9.41,18.94,81.5,Star,1
PLR-2279,Dominik Fernandez #1380,Brazil,Serie A,Roma,Midfielder,20,182,70,Left,Low,Medium,58.0,58.1,70.8,61.7,72.9,59.6,62.0,65.9,70.4,73.6,63.7,58.2,62.1,54.0,53.9,62.5,58.5,53.6,43.5,82.9,2412,30,0.02,0.07,75.0,52.0,9.8,0.87,63.8,Developing,0
PLR-2280,Bruno Tchouameni #1381,USA,Serie A,Juventus,Midfielder,26,174,76,Right,Medium,High,69.9,73.7,89.5,58.6,79.2,66.5,81.3,75.5,86.2,86.8,64.8,78.9,74.8,66.1,57.1,56.8,87.0,78.8,68.4,69.3,2055,26,0.24,0.7,80.5,52.0,11.35,15.25,83.0,Elite,2
PLR-2281,Takefusa De Bruyne #1382,Uruguay,La Liga,Barcelona,Defender,21,183,86,Right,High,High,64.3,71.7,83.0,88.1,67.8,80.5,75.7,71.8,70.1,69.0,56.0,49.5,69.7,73.7,88.8,82.9,61.5,68.7,86.3,64.4,2127,27,0.0,0.03,72.0,79.5,9.45,16.17,82.0,Star,1
PLR-2282,Dominik Wirtz #1383,Japan,Serie A,AC Milan,Midfielder,19,179,70,Left,Low,Medium,78.9,71.8,92.1,69.7,83.6,75.1,83.6,80.3,89.6,90.4,71.5,81.1,75.5,65.2,74.2,59.4,78.3,71.0,84.6,70.2,2268,29,0.21,0.67,75.0,60.3,11.53,17.34,83.0,Elite,2
PLR-2283,Aurélien Bellingham #1384,Uruguay,Ligue 1,Monaco,Forward,25,173,64,Right,High,Medium,85.2,91.2,78.3,75.9,83.2,78.3,77.4,89.8,,82.4,73.0,93.7,88.3,44.7,43.2,49.4,71.0,80.0,81.7,73.7,2378,30,0.59,0.19,65.0,40.0,8.8,28.68,87.1,Elite,2
PLR-2284,Florian Schmidt #1385,Morocco,Premier League,Aston Villa,Midfielder,23,167,72,Right,Low,Medium,55.9,73.9,75.6,67.2,73.0,60.3,65.4,67.5,66.1,75.9,74.5,61.3,61.9,61.4,59.6,53.1,66.6,64.1,54.7,81.1,2653,34,0.07,0.34,75.0,52.0,,0.5,64.0,Developing,0
PLR-2285,Darwin Jones #1386,England,La Liga,Barcelona,Midfielder,26,174,68,Right,High,Low,65.1,63.3,67.1,64.7,62.5,48.7,66.7,58.0,65.0,68.6,60.9,59.4,60.6,64.8,54.1,55.7,68.7,67.0,55.0,81.6,2833,36,0.08,0.4,75.0,52.5,9.8,3.37,66.1,Developing,0
PLR-2286,Mike Mendes #1387,Canada,Premier League,Liverpool,Forward,25,186,77,Right,Low,High,68.8,62.0,58.7,50.0,61.7,62.9,58.0,60.0,56.4,45.9,54.2,75.9,60.0,30.0,25.2,26.9,47.0,60.5,54.7,84.1,2058,26,0.29,0.08,65.0,40.0,8.8,0.5,63.7,Developing,0
PLR-2287,Lucas Mueller #1388,Senegal,Serie A,Napoli,Midfielder,19,175,73,Right,High,Medium,62.9,59.1,65.0,63.0,71.2,61.0,64.5,67.5,70.8,78.8,63.0,61.6,66.1,61.7,63.5,51.8,59.6,57.3,63.2,71.3,2084,26,0.14,0.24,75.0,52.0,9.8,1.61,65.3,Developing,0
PLR-2288,Noah Oblak #1389,Italy,La Liga,Girona,Forward,23,183,68,Left,High,Low,94.6,93.1,83.3,72.4,82.6,78.1,79.5,85.2,72.2,66.2,79.6,92.4,82.8,49.4,30.7,29.3,81.3,78.4,63.0,74.1,1520,19,0.56,0.4,65.0,40.0,9.59,27.31,86.5,Elite,2
PLR-2289,Ederson Oblak #1390,Nigeria,La Liga,Athletic Club,Forward,31,177,85,Left,High,Medium,80.0,75.6,66.7,64.7,75.6,66.2,80.1,82.8,71.0,61.9,58.7,91.7,75.8,45.3,41.4,25.9,65.3,78.3,66.3,72.5,2100,26,0.54,0.25,65.0,40.0,8.8,5.43,80.2,Star,1
PLR-2290,Federico Kim #1391,South Korea,Serie A,Roma,Midfielder,27,179,82,Right,High,Low,83.4,90.4,95.7,75.0,82.0,73.3,94.5,83.2,90.8,98.0,83.4,73.6,72.2,69.0,67.8,66.8,85.9,78.7,74.1,62.3,1220,15,0.2,0.71,80.1,56.3,12.03,26.63,88.4,Elite,2
PLR-2291,Moises Martinez #1392,Morocco,Serie A,Lazio,Forward,26,191,71,Right,High,High,90.3,92.0,80.6,80.3,87.9,76.8,85.5,90.1,82.1,67.6,65.1,99.0,92.1,40.8,35.5,45.5,76.4,86.7,81.2,67.4,2805,35,0.82,0.31,65.0,40.0,9.22,46.31,91.7,Elite,2
PLR-2292,Osimhen Schmidt #1393,Italy,Serie A,Atalanta,Midfielder,26,179,77,Right,Medium,High,72.5,72.6,85.8,68.8,77.8,70.8,76.7,78.4,74.4,85.1,78.1,71.7,77.4,70.7,62.8,62.2,81.4,70.2,72.8,78.7,2539,32,0.11,0.66,75.0,54.2,11.16,7.59,78.5,Star,1
PLR-2293,Aurélien Bastoni #1394,Spain,Serie A,Atalanta,Defender,22,186,80,Right,High,High,66.1,74.7,82.4,98.4,84.1,93.4,70.8,75.0,76.9,75.9,59.2,48.6,69.5,95.3,99.0,92.6,74.7,79.0,84.5,68.0,2551,32,0.08,0.21,72.0,89.1,8.5,65.05,93.3,Elite,2
PLR-2294,William Silva #1395,England,Bundesliga,VfB Stuttgart,Defender,27,178,85,Right,Medium,High,67.0,69.6,71.6,89.2,66.0,91.1,70.1,62.5,74.5,68.4,61.1,38.8,64.1,83.0,89.1,82.1,72.6,73.4,76.1,64.3,3022,38,0.02,0.02,72.0,74.9,8.7,17.95,83.7,Elite,2
PLR-2295,Eduardo Sato #1396,Italy,Serie A,Atalanta,Forward,32,173,71,Right,Low,Medium,76.2,65.7,65.4,63.6,64.2,58.8,68.7,64.4,61.4,53.1,59.2,71.0,67.5,30.0,25.4,27.0,64.5,71.4,63.6,,2270,29,0.33,0.13,65.0,40.0,8.8,1.1,68.4,Developing,0
PLR-2296,Vinicius De Bruyne #1397,Nigeria,Serie A,Napoli,Forward,18,187,72,Left,Medium,Low,79.8,82.1,82.5,74.9,84.6,80.6,82.7,96.0,73.2,64.8,69.6,91.3,76.2,30.0,35.5,38.3,66.8,61.9,63.2,74.1,1490,19,0.6,0.33,65.0,40.0,9.11,25.61,84.1,Elite,2
PLR-2297,Rafael Santos #1398,Senegal,Serie A,Roma,Forward,28,179,67,Right,Medium,Medium,83.1,76.8,70.2,63.2,78.4,70.2,75.6,73.2,65.9,56.9,68.0,83.6,74.2,38.4,37.6,43.0,57.9,72.3,62.3,69.8,2375,30,0.49,0.21,65.0,40.0,8.8,5.71,77.2,Star,1
PLR-2298,Khvicha Davies #1399,Colombia,Premier League,Manchester United,Midfielder,35,175,71,Right,High,High,63.0,63.6,79.2,64.7,72.1,61.5,73.4,71.3,80.7,79.7,71.5,61.2,68.1,59.8,56.5,59.9,81.2,61.1,69.4,70.2,2806,35,0.12,0.59,75.0,54.3,10.97,2.61,75.6,Star,1
PLR-2299,Declan Donnarumma #1400,South Korea,Serie A,AC Milan,Defender,23,189,76,Right,Medium,Low,78.4,75.3,81.4,88.8,65.9,80.9,73.3,72.0,72.4,69.1,59.8,32.2,69.3,82.8,84.3,87.6,68.2,74.5,77.9,68.6,1912,24,0.02,0.13,72.0,78.2,9.81,17.76,83.3,Elite,2
PLR-2300,Antony Tchouameni #1401,Norway,Serie A,Fiorentina,Forward,22,179,71,Left,Medium,Medium,84.6,86.7,75.0,63.6,80.7,65.2,75.3,76.7,73.8,67.1,65.7,79.4,74.8,42.1,37.4,30.9,61.9,71.2,65.3,70.6,1925,24,0.52,0.15,65.0,40.0,9.14,12.83,76.4,Star,1
PLR-2301,Kaoru Garcia #1402,Senegal,Ligue 1,Marseille,Goalkeeper,23,195,89,Right,Medium,Medium,45.7,51.1,40.0,82.3,59.1,65.8,35.9,36.6,44.3,47.3,27.3,15.0,63.5,25.0,27.1,20.8,67.9,70.5,64.2,83.2,2352,30,0.0,0.01,48.0,50.0,3.8,12.3,75.1,Star,1
PLR-2302,Bruno Maignan #1403,England,Bundesliga,VfB Stuttgart,Forward,24,185,70,Left,Medium,High,70.0,79.9,68.4,58.5,70.0,63.0,72.2,73.8,72.7,67.2,69.6,81.2,74.0,34.7,36.0,30.5,60.9,71.6,59.4,83.2,1610,20,0.63,0.13,65.0,40.0,8.8,8.16,75.1,Star,1
PLR-2303,Jude Smith #1404,Canada,Premier League,Chelsea,Midfielder,18,181,82,Right,Medium,Medium,68.7,73.7,92.9,80.6,78.1,71.8,82.5,75.4,93.6,78.8,79.1,70.1,80.3,65.5,73.1,61.7,78.0,73.2,70.1,77.9,1561,20,0.09,0.66,81.3,61.7,12.09,15.68,81.4,Star,1
PLR-2304,Noah Davies #1405,USA,Serie A,Napoli,Defender,27,185,68,Right,High,High,73.6,67.9,,75.0,59.7,68.6,63.9,52.7,65.0,72.2,66.6,36.5,64.8,84.6,80.8,77.1,68.9,74.9,76.4,73.1,2138,27,0.04,0.12,72.0,78.3,8.5,7.73,77.7,Star,1
PLR-2305,Thibaut Garcia #1406,Colombia,La Liga,Athletic Club,Defender,28,182,76,Right,Low,Medium,76.5,63.6,76.7,79.3,64.8,77.8,70.6,47.8,77.8,70.4,62.0,37.4,66.1,87.4,89.8,87.1,70.4,74.8,80.4,79.2,1821,23,0.02,0.16,72.0,78.0,8.91,20.68,83.8,Elite,2
PLR-2306,Gabriel Oblak #1407,France,Serie A,Atalanta,Defender,26,188,85,Right,High,Low,71.1,74.3,69.2,88.3,68.4,83.7,68.4,65.6,75.9,67.8,70.2,39.2,60.0,90.1,90.0,88.9,69.1,76.1,81.7,72.1,2161,27,0.02,0.03,72.0,79.2,8.5,27.19,86.7,Elite,2
PLR-2307,Theo Kim #1408,Italy,Premier League,Arsenal,Defender,31,183,73,Right,Medium,Medium,66.8,59.7,69.7,74.7,55.3,70.6,58.9,57.7,60.6,55.8,42.4,40.4,53.7,75.9,76.5,71.6,63.4,63.5,62.6,71.7,2007,25,0.04,0.03,72.0,64.7,8.5,3.05,73.4,Star,1
PLR-2308,Vinicius Mbappe #1409,Canada,La Liga,Villarreal,Midfielder,23,178,72,Right,Medium,High,57.9,63.9,69.9,62.0,60.6,55.1,67.2,66.0,65.2,80.3,65.5,60.6,55.6,57.3,53.8,56.8,67.4,58.3,72.2,71.0,2099,26,0.17,0.36,75.0,52.0,9.8,0.5,66.7,Developing,0
PLR-2309,Erling Dias #1410,USA,Serie A,Lazio,Defender,22,183,73,Right,High,High,74.0,72.8,78.4,81.0,68.5,93.7,59.9,64.8,82.8,80.1,66.9,46.0,74.5,87.4,97.3,91.2,73.5,73.7,85.0,65.2,1963,25,0.05,0.05,75.2,93.0,8.73,39.5,87.8,Elite,2
PLR-2310,Gabriel Van Dijk #1411,Argentina,Serie A,Atalanta,Forward,30,169,75,Right,Medium,Low,76.7,78.2,61.5,67.2,79.0,66.1,77.4,81.3,71.6,55.9,78.3,83.3,72.7,38.3,27.6,29.8,64.7,77.4,74.1,62.6,2425,31,0.44,0.26,65.0,40.0,8.8,6.8,77.6,Star,1
PLR-2311,Takefusa Foden #1412,Japan,Premier League,Liverpool,Defender,18,178,68,Right,High,Medium,64.2,71.2,77.6,69.7,68.5,73.9,74.0,60.2,72.8,68.4,59.0,39.4,69.8,75.3,82.1,78.7,55.1,60.2,82.3,60.3,2463,31,0.05,0.06,72.0,76.6,9.44,11.1,76.8,Star,1
PLR-2312,Lucas Donnarumma #1413,Croatia,La Liga,Barcelona,Midfielder,27,182,76,Right,Medium,Low,66.9,60.3,65.0,50.1,58.0,48.0,62.0,63.4,65.0,63.6,55.3,48.5,52.0,45.0,45.5,41.1,55.5,57.8,60.4,75.5,1836,23,0.02,0.27,75.0,52.0,9.8,0.5,60.3,Developing,0
PLR-2313,Kylian Foden #1414,Uruguay,La Liga,Atletico Madrid,Defender,20,195,88,Left,Low,Medium,59.5,74.4,64.5,74.1,48.0,73.3,53.0,51.8,58.5,60.4,48.5,30.0,51.1,65.0,73.7,75.7,56.8,51.3,68.5,76.1,2877,36,0.0,0.01,72.0,69.2,8.5,4.42,69.9,Developing,0
PLR-2314,Cole Musiala #1415,Argentina,Bundesliga,Eintracht Frankfurt,Midfielder,28,185,74,Right,Medium,High,76.7,63.3,79.5,70.3,70.7,63.3,82.9,71.1,82.9,82.8,71.8,66.0,67.3,66.7,55.4,59.4,82.4,69.3,66.7,70.1,1644,21,0.16,0.72,75.0,52.0,10.91,9.67,77.9,Star,1
PLR-2315,Cole Tanaka #1416,Colombia,Bundesliga,Bayern Munich,Defender,26,180,83,Right,Medium,Medium,77.5,82.0,76.1,89.1,71.6,89.0,65.0,63.7,71.8,81.7,57.3,38.3,77.4,96.0,92.3,78.9,65.8,70.1,76.4,60.1,1576,20,0.02,0.13,72.0,86.9,8.81,24.2,86.7,Elite,2
PLR-2316,Leo Donnarumma #1417,Uruguay,Ligue 1,Marseille,Midfielder,22,187,74,Right,Low,Medium,78.9,64.6,84.3,74.1,87.7,73.9,89.5,87.2,97.5,92.4,76.3,73.5,85.7,74.2,65.3,65.9,89.8,80.8,68.4,59.8,3420,38,0.14,0.77,84.9,52.0,10.5,31.32,87.1,Elite,2
PLR-2317,Vinicius Diallo #1418,Japan,Premier League,Manchester City,Defender,32,184,80,Right,Medium,Medium,80.2,68.3,90.0,99.0,75.1,87.7,80.7,63.3,84.1,72.6,79.8,37.1,70.9,99.0,99.0,91.8,77.4,81.3,80.7,62.0,1385,17,0.1,0.06,72.0,91.6,9.52,42.22,94.4,Elite,2
PLR-2318,Julian Tanaka #1419,Brazil,La Liga,Athletic Club,Forward,22,182,67,Right,Medium,High,64.7,65.0,55.0,56.4,62.3,58.1,62.0,63.9,60.2,53.3,59.7,69.4,64.7,32.2,35.6,22.4,55.5,58.5,60.7,76.8,1769,22,0.31,0.07,65.0,40.0,8.8,2.06,63.7,Developing,0
PLR-2319,Jamal Davies #1420,Norway,Ligue 1,Marseille,Forward,22,189,79,Right,High,High,81.8,90.7,71.9,74.1,78.9,78.5,74.6,80.4,74.9,65.5,73.0,92.6,74.1,35.2,41.7,38.8,69.8,64.0,78.3,67.0,2446,31,0.66,0.3,65.0,40.0,9.6,18.88,81.1,Star,1
PLR-2320,Ederson Rice #1421,Ghana,Premier League,Manchester City,Forward,24,184,71,Left,High,High,74.0,78.9,71.7,57.2,74.0,61.2,73.6,68.5,69.9,54.5,63.5,78.0,77.7,34.1,33.8,31.2,66.4,58.1,56.5,77.8,2853,36,0.44,0.07,65.0,40.0,8.8,8.14,72.6,Star,1
PLR-2321,David Santos #1422,Nigeria,Bundesliga,Bayern Munich,Forward,26,172,71,Right,High,Medium,81.6,85.7,77.6,59.5,77.3,71.8,75.7,88.1,64.0,61.6,75.2,89.4,79.0,37.1,44.6,30.5,66.2,75.6,71.1,72.5,1396,17,0.58,0.16,65.0,40.0,8.8,11.94,81.6,Star,1
PLR-2322,Gabriel Donnarumma #1423,USA,Serie A,Napoli,Defender,23,187,82,Right,Low,Low,70.8,66.1,,79.4,71.6,72.1,61.2,55.8,69.8,67.0,60.0,56.5,67.5,82.8,92.7,81.9,62.6,65.9,70.0,62.5,2878,36,0.07,0.03,72.0,88.5,8.5,17.61,81.7,Star,1
PLR-2323,Antony Modric #1424,Nigeria,La Liga,Atletico Madrid,Forward,29,179,68,Right,Medium,High,99.0,99.0,83.0,80.5,96.5,82.0,95.2,98.1,82.6,66.0,76.6,99.0,98.0,51.5,58.9,39.5,78.8,84.9,85.1,70.6,3420,38,0.73,0.43,70.5,40.1,9.62,63.57,94.5,Elite,2
PLR-2324,Rodri Dias #1425,Canada,Bundesliga,VfB Stuttgart,Goalkeeper,28,185,75,Right,Medium,Medium,35.0,39.6,40.0,59.4,52.2,70.4,32.8,25.0,43.7,42.0,20.9,18.3,45.0,25.3,18.0,16.0,53.7,52.3,45.9,79.0,2448,31,0.0,0.02,48.0,50.0,,1.74,58.7,Developing,0
PLR-2325,Jan Kroos #1426,Morocco,Ligue 1,Nice,Midfielder,24,172,72,Right,Medium,Medium,55.0,73.4,70.5,67.6,64.0,61.5,70.8,65.2,84.1,72.6,58.7,67.8,69.2,65.9,50.1,48.4,73.9,67.6,64.9,76.3,1944,24,0.16,0.52,75.0,52.0,10.01,1.56,71.1,Star,1
PLR-2326,Florian Hakimi #1427,Ghana,Serie A,Inter Milan,Forward,27,188,74,Right,Medium,High,80.4,73.5,70.8,61.5,76.0,62.2,69.3,79.4,66.6,49.5,60.8,82.5,73.0,46.2,27.1,38.1,58.9,69.7,64.1,70.0,2875,36,0.42,0.11,65.0,40.0,8.97,6.52,74.1,Star,1
PLR-2327,Gavi Moreno #1428,Germany,Bundesliga,Eintracht Frankfurt,Defender,31,182,83,Left,High,High,81.9,80.1,79.5,84.1,71.0,89.2,74.3,67.6,78.9,72.9,58.6,51.9,68.4,91.0,96.7,87.3,71.7,88.2,89.9,58.9,2551,32,0.04,0.17,72.0,91.6,8.94,23.06,89.6,Elite,2
PLR-2328,Julian Kroos #1429,England,Premier League,Arsenal,Defender,25,192,68,Right,High,Medium,69.3,67.8,70.3,78.1,61.9,78.3,72.7,60.9,68.4,63.3,56.8,31.6,71.5,78.4,76.5,80.0,69.7,71.5,68.4,71.1,2202,28,0.07,0.06,72.0,71.9,8.5,11.21,79.0,Star,1
PLR-2329,Ruben Diallo #1430,Japan,La Liga,Barcelona,Midfielder,23,174,71,Right,Medium,Medium,81.1,85.5,96.5,67.6,76.7,76.9,87.5,82.7,86.9,83.6,67.2,73.7,83.0,72.8,69.9,58.9,80.0,81.6,77.5,,854,10,0.24,0.47,78.4,57.3,12.04,24.41,84.4,Elite,2
PLR-2330,Kylian Bastoni #1431,Brazil,Premier League,Arsenal,Midfielder,31,177,67,Right,Medium,Low,67.9,80.0,84.0,73.7,71.4,67.9,87.1,83.4,86.0,90.4,78.3,65.2,74.2,77.7,68.8,61.1,89.2,79.7,71.5,70.6,1850,23,0.11,0.75,75.0,56.7,10.89,14.75,86.2,Elite,2
PLR-2331,Leo Barella #1432,Croatia,La Liga,Real Madrid,Defender,23,186,73,Right,High,High,66.4,71.7,88.7,91.5,68.0,81.7,71.6,65.2,82.3,72.6,65.2,44.1,75.5,93.8,98.9,95.3,63.8,81.3,91.0,70.8,2576,33,0.02,0.11,72.0,84.6,9.99,57.71,91.8,Elite,2
PLR-2332,Victor Tchouameni #1433,Germany,Premier League,Tottenham,Forward,28,189,81,Right,Low,Medium,63.4,64.5,55.0,50.0,60.1,58.4,58.0,60.0,62.9,49.6,50.6,68.4,63.0,33.0,29.9,22.0,55.7,57.0,59.4,70.9,1458,18,0.29,0.18,65.0,40.0,8.8,1.28,63.2,Developing,0
PLR-2333,Gavi Martinez #1434,USA,Serie A,Juventus,Goalkeeper,25,186,80,Right,High,Medium,37.6,41.0,40.0,54.0,51.8,55.3,30.0,25.0,40.0,42.0,20.0,17.4,45.6,25.0,18.0,15.0,55.8,59.3,55.4,76.7,1079,13,0.0,0.0,48.0,50.0,4.0,3.41,63.4,Developing,0
PLR-2334,David De Bruyne #1435,Canada,Premier League,Manchester City,Goalkeeper,26,186,78,Right,Medium,High,43.9,44.6,44.2,82.2,65.7,76.3,45.7,37.0,51.8,55.8,20.0,23.1,67.5,33.4,26.6,24.3,70.4,78.2,73.1,78.4,1897,24,0.0,0.04,48.0,50.0,4.1,15.06,83.8,Elite,2
PLR-2335,Vinicius Courtois #1436,Nigeria,Ligue 1,Nice,Defender,28,183,78,Right,High,Medium,83.9,80.4,76.8,88.5,68.0,77.5,68.0,75.2,75.7,78.2,61.3,42.6,79.4,91.6,93.0,91.7,75.1,84.9,78.0,70.3,2700,34,0.02,0.13,72.0,84.6,9.5,30.89,89.0,Elite,2
PLR-2336,Alisson Mbappe #1437,England,Premier League,Newcastle,Forward,24,183,76,Right,High,Medium,69.0,64.5,55.0,64.2,68.7,58.9,60.6,61.4,57.6,51.8,53.8,64.2,66.7,30.0,35.7,24.4,51.0,61.2,60.7,81.3,2402,30,0.32,0.09,65.0,40.0,8.8,1.36,63.2,Developing,0
PLR-2337,Ruben Rodri #1438,South Korea,La Liga,Real Sociedad,Defender,21,188,82,Left,Low,Medium,67.6,62.8,64.2,83.8,59.8,76.6,66.1,45.4,66.7,74.8,60.1,43.2,61.8,66.7,83.3,81.1,57.8,64.2,70.5,59.5,2918,37,0.02,0.08,72.0,73.5,8.5,12.65,77.2,Star,1
PLR-2338,Eduardo Dias #1439,Colombia,Ligue 1,Lyon,Forward,29,176,80,Left,Medium,Medium,69.3,72.1,55.0,66.1,69.4,58.6,66.6,72.6,64.2,54.8,52.1,67.4,67.8,40.6,30.6,34.9,66.6,61.7,60.1,63.8,1925,24,0.23,0.2,65.0,40.0,8.8,2.81,68.8,Developing,0
PLR-2339,Pedri Williams #1440,Senegal,Premier League,Arsenal,Forward,35,187,68,Right,High,Medium,78.4,80.2,72.3,78.9,84.3,78.0,82.2,85.0,79.3,69.9,89.3,91.3,84.6,52.1,45.8,34.3,71.2,87.6,71.1,73.6,2633,33,0.68,0.3,67.1,40.0,8.8,16.27,85.4,Elite,2
PLR-2340,Bukayo Donnarumma #1441,France,Ligue 1,Paris Saint-Germain,Forward,29,174,74,Right,High,High,76.4,88.0,73.4,68.4,85.8,55.8,81.6,84.0,73.8,66.8,63.6,90.2,82.0,40.1,41.8,34.7,65.7,75.4,68.2,72.4,1859,23,0.66,0.17,65.0,40.0,8.8,12.9,82.0,Star,1
PLR-2341,Bukayo Davies #1442,France,La Liga,Atletico Madrid,Midfielder,32,182,72,Right,Medium,Medium,59.2,70.7,78.3,58.9,67.7,54.5,75.1,69.4,77.8,68.6,64.8,57.2,69.4,56.5,60.5,51.5,75.1,71.5,59.1,73.9,715,9,0.02,0.46,75.1,55.1,10.53,2.03,73.3,Star,1
PLR-2342,Darwin Barella #1443,Nigeria,Ligue 1,Lyon,Defender,22,190,74,Left,High,Medium,70.2,60.6,62.7,71.2,51.9,75.5,58.4,59.0,66.0,57.3,52.2,33.3,64.5,69.6,77.9,77.1,64.0,57.8,57.7,75.1,2693,34,0.05,0.01,72.0,73.0,8.5,5.51,72.1,Star,1
PLR-2343,Carlos Tchouameni #1444,Canada,Ligue 1,Lille,Defender,24,173,79,Right,Medium,Low,64.9,72.6,68.7,84.6,76.0,83.0,69.8,62.8,65.7,63.1,59.1,40.1,58.2,82.7,86.9,84.8,64.2,74.2,76.8,67.0,2895,37,0.03,0.01,72.0,81.0,8.5,19.92,82.7,Elite,2
PLR-2344,Noah Mueller #1445,Spain,Bundesliga,VfB Stuttgart,Defender,22,192,78,Right,High,High,68.0,71.0,77.3,86.2,71.0,78.1,67.4,56.9,,61.4,53.3,39.5,52.8,79.3,85.0,79.1,64.9,71.0,77.0,76.0,1988,25,0.02,0.05,72.0,77.7,8.66,12.63,80.7,Star,1
PLR-2345,Jude Saka #1446,Netherlands,Bundesliga,Bayer Leverkusen,Midfielder,30,181,82,Right,High,High,73.6,73.4,85.0,79.9,77.9,68.0,81.8,74.6,86.3,82.4,81.2,74.8,73.0,65.1,58.5,48.6,84.4,72.7,61.1,77.8,1937,24,0.19,0.61,75.2,52.0,11.78,5.75,80.2,Star,1
PLR-2346,Leo Oblak #1447,England,Ligue 1,Marseille,Midfielder,29,178,64,Right,Medium,Medium,76.6,68.7,86.3,59.6,74.7,69.9,82.8,72.9,81.5,81.8,82.2,76.2,78.0,69.2,56.6,65.2,81.1,66.2,60.0,76.1,1046,13,0.12,0.59,75.0,52.0,11.51,11.87,79.1,Star,1
PLR-2347,Carlos Maignan #1448,Norway,Premier League,Chelsea,Midfielder,22,166,79,Right,High,Medium,68.8,59.3,65.0,58.1,62.4,51.2,69.3,66.5,65.0,71.2,66.9,53.5,57.9,50.7,52.0,50.5,62.0,54.0,59.8,73.0,1292,16,0.02,0.33,75.0,52.0,9.8,4.89,64.3,Developing,0
PLR-2348,Eduardo Davies #1449,Japan,Ligue 1,Paris Saint-Germain,Goalkeeper,22,187,87,Left,Medium,High,48.4,50.4,42.4,87.2,58.7,84.8,38.8,38.4,,62.3,36.2,23.4,57.3,27.3,23.3,28.0,70.9,73.7,64.6,76.2,3211,38,0.0,0.0,48.0,50.0,3.8,18.25,83.6,Elite,2
PLR-2349,Ruben Smith #1450,Italy,Serie A,Fiorentina,Forward,32,183,75,Right,Medium,Low,71.7,70.2,65.6,57.3,65.2,52.0,64.7,66.9,63.2,47.1,56.2,78.3,65.1,30.0,43.4,40.4,61.0,66.9,61.1,73.8,1499,19,0.38,0.17,65.0,40.0,8.8,3.76,66.4,Developing,0
PLR-2350,Enzo Hernandez #1451,Netherlands,Premier League,Manchester City,Defender,26,188,78,Right,Medium,High,71.2,74.2,74.6,82.2,56.5,79.9,73.6,69.5,74.8,65.0,60.3,37.8,78.1,86.6,87.7,90.2,64.2,75.7,80.7,70.3,1954,25,0.03,0.02,72.0,78.9,8.74,18.01,83.8,Elite,2
PLR-2351,Gavi Dias #1452,Colombia,Premier League,Newcastle,Midfielder,25,176,75,Left,High,High,55.0,56.0,65.0,49.8,59.9,48.2,62.0,58.0,68.1,70.1,52.0,55.4,52.0,45.0,48.7,46.8,57.8,60.0,54.3,82.5,2873,36,0.13,0.22,75.0,52.0,9.8,2.1,63.2,Developing,0
PLR-2352,Pedri Maignan #1453,Argentina,Ligue 1,Lyon,Midfielder,22,178,81,Right,Low,Low,64.0,64.4,82.1,68.9,63.2,65.3,73.6,71.6,75.2,88.7,71.1,68.6,67.7,60.3,50.1,57.2,67.6,68.6,67.4,74.7,1755,22,0.18,0.45,75.0,52.0,11.48,8.59,71.7,Star,1
PLR-2353,Gianluigi Traore #1454,Netherlands,Ligue 1,Lille,Defender,23,181,87,Right,Medium,High,82.5,92.3,90.2,99.0,81.2,88.9,78.8,64.1,79.8,70.3,72.0,41.7,71.8,89.4,94.5,93.1,71.0,82.5,96.0,58.1,1161,14,0.01,0.05,72.0,85.8,,61.63,92.0,Elite,2
PLR-2354,Virgil Williams #1455,Brazil,La Liga,Real Madrid,Midfielder,29,180,73,Right,High,Low,80.2,73.6,81.5,74.7,81.2,72.8,84.7,84.1,93.8,92.8,73.5,84.0,80.2,61.3,69.1,63.5,82.4,80.2,69.4,77.9,2161,27,0.23,0.82,85.5,65.5,10.4,20.04,84.5,Elite,2
PLR-2355,Son Courtois #1456,USA,La Liga,Barcelona,Defender,24,180,86,Right,High,Medium,71.3,74.8,72.3,81.0,57.0,80.4,71.5,63.9,72.9,75.2,61.2,42.0,75.3,83.1,83.7,88.3,61.0,74.0,68.8,72.7,1778,22,0.05,0.04,72.0,78.4,8.52,20.84,82.9,Elite,2
PLR-2356,Gabriel Dias #1457,Canada,Bundesliga,Eintracht Frankfurt,Goalkeeper,25,184,87,Left,High,High,38.1,42.0,40.0,71.0,63.0,68.8,33.9,25.7,41.1,47.0,20.0,18.3,53.9,29.5,30.1,19.3,63.0,63.5,65.4,70.8,645,8,0.0,0.01,48.0,50.0,3.8,4.49,73.8,Star,1
PLR-2357,Darwin Maignan #1458,England,Ligue 1,Lyon,Midfielder,20,179,74,Left,Medium,Medium,67.5,73.5,79.6,64.4,70.0,60.9,79.6,82.9,79.4,81.2,74.2,63.2,74.5,57.9,57.4,57.1,74.7,59.2,58.5,67.8,2989,38,0.03,0.47,75.0,52.0,10.39,5.29,75.3,Star,1
PLR-2358,Gabriel Saliba #1459,USA,Ligue 1,Lyon,Forward,27,190,84,Left,Medium,Medium,75.2,70.7,65.2,63.9,70.2,64.9,65.5,68.0,65.9,54.2,53.0,71.8,64.2,39.3,35.6,22.0,56.8,62.5,53.0,81.9,2090,26,0.36,0.08,65.0,40.0,8.8,0.64,68.6,Developing,0
PLR-2359,Virgil Barella #1460,England,Ligue 1,Marseille,Midfielder,30,186,73,Left,High,Medium,79.6,67.3,88.3,66.1,74.8,65.8,72.5,76.1,72.8,80.7,72.3,58.2,71.7,61.6,60.9,56.7,78.6,69.7,60.4,91.2,1389,17,0.14,0.6,75.0,52.0,12.27,6.52,78.6,Star,1
PLR-2360,Moises Hernandez #1461,Norway,La Liga,Atletico Madrid,Goalkeeper,28,190,77,Left,High,High,54.0,48.3,42.5,73.1,51.9,78.1,30.0,25.0,40.0,49.4,24.7,20.2,46.3,37.6,21.9,20.5,60.6,73.4,70.7,69.9,1923,24,0.0,0.0,48.0,50.0,3.8,11.64,78.7,Star,1
PLR-2361,Alisson Kim #1462,Portugal,Premier League,Manchester United,Forward,32,186,75,Right,Medium,High,82.1,80.1,77.5,73.9,82.2,76.0,87.9,94.2,79.9,72.9,74.5,86.3,84.0,41.1,46.7,23.4,79.9,90.6,71.7,67.1,2558,32,0.51,0.4,65.0,40.0,9.0,17.81,87.1,Elite,2
PLR-2362,Rodri Oblak #1463,Norway,Ligue 1,Marseille,Midfielder,33,176,72,Right,Medium,High,55.0,56.0,65.0,58.2,62.2,54.7,67.3,58.0,65.0,66.2,66.8,50.9,65.7,56.9,64.4,50.4,67.5,60.2,53.7,77.4,2013,25,0.02,0.35,75.0,52.0,9.8,1.74,64.7,Developing,0
PLR-2363,Federico Van Dijk #1464,Senegal,Bundesliga,Eintracht Frankfurt,Midfielder,23,182,72,Right,Low,Low,77.4,76.0,90.6,76.0,77.9,75.7,83.7,76.5,92.4,88.4,78.7,73.4,76.6,71.8,60.9,72.3,88.0,80.1,71.5,63.9,1961,25,0.11,0.85,84.2,52.0,11.52,26.51,84.8,Elite,2
PLR-2364,Declan Schmidt #1465,Spain,Ligue 1,Lyon,Defender,23,188,90,Right,High,Medium,64.8,64.6,61.0,84.1,54.6,71.9,70.1,50.2,63.3,59.0,48.2,36.9,60.6,81.9,79.0,80.1,69.5,62.8,65.2,69.6,2383,30,0.01,0.01,72.0,68.9,8.5,15.6,77.0,Star,1
PLR-2365,Jude Rodri #1466,Spain,La Liga,Atletico Madrid,Forward,18,183,85,Right,High,Low,79.1,84.2,65.6,81.8,84.2,76.5,82.3,80.7,83.7,62.5,65.5,90.6,85.2,51.6,39.4,34.0,61.6,68.5,80.6,69.1,2626,33,0.54,0.37,69.3,40.0,8.8,17.65,81.5,Star,1
PLR-2366,Eduardo Haaland #1467,Brazil,Premier League,Manchester City,Defender,18,185,86,Right,Low,Medium,74.7,71.9,85.4,95.3,70.1,80.4,66.7,63.4,75.6,72.2,61.7,41.4,63.2,79.4,88.5,89.2,58.4,70.6,92.7,69.7,2156,27,0.05,0.1,72.0,80.4,9.09,23.33,83.8,Elite,2
PLR-2367,Carlos Camavinga #1468,Germany,Serie A,Roma,Goalkeeper,30,190,84,Right,High,Low,36.7,58.9,52.4,85.0,62.2,80.8,45.4,26.2,48.2,59.0,23.6,18.8,68.2,32.2,38.5,30.3,69.7,84.6,73.0,75.3,2376,30,0.0,0.0,48.0,50.0,3.8,12.1,84.0,Elite,2
PLR-2368,Antony Traore #1469,Norway,Serie A,Inter Milan,Forward,27,175,71,Left,High,Low,81.7,83.1,66.4,62.0,66.7,65.3,79.7,86.4,68.0,55.0,62.9,79.6,73.0,44.0,26.9,31.3,71.6,65.3,62.9,81.1,2803,35,0.5,0.17,65.0,40.0,8.8,7.64,76.8,Star,1
PLR-2369,Enzo Dias #1470,Colombia,La Liga,Atletico Madrid,Forward,28,181,69,Right,Low,High,90.3,88.8,81.1,75.0,87.5,91.3,89.9,97.7,85.1,64.6,83.7,97.5,85.7,43.8,50.0,36.9,82.4,77.7,81.7,65.2,2309,29,0.51,0.47,66.5,40.0,10.08,46.39,91.9,Elite,2
PLR-2370,Julian Santos #1471,Morocco,Serie A,Atalanta,Goalkeeper,25,188,79,Right,Medium,High,36.9,40.9,40.0,61.4,52.1,70.7,35.4,32.8,46.1,53.7,20.0,15.0,48.9,25.0,18.3,15.0,56.3,53.6,52.1,86.4,2062,26,0.0,0.01,48.0,50.0,3.8,4.79,71.5,Star,1
PLR-2371,Kaoru Maignan #1472,Portugal,Ligue 1,Rennes,Forward,25,180,77,Right,Medium,Medium,83.4,90.3,81.1,78.3,86.1,89.8,86.1,86.5,75.8,62.5,75.9,96.7,91.8,43.6,40.4,32.2,65.5,79.8,70.6,75.0,3038,38,0.62,0.17,65.0,40.0,9.38,23.73,86.8,Elite,2
PLR-2372,Pedri Kim #1473,Norway,Premier League,Aston Villa,Defender,25,189,75,Right,Medium,Medium,71.2,66.1,77.8,84.7,68.6,79.0,68.3,62.9,74.0,77.2,60.4,38.8,54.7,87.2,89.5,80.1,67.9,77.5,71.1,67.7,1969,25,0.03,0.02,72.0,81.0,9.06,18.15,84.5,Elite,2
PLR-2373,Antony Foden #1474,Brazil,Bundesliga,Bayer Leverkusen,Midfielder,23,177,62,Left,Medium,High,92.0,90.3,94.1,76.9,95.0,76.7,99.0,92.4,99.0,92.8,90.4,88.3,83.8,84.9,72.2,76.4,92.7,80.4,86.8,58.8,2706,34,0.26,0.8,89.2,63.4,11.77,72.14,93.2,Elite,2
PLR-2374,Aurélien Foden #1475,Germany,La Liga,Barcelona,Forward,27,184,81,Right,Medium,High,97.9,94.9,83.9,84.9,86.6,83.8,87.8,93.5,77.6,76.7,71.2,99.0,94.6,49.2,42.0,45.9,72.9,85.1,82.2,69.1,2878,36,0.7,0.38,71.5,40.0,9.87,49.42,91.9,Elite,2
PLR-2375,Kaoru Jones #1476,Germany,Bundesliga,VfB Stuttgart,Defender,21,189,77,Right,High,High,74.0,69.0,86.2,87.0,60.2,83.6,69.6,65.7,72.3,78.0,61.6,44.4,68.4,86.0,92.6,86.6,68.0,71.6,89.6,61.5,1772,22,0.02,0.16,72.0,82.2,9.69,34.98,87.5,Elite,2
PLR-2376,Mateo Courtois #1477,Argentina,Ligue 1,Lille,Midfielder,27,173,69,Right,Medium,High,83.0,83.7,93.9,73.5,84.9,78.1,95.6,90.1,98.6,87.4,79.4,71.9,79.0,71.7,66.0,65.5,89.2,84.9,85.2,66.4,1982,25,0.23,0.85,91.3,63.5,11.59,34.54,89.4,Elite,2
PLR-2377,Carlos Schmidt #1478,Ghana,Bundesliga,Bayern Munich,Midfielder,26,182,77,Right,Medium,High,78.4,71.4,86.2,74.1,77.7,57.0,78.1,78.7,85.3,80.2,72.5,60.8,61.1,58.9,70.1,51.2,76.9,63.6,70.2,67.0,1324,16,0.02,0.44,76.5,57.9,10.97,10.47,80.3,Star,1
PLR-2378,Victor Moreno #1479,Spain,La Liga,Girona,Midfielder,21,178,78,Right,High,Medium,65.2,56.0,77.9,67.7,68.2,51.4,64.9,63.3,80.1,72.8,63.9,59.4,62.2,56.0,55.5,48.4,61.0,65.7,57.5,75.9,1457,18,0.05,0.37,75.0,52.0,10.11,3.85,69.3,Developing,0
PLR-2379,David Traore #1480,Canada,Ligue 1,Monaco,Midfielder,23,175,71,Right,High,Medium,75.1,74.3,89.5,68.5,92.4,74.9,88.8,75.8,91.0,88.1,74.4,81.7,72.5,64.2,66.7,69.5,78.1,81.6,73.1,73.3,1598,20,0.2,0.8,78.2,55.7,,17.64,82.6,Elite,2
PLR-2380,Luka Van Dijk #1481,Brazil,Bundesliga,Bayern Munich,Forward,29,183,79,Left,High,Medium,78.5,95.3,71.8,68.9,79.9,65.5,76.9,79.3,68.7,68.9,65.5,83.6,80.1,37.8,36.2,31.3,68.3,71.8,66.3,79.0,2722,34,0.64,0.22,65.0,40.0,8.8,8.73,77.8,Star,1
PLR-2381,William Fernandez #1482,Japan,La Liga,Girona,Midfielder,29,181,66,Right,High,Medium,63.7,67.1,79.2,62.6,65.8,57.2,78.5,74.8,79.6,79.2,61.2,53.7,65.9,64.4,57.9,53.4,79.3,65.0,56.5,77.1,1647,21,0.05,0.58,75.0,52.0,10.98,6.12,74.5,Star,1
PLR-2382,Thibaut Barella #1483,Canada,Serie A,Napoli,Goalkeeper,24,197,83,Left,High,High,55.1,46.0,40.0,75.3,55.9,68.0,38.8,25.0,40.0,59.3,28.4,22.6,60.6,33.4,39.3,21.7,64.9,70.6,63.3,72.4,2504,32,0.0,0.01,48.0,50.0,3.8,29.56,86.3,Elite,2
PLR-2383,Ederson Camavinga #1484,Netherlands,Ligue 1,Monaco,Forward,18,180,84,Left,High,Low,65.0,73.7,66.6,59.2,65.4,54.2,68.7,70.6,62.7,51.9,67.0,74.0,76.7,34.8,29.6,27.3,48.7,54.6,63.9,78.7,2653,34,0.2,0.11,65.0,40.0,8.8,5.67,68.7,Developing,0
PLR-2384,Ruben Smith #1485,Colombia,Bundesliga,Bayern Munich,Defender,29,180,85,Right,High,Medium,60.8,73.1,75.7,72.9,66.5,78.7,59.8,50.2,69.9,73.5,55.2,39.7,75.5,85.2,79.2,77.8,74.8,71.8,77.1,60.2,643,8,0.01,0.07,72.0,72.4,9.57,7.83,76.9,Star,1
PLR-2385,Thibaut Hakimi #1486,South Korea,Premier League,Arsenal,Midfielder,29,182,79,Left,Medium,Medium,58.8,68.0,70.4,63.5,63.4,53.8,78.9,79.2,79.2,72.1,66.1,64.0,69.7,58.9,61.7,54.6,69.7,62.9,64.1,76.9,2208,28,0.02,0.53,75.0,52.0,9.8,5.79,72.0,Star,1
PLR-2386,Kylian Mueller #1487,Morocco,Bundesliga,Bayer Leverkusen,Defender,27,185,77,Right,Medium,Medium,75.9,73.9,77.0,91.5,77.8,81.0,73.5,67.3,75.1,71.0,62.5,46.7,62.8,84.9,82.4,86.0,72.1,68.0,67.5,71.9,2228,28,0.01,0.14,72.0,73.6,8.53,17.26,82.2,Elite,2
PLR-2387,Nicolo Rodriguez #1488,Italy,Serie A,AC Milan,Forward,22,191,70,Right,Medium,Medium,79.2,83.3,70.2,64.6,79.1,71.5,83.1,86.0,68.8,55.2,67.6,84.6,88.1,41.8,36.1,22.0,71.9,74.2,70.6,72.5,1871,23,0.49,0.23,65.0,40.0,8.8,16.01,82.0,Star,1
PLR-2388,Gianluigi Kim #1489,Colombia,Serie A,Lazio,Goalkeeper,25,182,79,Left,High,High,38.3,49.8,50.6,78.8,58.2,65.0,32.5,27.8,48.5,58.0,20.9,17.2,68.4,46.9,27.8,21.0,69.3,70.3,65.5,69.0,1608,20,0.0,0.01,48.0,50.0,3.8,11.04,79.8,Star,1
PLR-2389,Declan Oblak #1490,Uruguay,Ligue 1,Marseille,Midfielder,31,184,80,Right,Medium,High,72.2,75.4,86.0,91.1,89.0,74.2,89.9,96.0,99.0,95.6,92.1,81.2,84.0,72.8,71.2,64.0,98.0,88.8,78.4,66.5,1815,23,0.18,0.85,87.7,56.8,11.32,24.24,89.9,Elite,2
PLR-2390,Julian Foden #1491,Morocco,Ligue 1,Lille,Forward,21,184,76,Right,Medium,Low,80.1,84.8,73.1,75.6,73.6,72.9,74.3,81.1,76.4,65.2,65.8,85.8,78.8,37.0,33.8,28.6,68.6,63.7,67.6,69.3,1072,13,0.34,0.31,65.0,40.0,8.8,13.24,78.4,Star,1
PLR-2391,Alisson Moreno #1492,Italy,Ligue 1,Paris Saint-Germain,Forward,32,170,78,Right,Medium,Medium,60.0,62.3,57.8,54.3,61.6,54.5,58.0,60.0,51.6,50.9,47.2,69.4,66.3,34.8,27.7,31.5,46.0,60.1,46.4,81.2,1703,21,0.27,0.02,65.0,40.0,8.8,0.5,60.4,Developing,0
PLR-2392,Leo Tanaka #1493,Nigeria,La Liga,Athletic Club,Forward,26,174,78,Right,Medium,Low,84.3,80.0,67.6,64.4,82.8,70.5,80.4,78.6,66.5,60.4,65.2,88.5,71.3,46.0,37.2,31.6,66.7,71.6,69.3,63.4,2637,33,0.61,0.09,65.0,40.0,8.8,8.89,79.9,Star,1
PLR-2393,Khvicha Fernandez #1494,Morocco,La Liga,Barcelona,Midfielder,24,186,76,Right,Medium,Medium,57.9,59.7,77.7,55.4,69.2,59.2,71.7,72.6,75.3,73.4,66.9,61.3,67.9,65.1,56.9,57.3,76.1,70.0,63.9,81.2,1696,21,0.06,0.55,75.0,52.0,10.57,9.18,73.1,Star,1
PLR-2394,Federico Williams #1495,France,La Liga,Real Madrid,Midfielder,27,178,73,Right,Medium,Medium,69.6,79.3,85.8,68.5,77.8,53.1,75.1,72.9,83.7,76.2,74.5,72.5,64.3,74.3,57.7,61.7,76.0,76.6,70.1,77.4,2386,30,0.16,0.48,75.0,52.0,10.68,12.89,77.7,Star,1
PLR-2395,Pedri Hernandez #1496,Japan,Bundesliga,VfB Stuttgart,Defender,26,188,77,Right,High,Medium,90.7,79.6,80.1,94.7,72.5,90.7,76.0,61.5,78.6,78.7,66.5,55.8,75.6,94.1,97.3,91.3,77.3,75.5,91.9,61.8,2024,25,0.02,0.07,72.0,88.6,9.44,45.05,91.0,Elite,2
PLR-2396,Leo Williams #1497,South Korea,Ligue 1,Lille,Midfielder,18,178,77,Right,Medium,Low,71.1,74.2,88.5,70.1,83.1,63.4,85.6,78.1,88.1,86.6,80.4,63.6,68.6,67.2,78.3,70.5,70.8,74.2,64.5,74.0,1563,20,0.06,0.62,80.5,62.5,10.68,12.9,79.6,Star,1
PLR-2397,Alexis Van Dijk #1498,Germany,Ligue 1,Marseille,Forward,27,184,68,Left,High,High,84.2,74.4,62.0,58.1,76.0,66.8,73.9,82.2,68.9,55.0,60.1,82.1,71.5,47.2,37.1,32.3,61.3,61.8,55.4,79.3,3252,38,0.39,0.22,65.0,40.0,8.8,6.07,74.7,Star,1
PLR-2398,Julian Garcia #1499,Germany,La Liga,Athletic Club,Midfielder,28,189,82,Right,High,Low,66.9,71.7,78.4,75.0,66.7,56.9,75.0,71.4,80.0,73.3,71.4,58.2,70.7,67.9,64.8,54.7,79.6,74.5,67.8,70.3,2186,28,0.07,0.63,75.0,52.0,10.42,9.97,75.9,Star,1
PLR-2399,Achraf Courtois #1500,Belgium,La Liga,Barcelona,Defender,22,176,70,Left,Medium,Medium,52.2,61.6,64.2,71.9,53.3,68.5,54.0,45.5,53.1,60.8,53.0,39.0,58.8,67.3,71.4,71.4,55.4,56.2,59.4,73.6,2464,31,0.03,0.03,72.0,70.4,8.5,0.79,68.2,Developing,0
PLR-2400,Victor Courtois #1501,Italy,Bundesliga,Bayern Munich,Forward,22,184,68,Right,Medium,High,76.0,79.4,66.1,57.9,74.1,74.0,69.9,71.4,67.5,57.9,61.6,76.7,74.4,31.9,32.4,26.7,57.5,66.4,67.8,73.4,949,12,0.68,0.15,65.0,40.0,8.8,7.43,71.6,Star,1
PLR-2401,Vinicius Saka #1502,Ghana,La Liga,Villarreal,Forward,28,181,75,Right,Medium,Low,75.4,73.8,67.5,66.2,73.2,64.9,69.5,78.4,70.5,57.4,60.3,82.6,69.3,32.8,39.0,22.0,63.6,65.0,64.6,71.7,2637,33,0.61,0.19,65.0,40.0,8.8,10.63,75.9,Star,1
PLR-2402,Enzo Saka #1503,Italy,Bundesliga,Eintracht Frankfurt,Forward,32,175,72,Right,Medium,High,81.4,75.1,63.6,55.6,80.5,77.5,73.2,77.3,71.8,63.6,75.4,85.1,72.9,45.4,32.2,31.8,73.0,72.5,62.5,69.9,1533,19,0.67,0.17,65.0,40.0,8.8,6.13,79.4,Star,1
PLR-2403,Liam Silva #1504,Italy,Bundesliga,Bayer Leverkusen,Defender,22,189,78,Right,Medium,High,78.5,68.0,75.7,81.2,61.3,77.9,69.5,62.5,70.3,63.0,56.7,43.6,56.5,81.6,85.6,87.1,69.6,68.6,82.2,68.8,1818,23,0.02,0.03,72.0,76.2,8.5,14.19,81.4,Star,1
PLR-2404,Moises Garcia #1505,Colombia,La Liga,Girona,Defender,24,178,73,Right,High,Medium,71.4,74.9,64.4,91.4,66.3,74.5,66.6,56.1,71.0,64.5,59.5,40.1,68.9,90.6,83.5,83.0,64.6,74.5,81.7,58.5,2405,30,0.07,0.03,72.0,73.0,8.5,22.1,83.4,Elite,2
PLR-2405,Rodri Mbappe #1506,Netherlands,Premier League,Chelsea,Midfielder,27,177,73,Right,Medium,High,62.5,64.8,78.2,63.7,69.9,51.6,76.0,73.5,77.6,75.6,67.4,67.6,65.3,62.5,60.0,54.5,72.1,65.5,66.4,81.9,2234,28,0.04,0.38,75.0,52.9,10.0,6.23,72.6,Star,1
PLR-2406,Julian Rodriguez #1507,Brazil,Serie A,Roma,Defender,18,190,81,Right,Low,Medium,85.5,78.7,80.7,87.0,71.8,81.1,70.1,58.1,73.6,75.2,64.9,47.1,77.5,85.1,91.5,93.1,63.9,65.9,75.1,77.7,2087,26,0.02,0.09,72.0,82.6,8.8,23.05,84.4,Elite,2
PLR-2407,William Rodriguez #1508,Japan,Premier League,Manchester United,Defender,29,174,79,Right,High,Medium,72.4,73.1,77.2,81.9,60.2,79.6,56.9,64.6,71.6,68.3,63.5,40.5,64.3,82.3,84.7,90.8,68.3,72.6,88.3,60.9,1988,25,0.04,0.09,72.0,78.2,9.14,14.03,83.2,Elite,2
PLR-2408,Gavi Courtois #1509,South Korea,Premier League,Tottenham,Midfielder,28,183,76,Right,High,Medium,80.6,78.9,87.9,75.0,76.3,73.6,81.7,78.5,84.8,82.2,81.1,70.8,78.1,69.7,60.5,54.8,90.7,75.7,72.2,66.6,2454,31,0.21,0.73,79.9,52.0,11.48,15.86,84.8,Elite,2
PLR-2409,Bruno Donnarumma #1510,Nigeria,Ligue 1,Rennes,Defender,26,183,83,Right,Medium,Medium,65.6,63.6,81.5,87.2,73.2,73.6,71.0,65.2,70.0,65.5,55.5,40.2,65.6,85.1,89.9,85.2,69.6,78.4,76.7,73.9,1715,21,0.01,0.04,72.0,82.6,9.69,8.88,82.4,Elite,2
PLR-2410,Jamal Smith #1511,Netherlands,Serie A,Napoli,Forward,22,184,74,Right,Low,Medium,83.7,84.6,70.2,75.9,73.9,75.4,80.7,90.1,67.1,61.3,65.2,91.9,77.6,39.8,47.0,27.6,70.7,73.8,62.8,83.6,2596,33,0.68,0.15,65.0,40.0,8.8,17.7,82.3,Elite,2
PLR-2411,Declan Kroos #1512,Canada,Ligue 1,Monaco,Forward,33,183,70,Right,High,Low,70.0,72.5,70.5,56.2,79.6,75.6,78.3,78.9,71.0,60.8,70.7,89.7,76.5,39.0,35.2,25.0,69.6,72.5,68.0,76.2,1238,15,0.67,0.15,65.0,40.0,8.98,2.01,77.8,Star,1
PLR-2412,Aurélien Camavinga #1513,South Korea,Premier League,Liverpool,Forward,26,185,67,Left,Medium,Low,78.4,79.1,70.2,63.8,74.6,65.3,71.3,83.0,65.5,74.6,56.3,78.5,77.3,42.3,29.6,46.6,58.2,69.0,66.4,80.7,2354,30,0.32,0.17,65.0,40.0,8.8,5.63,74.5,Star,1
PLR-2413,Nicolo Barella #1514,Uruguay,Bundesliga,Bayer Leverkusen,Forward,21,189,67,Right,High,High,89.6,80.9,79.9,74.1,85.7,78.3,88.4,91.9,80.4,65.8,73.2,92.1,82.9,46.2,40.8,41.1,75.0,81.9,73.6,66.4,3351,38,0.68,0.32,65.0,40.0,9.45,48.61,90.0,Elite,2
PLR-2414,Kaoru Mbappe #1515,Ghana,La Liga,Real Madrid,Midfielder,24,180,72,Left,High,Medium,65.5,72.2,86.1,71.3,70.9,64.7,80.4,79.7,80.0,79.3,69.3,60.9,69.0,65.6,71.3,51.4,80.2,73.1,67.5,75.4,1908,24,0.08,0.57,76.7,60.1,11.12,10.14,78.8,Star,1
PLR-2415,Liam Haaland #1516,Netherlands,Serie A,Inter Milan,Goalkeeper,21,194,81,Right,Medium,Medium,49.8,46.1,44.1,84.8,68.6,81.1,33.9,35.7,56.2,60.5,27.4,17.2,60.7,46.2,23.4,19.8,64.5,79.0,65.9,75.0,2306,29,0.0,0.0,48.5,50.0,3.8,15.43,80.5,Star,1
PLR-2416,Rafael Van Dijk #1517,Colombia,Bundesliga,Borussia Dortmund,Forward,25,182,72,Right,High,Medium,84.5,87.2,55.9,62.4,69.7,75.2,73.6,73.3,63.6,52.3,78.7,79.4,72.5,30.0,37.7,24.0,66.3,69.9,75.4,72.7,1816,23,0.49,0.18,65.0,40.0,8.8,7.17,74.6,Star,1
PLR-2417,Bruno Martinez #1518,Brazil,Ligue 1,Lyon,Forward,28,180,73,Left,High,Low,75.7,78.5,69.5,77.7,81.5,67.9,73.3,78.5,70.9,51.8,65.9,89.0,77.4,35.6,29.8,25.5,73.0,70.7,67.4,73.2,2413,30,0.55,0.24,65.0,40.0,8.8,8.32,77.5,Star,1
PLR-2418,Cole Hakimi #1519,Morocco,Serie A,Lazio,Midfielder,27,185,78,Left,High,High,69.3,68.2,79.1,66.6,73.8,62.6,81.6,72.9,78.1,78.6,65.1,75.2,73.2,62.3,68.0,55.7,76.2,68.0,61.2,72.6,1865,23,0.14,0.57,75.0,55.4,10.89,10.35,78.2,Star,1
PLR-2419,Florian Tanaka #1520,Brazil,Ligue 1,Monaco,Goalkeeper,20,187,89,Right,High,High,48.8,47.9,40.0,78.6,60.5,71.8,41.7,31.6,46.6,51.0,27.3,15.0,59.5,36.5,31.8,29.3,66.7,68.9,73.1,72.7,1258,16,0.0,0.03,48.0,50.0,3.8,7.67,77.7,Star,1
PLR-2420,Jude Traore #1521,Brazil,Premier League,Tottenham,Midfielder,27,179,79,Right,Medium,Medium,81.4,72.9,86.9,71.8,91.0,73.6,86.0,85.5,93.2,92.6,75.8,76.1,79.6,68.1,76.5,72.1,88.4,81.3,77.1,64.9,1148,14,0.26,0.85,85.2,75.8,11.14,21.17,86.3,Elite,2
PLR-2421,Thibaut Fernandez #1522,Japan,Ligue 1,Rennes,Midfielder,26,172,79,Left,Medium,High,70.0,74.4,80.4,64.5,75.2,63.8,79.4,72.4,80.7,74.4,67.0,57.0,69.5,56.9,60.4,57.8,79.5,71.3,65.5,74.2,2440,31,0.11,0.56,75.0,52.1,10.12,6.99,78.1,Star,1
PLR-2422,Declan Davies #1523,Portugal,Bundesliga,VfB Stuttgart,Forward,23,183,70,Right,Medium,High,93.6,91.2,84.7,79.5,81.9,85.6,88.0,85.2,75.1,72.9,82.6,92.6,96.4,55.2,45.3,39.9,75.2,78.3,81.9,64.8,1292,16,0.62,0.32,65.0,40.0,9.97,30.37,86.1,Elite,2
PLR-2423,William Garcia #1524,Norway,La Liga,Athletic Club,Forward,24,181,84,Left,High,Medium,81.1,85.4,74.6,71.3,79.9,76.3,85.0,77.8,68.8,63.2,76.9,78.9,81.7,48.3,48.4,41.0,67.5,76.0,75.2,65.3,2381,30,0.49,0.17,65.8,40.0,9.0,13.75,79.1,Star,1
PLR-2424,Liam Van Dijk #1525,Portugal,La Liga,Real Sociedad,Goalkeeper,22,187,75,Right,Medium,Medium,56.0,46.1,50.2,78.9,60.2,75.2,49.5,32.9,56.4,57.1,32.7,21.5,69.1,35.1,27.1,16.3,60.9,73.3,71.2,76.0,2715,34,0.0,0.0,48.0,50.0,3.86,11.99,76.5,Star,1
PLR-2425,Khvicha Wirtz #1526,Portugal,Premier League,Manchester United,Goalkeeper,21,198,87,Right,Medium,High,40.1,46.8,40.0,80.8,56.1,67.7,39.0,34.2,51.4,51.6,28.6,22.8,54.4,25.0,27.9,20.4,69.7,70.2,49.7,74.2,1547,19,0.0,0.0,48.0,50.0,3.8,14.06,78.1,Star,1
PLR-2426,Dominik Courtois #1527,Ghana,Premier League,Arsenal,Forward,35,174,72,Right,Low,High,65.7,65.0,67.2,66.4,75.6,74.5,72.1,70.2,69.6,57.1,56.9,81.1,78.9,40.9,43.2,27.7,71.7,70.8,55.0,76.9,2387,30,0.61,0.21,65.0,40.0,8.8,4.93,71.5,Star,1
PLR-2427,Noah Rice #1528,Senegal,Ligue 1,Marseille,Goalkeeper,29,186,89,Right,Low,Low,50.2,47.4,50.5,80.1,56.6,78.5,37.6,31.1,59.1,60.8,32.2,23.9,49.7,37.1,31.3,29.1,81.1,78.9,73.2,67.4,1520,19,0.0,0.01,49.8,50.0,3.8,21.94,86.8,Elite,2
PLR-2428,Declan Garcia #1529,Morocco,Ligue 1,Nice,Midfielder,23,171,74,Left,High,Medium,74.5,77.8,87.5,70.6,75.1,67.4,81.8,74.3,89.4,84.2,84.2,68.3,74.5,74.0,70.2,67.7,86.9,64.6,67.5,70.1,2794,35,0.13,0.73,81.8,60.3,11.11,13.55,80.1,Star,1
PLR-2429,Erling Van Dijk #1530,Brazil,Bundesliga,Eintracht Frankfurt,Defender,26,184,84,Right,High,Medium,68.0,54.9,70.3,66.5,58.0,67.2,53.9,55.2,,50.4,48.2,30.9,57.1,70.6,78.3,69.1,58.7,57.3,60.8,,3121,38,0.03,0.01,72.0,69.5,8.5,3.74,70.4,Developing,0
PLR-2430,Erling Valverde #1531,Morocco,Ligue 1,Lille,Midfielder,26,180,74,Right,Low,High,72.7,74.4,80.5,76.7,77.5,64.2,86.7,83.3,79.0,88.6,76.1,74.3,75.0,68.4,63.5,65.5,80.0,78.5,72.9,69.1,2976,38,0.12,0.63,75.0,52.0,10.52,12.7,80.5,Star,1
PLR-2431,Kylian Camavinga #1532,USA,Premier League,Chelsea,Midfielder,25,179,64,Right,Medium,Medium,66.1,65.4,73.2,66.9,74.7,64.6,73.4,72.1,78.9,82.9,56.1,56.6,67.1,60.8,52.4,55.4,71.8,64.0,73.0,70.8,2955,37,0.06,0.55,75.0,52.0,10.42,3.23,72.4,Star,1
PLR-2432,Moises Schmidt #1533,Canada,Serie A,AC Milan,Midfielder,22,177,79,Right,Low,High,69.3,73.6,78.9,71.3,73.4,63.2,76.7,73.6,84.1,77.4,70.5,66.0,72.4,57.5,62.0,55.4,72.6,66.6,66.8,74.2,2646,33,0.11,0.49,75.0,55.9,10.3,9.52,76.4,Star,1
PLR-2433,Gavi Tanaka #1534,USA,Bundesliga,Eintracht Frankfurt,Defender,29,191,86,Left,Medium,Medium,63.0,71.1,70.4,87.1,54.8,76.7,65.1,60.8,68.6,61.0,53.7,41.0,56.3,82.2,71.3,72.6,64.2,68.3,74.8,60.0,2340,30,0.04,0.01,72.0,66.3,8.75,4.98,76.5,Star,1
PLR-2434,Vinicius Rodriguez #1535,England,Serie A,Roma,Forward,22,174,80,Left,High,High,79.1,73.8,70.9,68.4,72.6,60.9,72.9,70.3,67.2,54.4,61.2,79.3,78.1,40.6,45.1,24.9,55.7,61.3,65.0,76.4,2097,26,0.38,0.17,65.0,40.0,9.07,10.97,75.3,Star,1
PLR-2435,Takefusa Hernandez #1536,Ghana,Bundesliga,Bayer Leverkusen,Forward,25,176,79,Right,Medium,Low,65.0,77.9,64.5,65.3,72.1,66.6,69.8,72.1,56.7,58.9,63.9,69.9,64.3,32.4,40.1,25.9,57.1,53.7,51.8,81.7,2815,36,0.29,0.16,65.0,40.0,8.8,0.5,66.1,Developing,0
PLR-2436,Antony Fernandez #1537,Italy,Premier League,Aston Villa,Midfielder,26,176,72,Right,High,High,65.0,72.5,78.7,61.8,71.9,60.3,76.8,71.8,74.9,81.7,69.8,66.6,73.2,64.4,63.9,57.8,78.6,66.8,67.1,74.6,2241,28,0.1,0.48,75.0,52.0,9.8,2.07,73.3,Star,1
PLR-2437,Noah Rodriguez #1538,Canada,Serie A,Roma,Defender,26,184,88,Left,High,Medium,79.1,84.8,88.1,93.8,80.6,91.2,67.5,67.0,83.9,74.0,72.0,56.1,71.1,92.5,99.0,96.5,79.7,84.2,94.6,62.6,2189,28,0.15,0.04,72.0,91.0,9.6,44.5,91.8,Elite,2
PLR-2438,Rodri Diallo #1539,Germany,Premier League,Liverpool,Forward,36,180,79,Right,Low,High,62.8,65.1,58.7,65.1,64.5,64.5,61.0,69.3,62.3,50.3,63.3,69.0,71.8,38.2,27.9,22.0,69.9,72.7,48.6,80.5,2530,32,0.29,0.18,65.0,40.0,8.8,1.79,64.7,Developing,0
PLR-2439,Rodri Kim #1540,South Korea,La Liga,Atletico Madrid,Defender,27,180,89,Left,Low,Low,52.0,50.0,58.0,65.4,48.0,58.0,50.0,42.7,52.7,49.0,41.9,30.0,48.0,65.0,66.0,62.0,49.6,54.5,50.8,82.2,2706,34,0.01,0.05,72.0,62.7,8.5,0.77,64.0,Developing,0
PLR-2440,Victor Valverde #1541,Nigeria,Premier League,Liverpool,Goalkeeper,30,197,90,Right,High,High,47.0,63.7,51.7,81.3,68.9,73.0,41.5,30.0,45.6,59.8,26.6,24.7,56.8,52.8,25.2,27.9,82.2,88.5,70.0,70.7,2099,26,0.0,0.01,48.0,50.0,4.32,13.33,85.2,Elite,2
PLR-2441,Nicolo Donnarumma #1542,Japan,Premier League,Aston Villa,Forward,21,182,83,Right,Medium,Medium,88.8,90.0,83.3,80.8,82.7,77.2,85.9,96.6,79.1,66.7,68.5,91.8,85.6,49.9,37.6,36.9,71.5,74.6,71.4,80.3,1696,21,0.54,0.31,69.9,40.0,9.0,35.01,87.7,Elite,2
PLR-2442,Pedri Mendes #1543,Norway,La Liga,Villarreal,Defender,30,186,80,Left,Medium,Low,82.5,81.6,81.3,92.2,63.2,89.6,74.6,62.6,84.5,76.6,64.9,56.3,64.0,92.3,94.6,85.0,78.5,80.4,85.0,70.6,1794,23,0.02,0.07,76.5,91.1,9.72,19.43,87.6,Elite,2
PLR-2443,Son Dias #1544,England,Premier League,Liverpool,Midfielder,24,171,74,Left,Medium,Medium,73.6,78.6,91.7,66.5,76.1,72.1,81.9,69.8,89.5,86.1,75.6,70.4,84.7,71.9,61.0,61.5,87.1,78.0,69.6,76.1,2559,32,0.08,0.81,78.0,52.0,10.99,21.02,82.3,Elite,2
PLR-2444,Thibaut Bellingham #1545,Senegal,Serie A,Juventus,Defender,26,173,83,Right,Low,Medium,68.1,61.7,69.3,82.3,63.2,66.0,62.6,59.8,60.7,59.0,50.9,35.1,59.2,77.3,78.6,77.9,60.9,69.4,73.5,74.0,2679,34,0.05,0.01,72.0,66.8,8.53,4.12,77.1,Star,1
PLR-2445,William Silva #1546,Morocco,Premier League,Newcastle,Forward,21,182,76,Right,Medium,Medium,94.3,82.8,73.0,71.0,82.0,72.8,75.4,90.2,83.7,57.4,66.1,87.1,78.7,41.5,39.5,38.1,66.5,78.0,71.6,,2350,30,0.59,0.22,70.9,40.0,9.43,26.14,84.9,Elite,2
PLR-2446,Cole Kroos #1547,Germany,Ligue 1,Rennes,Defender,25,183,83,Right,High,Low,70.6,76.3,76.5,86.2,75.6,85.8,59.6,64.4,77.2,65.1,56.7,50.7,66.2,80.9,93.5,85.6,75.0,79.1,71.9,64.3,2478,31,0.04,0.01,72.0,82.4,8.99,20.66,85.3,Elite,2
PLR-2447,Julian Hernandez #1548,Canada,Premier League,Manchester City,Defender,35,185,75,Left,Low,High,52.0,54.8,59.8,71.0,60.4,58.0,61.0,50.4,58.0,52.5,45.1,47.5,60.8,81.5,70.8,78.6,54.4,65.2,60.5,79.5,2138,27,0.03,0.03,72.0,64.5,8.5,0.5,70.5,Developing,0
PLR-2448,Gavi Barella #1549,Spain,Bundesliga,Borussia Dortmund,Goalkeeper,29,187,74,Left,Medium,Medium,38.9,42.8,40.0,75.0,57.6,69.5,38.8,29.8,43.2,42.0,24.2,31.0,51.0,25.0,21.8,21.8,63.6,69.5,61.2,80.1,2456,31,0.0,0.0,48.0,50.0,3.8,1.68,71.8,Star,1
PLR-2449,Theo Kim #1550,Uruguay,Serie A,Roma,Defender,33,181,84,Left,High,Medium,83.3,73.6,92.1,97.1,76.5,98.0,83.7,66.2,86.9,73.3,61.3,48.4,78.6,99.0,99.0,95.8,74.6,92.1,90.6,61.1,2470,31,0.04,0.02,72.0,90.2,10.6,39.97,94.5,Elite,2
PLR-2450,Alessandro Barella #1551,Argentina,Bundesliga,Borussia Dortmund,Midfielder,26,172,71,Right,Medium,Medium,64.9,61.2,77.9,61.7,62.2,57.7,73.4,67.9,77.0,74.8,63.5,69.2,60.5,55.5,62.5,56.8,73.3,71.7,65.2,78.7,1718,22,0.16,0.58,75.0,52.8,10.16,7.21,72.7,Star,1
PLR-2451,Declan Hernandez #1552,South Korea,Ligue 1,Lyon,Midfielder,26,190,72,Right,Medium,High,68.6,69.8,79.7,67.7,74.5,72.5,84.9,76.3,86.2,86.5,85.4,72.0,76.4,53.3,69.3,60.0,88.0,76.7,73.4,76.3,1216,15,0.21,0.77,76.9,64.9,10.78,8.39,80.9,Star,1
PLR-2452,Ruben Schmidt #1553,Nigeria,Bundesliga,VfB Stuttgart,Defender,29,189,74,Left,High,Medium,60.0,57.4,58.7,73.6,58.7,58.0,60.6,49.9,58.5,53.4,42.9,43.8,52.3,67.3,66.0,70.2,51.4,65.4,61.4,77.9,2219,28,0.01,0.01,72.0,62.9,8.5,3.01,67.7,Developing,0
PLR-2453,Kylian Davies #1554,Norway,Serie A,Roma,Midfielder,29,175,71,Right,High,High,68.8,72.6,66.6,58.5,58.0,57.4,64.4,63.6,65.4,66.0,71.2,60.5,57.4,54.7,59.3,39.3,72.4,61.6,48.0,83.9,1931,24,0.1,0.37,75.0,52.0,9.8,1.29,63.0,Developing,0
PLR-2454,Virgil Musiala #1555,South Korea,Bundesliga,RB Leipzig,Forward,27,181,76,Left,Medium,High,66.8,67.2,56.4,50.3,61.6,56.4,68.9,66.2,58.2,49.1,62.3,71.6,62.5,30.0,28.2,34.9,53.1,62.0,49.5,,2371,30,0.34,0.07,65.0,40.0,8.8,1.13,65.2,Developing,0
PLR-2455,Federico Rodriguez #1556,Japan,Serie A,Napoli,Goalkeeper,31,192,74,Right,Medium,High,51.2,56.5,44.7,70.9,64.5,79.2,45.0,36.1,58.0,57.9,27.8,23.5,64.0,42.5,31.6,23.3,71.8,82.0,75.1,64.6,2932,37,0.0,0.0,48.0,50.0,3.8,13.14,85.3,Elite,2
PLR-2456,Nicolo Van Dijk #1557,Morocco,Bundesliga,Eintracht Frankfurt,Defender,27,190,81,Right,High,High,79.0,74.8,70.0,83.4,67.5,77.7,65.3,68.0,74.1,65.5,63.9,48.2,69.6,80.2,87.6,80.2,61.5,71.3,78.6,72.0,2391,30,0.03,0.01,72.0,79.3,8.53,12.21,80.6,Star,1
PLR-2457,Antony Rice #1558,Ghana,La Liga,Real Sociedad,Defender,28,191,81,Right,Low,Medium,77.2,77.0,67.7,80.9,56.5,73.0,59.1,63.6,,67.9,57.4,42.9,62.4,83.2,86.2,82.7,60.4,74.1,67.5,77.5,2351,30,0.11,0.1,72.0,83.4,8.5,16.91,81.6,Star,1
PLR-2458,Antony Silva #1559,Spain,Ligue 1,Paris Saint-Germain,Forward,24,177,68,Right,Medium,Low,97.2,98.2,87.9,79.4,85.9,85.0,83.3,87.2,87.6,74.4,76.9,99.0,96.9,49.3,39.3,33.7,82.2,85.6,81.9,66.3,1709,21,0.69,0.32,75.5,40.0,9.83,47.54,90.7,Elite,2
PLR-2459,Jan Saka #1560,Nigeria,Serie A,Fiorentina,Defender,26,185,76,Right,High,Medium,65.1,66.1,60.4,82.4,67.9,65.9,59.1,63.4,66.3,64.0,58.9,43.0,61.3,75.9,79.7,83.1,68.8,62.1,71.5,74.4,2626,33,0.02,0.03,72.0,74.9,8.5,9.0,76.8,Star,1
PLR-2460,Rodri Moreno #1561,South Korea,Serie A,Inter Milan,Midfielder,24,172,78,Left,High,Medium,69.1,65.0,78.6,62.6,70.2,61.9,70.7,66.8,75.8,74.5,71.6,64.2,67.2,49.7,60.8,53.4,69.9,66.2,70.2,81.6,3420,38,0.2,0.38,75.0,52.0,9.98,3.96,72.2,Star,1
PLR-2461,Jamal Tchouameni #1562,Germany,Serie A,Roma,Defender,27,189,79,Left,Medium,Medium,73.7,72.6,77.9,79.6,75.7,86.4,67.0,59.2,72.6,72.9,67.3,46.7,66.4,84.8,79.2,81.2,63.3,81.8,72.3,66.5,1685,21,0.01,0.09,72.0,72.9,9.31,13.5,80.8,Star,1
PLR-2462,Achraf Oblak #1563,Japan,La Liga,Girona,Forward,24,180,77,Right,Medium,Medium,64.1,72.2,62.8,57.8,66.2,57.1,67.6,71.6,50.8,51.5,49.7,68.1,67.5,36.7,28.2,39.4,51.2,62.4,55.1,73.7,2058,26,0.43,0.02,65.0,40.0,8.8,3.1,65.4,Developing,0
PLR-2463,Kylian Dias #1564,Japan,Ligue 1,Monaco,Defender,25,188,76,Right,Low,High,72.7,76.8,72.8,81.6,63.4,80.6,65.0,64.0,56.7,66.5,58.3,43.6,58.6,79.5,79.8,82.6,69.7,71.7,72.3,78.8,1763,22,0.08,0.06,72.0,73.6,8.5,12.86,80.2,Star,1
PLR-2464,Darwin Hakimi #1565,Belgium,Bundesliga,Borussia Dortmund,Goalkeeper,27,186,89,Right,Medium,High,53.3,41.8,40.0,62.3,53.4,60.9,31.0,28.0,40.0,46.0,23.0,15.0,61.4,34.0,28.4,21.0,67.3,63.5,54.8,83.9,1513,19,0.0,0.01,48.0,50.0,3.8,1.95,72.7,Star,1
PLR-2465,Theo Hakimi #1566,Croatia,Ligue 1,Marseille,Forward,24,185,78,Right,Low,Medium,73.1,80.0,72.9,76.5,79.0,70.5,75.4,75.9,63.5,63.8,72.4,77.7,81.8,42.1,41.3,42.9,71.7,69.4,70.1,73.7,1114,14,0.48,0.22,65.0,40.0,9.28,3.42,75.5,Star,1
PLR-2466,Rodri Silva #1567,Ghana,Bundesliga,Bayer Leverkusen,Goalkeeper,26,188,81,Right,Medium,Medium,42.0,36.0,40.0,65.7,46.8,70.5,30.5,35.5,48.1,47.9,20.0,22.3,65.0,27.1,23.9,17.0,53.8,67.2,54.2,81.4,2471,31,0.0,0.01,48.0,50.0,3.8,1.66,66.6,Developing,0
PLR-2467,Luka Van Dijk #1568,Italy,La Liga,Real Madrid,Midfielder,18,180,67,Left,High,Low,79.9,67.0,91.0,80.9,85.0,68.6,85.2,87.9,95.1,98.0,75.5,71.6,86.2,69.4,62.1,66.3,81.0,74.6,80.0,69.6,2403,30,0.18,0.79,82.7,52.8,11.98,22.52,82.8,Elite,2
PLR-2468,Jude Musiala #1569,Senegal,Serie A,AC Milan,Defender,22,178,81,Right,High,Low,52.0,62.1,69.4,72.5,67.4,69.6,62.8,56.1,60.3,64.6,52.8,32.7,56.5,67.3,69.7,67.3,57.6,61.5,63.8,75.3,2699,34,0.04,0.07,72.0,63.9,8.87,4.94,67.5,Developing,0
PLR-2469,Pedri Rice #1570,France,Bundesliga,RB Leipzig,Defender,29,182,76,Right,High,High,73.9,73.8,70.4,83.8,64.5,77.2,65.3,62.4,70.8,65.6,60.8,42.1,64.4,85.4,85.7,81.6,72.3,73.5,66.4,70.5,1152,14,0.07,0.08,72.0,80.3,9.19,13.21,81.5,Star,1
PLR-2470,Moises Van Dijk #1571,Argentina,La Liga,Real Sociedad,Midfielder,30,182,73,Right,Medium,Medium,79.9,75.9,93.4,73.2,85.7,77.1,90.8,84.6,89.7,90.0,74.7,65.3,80.5,67.3,65.3,63.2,91.9,81.6,84.7,71.0,2431,31,0.14,0.83,80.0,53.1,11.86,12.51,85.8,Elite,2
PLR-2471,Florian Hernandez #1572,Belgium,Premier League,Manchester United,Defender,22,185,79,Left,Low,Low,61.2,58.8,67.0,73.3,48.0,60.4,56.8,42.0,54.5,58.2,44.7,38.4,48.0,65.2,66.4,64.8,49.8,62.5,57.6,76.1,3144,38,0.0,0.07,72.0,67.0,8.81,0.5,65.1,Developing,0
PLR-2472,Khvicha Garcia #1573,Brazil,Serie A,Juventus,Defender,25,186,81,Left,High,Medium,66.4,74.7,74.0,80.7,70.0,75.9,78.3,58.9,77.7,78.0,64.6,37.3,79.2,92.0,93.0,84.0,79.5,73.5,73.5,73.9,2444,31,0.03,0.13,72.0,82.5,8.5,21.9,85.0,Elite,2
PLR-2473,Vinicius Kim #1574,Canada,Premier League,Aston Villa,Midfielder,21,185,70,Right,Medium,Medium,57.8,65.3,74.0,64.3,74.6,64.7,78.1,71.7,77.5,72.0,59.0,55.7,66.0,65.1,53.1,51.1,66.5,62.7,70.4,70.6,1940,24,0.06,0.54,75.0,52.8,10.17,5.72,70.9,Developing,0
PLR-2474,Takefusa Alvarez #1575,Nigeria,La Liga,Barcelona,Midfielder,27,171,65,Right,Medium,Medium,75.7,71.6,81.8,68.6,76.1,73.7,77.0,71.2,82.9,81.8,77.6,67.7,72.6,71.6,55.7,70.3,81.9,79.8,59.5,81.6,2045,26,0.12,0.64,75.1,52.0,10.2,6.23,77.9,Star,1
PLR-2475,Eduardo Barella #1576,South Korea,Premier League,Aston Villa,Defender,29,182,86,Right,Low,Medium,83.5,70.3,82.9,92.5,69.7,79.0,59.7,56.8,76.2,74.3,70.1,46.0,70.4,87.5,90.1,88.4,70.7,70.7,82.8,80.1,2787,35,0.08,0.06,72.0,86.6,9.19,21.82,85.8,Elite,2
PLR-2476,Bruno Courtois #1577,Italy,Ligue 1,Lyon,Defender,24,184,78,Right,Medium,High,69.0,73.0,65.7,73.4,54.8,59.9,59.9,57.0,61.9,56.3,46.9,30.3,57.5,70.9,79.8,76.2,55.5,61.8,61.1,77.3,1895,24,0.1,0.01,72.0,75.5,8.5,6.9,72.1,Star,1
PLR-2477,Lucas Wirtz #1578,Netherlands,Serie A,AC Milan,Defender,29,185,88,Left,High,High,67.1,63.1,58.6,83.4,62.5,84.1,72.0,61.0,68.7,60.6,56.5,40.0,63.1,77.3,82.8,73.1,55.8,70.7,76.6,59.1,2600,33,0.03,0.01,72.0,76.0,8.5,9.07,77.9,Star,1
PLR-2478,Rodri Garcia #1579,Spain,Premier League,Liverpool,Defender,30,187,81,Right,Medium,High,75.7,80.3,93.1,95.6,82.4,94.3,64.1,73.3,77.0,79.2,66.1,65.3,76.6,98.5,99.0,87.9,78.5,83.9,85.8,59.6,2311,29,0.01,0.13,72.0,93.9,10.17,28.68,92.8,Elite,2
PLR-2479,Alessandro Foden #1580,Ghana,Premier League,Aston Villa,Midfielder,29,169,74,Right,Medium,Medium,75.0,83.3,98.6,83.1,86.8,73.8,87.6,90.2,95.8,93.7,82.7,82.2,87.3,79.5,76.5,66.1,90.3,84.3,83.2,69.0,1019,13,0.2,0.83,84.4,67.1,12.0,42.89,91.1,Elite,2
PLR-2480,Lucas Santos #1581,Nigeria,Bundesliga,Eintracht Frankfurt,Defender,26,184,82,Left,High,Medium,68.7,60.7,71.9,77.7,66.8,75.3,66.8,43.5,58.5,63.9,49.5,47.5,57.6,79.3,78.4,73.8,57.9,68.6,67.3,68.4,2153,27,0.04,0.05,72.0,74.4,8.5,7.79,75.4,Star,1
PLR-2481,Gianluigi Traore #1582,Croatia,Bundesliga,Bayer Leverkusen,Forward,28,189,79,Right,High,High,85.8,82.2,,73.0,76.0,73.4,71.2,81.1,70.6,66.3,66.9,83.3,72.8,40.3,39.8,36.2,72.9,68.9,73.1,74.1,2399,30,0.54,0.25,65.0,40.0,8.8,16.91,80.1,Star,1
PLR-2482,David Dias #1583,Argentina,Premier League,Manchester United,Midfielder,24,182,71,Right,High,High,74.5,81.3,94.3,71.9,81.8,70.5,93.6,80.2,88.2,86.8,86.0,80.2,76.2,74.3,66.7,57.2,86.4,81.2,62.4,74.0,2595,33,0.11,0.8,84.1,55.8,12.22,29.18,85.4,Elite,2
PLR-2483,Luka Musiala #1584,Brazil,Ligue 1,Rennes,Forward,26,181,76,Left,High,Medium,79.3,82.4,68.5,69.6,79.1,67.7,77.3,83.2,65.6,52.1,62.8,86.0,76.3,33.8,44.6,25.6,66.8,72.9,78.2,59.9,2974,38,0.7,0.29,65.0,40.0,8.8,9.51,79.6,Star,1
PLR-2484,Federico Dias #1585,France,Serie A,Juventus,Midfielder,19,182,74,Left,High,High,70.0,65.1,85.4,68.2,79.5,66.1,84.7,80.8,82.7,86.2,77.1,67.8,79.3,59.4,62.1,65.7,76.2,58.4,71.3,70.1,3420,38,0.15,0.58,77.3,52.0,11.12,13.29,78.6,Star,1
PLR-2485,Noah Musiala #1586,Spain,Premier League,Chelsea,Midfielder,32,181,69,Left,Medium,Medium,68.0,66.6,68.0,56.3,62.8,62.1,70.1,74.2,78.0,80.4,64.1,71.4,57.1,60.7,58.5,58.1,73.1,63.1,64.7,65.9,2526,32,0.22,0.44,75.0,52.3,9.8,1.66,69.8,Developing,0
PLR-2486,Enzo Dias #1587,Morocco,Bundesliga,Eintracht Frankfurt,Midfielder,24,176,70,Left,Medium,Medium,68.7,80.7,92.2,69.0,79.2,55.4,83.9,75.1,81.2,81.9,73.9,75.3,68.4,60.8,70.5,53.9,83.0,73.8,72.4,71.3,2890,37,0.21,0.7,75.7,55.8,11.96,17.45,82.0,Star,1
PLR-2487,Gavi Saliba #1588,Uruguay,Serie A,Roma,Defender,25,176,79,Left,High,High,66.2,60.1,63.1,66.9,58.6,72.3,50.0,56.0,55.3,62.4,44.8,37.6,48.0,69.2,77.3,72.9,59.9,63.8,67.7,75.0,2102,26,0.02,0.04,72.0,67.8,8.5,4.16,70.3,Developing,0
PLR-2488,Trent Wirtz #1589,Uruguay,Bundesliga,Bayern Munich,Midfielder,23,187,77,Left,High,Medium,80.1,87.8,,75.3,87.5,73.5,88.0,79.2,99.0,94.0,91.1,78.0,87.2,82.2,76.9,75.0,95.6,76.0,75.7,81.6,1924,24,0.19,0.85,87.8,61.6,11.7,50.43,90.4,Elite,2
PLR-2489,Julian Oblak #1590,Norway,Premier League,Tottenham,Midfielder,18,178,81,Left,Low,High,66.3,66.7,71.0,74.1,78.5,60.4,74.1,69.7,78.1,77.2,66.3,73.6,70.5,65.1,64.9,61.8,73.1,60.6,71.1,61.8,2545,32,0.17,0.51,75.0,59.0,9.98,2.73,71.5,Star,1
PLR-2490,Bruno Garcia #1591,Uruguay,Premier League,Newcastle,Forward,34,183,77,Left,Low,Medium,81.7,81.5,77.6,75.2,93.5,75.9,86.8,89.5,77.0,71.5,69.1,99.0,88.2,47.2,49.0,43.4,77.7,84.0,75.4,67.4,1467,18,0.8,0.34,65.2,40.0,8.8,16.2,88.0,Elite,2
PLR-2491,Julian Alvarez #1592,Japan,Bundesliga,Eintracht Frankfurt,Midfielder,24,175,75,Left,Medium,Medium,81.1,84.2,99.0,71.4,83.5,76.9,94.0,91.3,88.4,94.0,85.9,81.1,83.2,76.1,79.2,66.3,95.4,82.6,71.3,78.2,2091,26,0.23,0.67,79.6,70.6,12.46,55.29,91.2,Elite,2
PLR-2492,Marcus Courtois #1593,Senegal,La Liga,Real Sociedad,Forward,30,187,68,Right,Medium,Medium,78.0,82.5,62.8,66.4,73.0,63.4,79.0,84.6,67.5,64.1,63.1,86.7,75.6,49.5,25.0,29.3,66.2,68.1,66.5,78.6,1715,21,0.62,0.18,65.0,40.0,8.8,7.81,79.4,Star,1
PLR-2493,Vinicius Schmidt #1594,Italy,Premier League,Aston Villa,Forward,21,182,75,Right,High,Medium,66.1,62.4,64.8,61.4,69.8,60.8,69.4,63.4,,55.5,60.5,77.0,63.3,39.8,25.0,22.0,55.7,57.6,56.3,79.1,1666,21,0.44,0.07,65.0,40.0,8.8,2.3,67.0,Developing,0
PLR-2494,Liam Donnarumma #1595,Canada,Premier League,Tottenham,Midfielder,32,181,64,Right,Medium,Medium,70.3,67.3,84.6,69.2,75.1,65.4,83.4,75.1,85.6,86.8,74.6,75.9,74.5,61.2,74.3,63.8,85.0,85.6,76.3,66.7,2438,31,0.13,0.75,75.0,63.7,11.21,8.23,83.7,Elite,2
PLR-2495,Bukayo Kroos #1596,Argentina,Serie A,Juventus,Defender,24,189,83,Right,Medium,High,86.0,64.1,75.8,92.9,66.3,82.6,76.9,66.8,74.8,77.3,59.3,48.1,72.3,85.4,88.0,81.1,76.8,76.9,88.3,64.9,2230,28,0.02,0.04,72.0,86.5,9.21,39.71,88.1,Elite,2
PLR-2496,Rodri Tanaka #1597,Colombia,La Liga,Real Sociedad,Midfielder,25,172,70,Right,Medium,High,64.1,78.4,74.6,62.9,65.2,58.5,72.8,61.6,67.9,73.0,62.7,52.2,57.6,61.5,54.9,49.2,65.4,63.4,65.7,71.6,2438,31,0.02,0.25,75.0,52.0,10.38,6.8,66.6,Developing,0
PLR-2497,Jan Kroos #1598,Colombia,La Liga,Athletic Club,Midfielder,25,176,73,Right,Low,Medium,85.7,76.0,87.0,63.0,79.2,77.4,88.0,82.6,90.6,92.9,74.2,77.0,78.9,65.4,70.1,63.6,83.1,75.7,71.9,66.9,1403,17,0.12,0.79,80.5,59.1,11.22,23.56,85.4,Elite,2
PLR-2498,Alessandro Saliba #1599,Uruguay,Premier League,Aston Villa,Midfielder,22,172,71,Left,High,High,60.9,57.0,72.4,67.5,66.6,54.8,70.2,72.1,74.9,69.2,62.5,59.9,62.1,51.6,59.0,52.4,60.1,55.7,59.4,78.8,1351,17,0.04,0.32,75.0,52.0,10.07,1.0,66.4,Developing,0
PLR-2499,Gavi Davies #1600,Senegal,Serie A,Napoli,Defender,29,181,85,Right,High,High,59.9,66.3,72.4,72.6,59.3,75.0,55.5,68.5,72.4,60.8,47.2,32.7,60.3,78.1,70.7,70.8,61.7,65.9,73.5,69.6,1804,23,0.22,0.06,72.0,66.1,8.67,5.1,72.7,Star,1
PLR-2500,Pedri Martinez #1601,Norway,Bundesliga,Bayern Munich,Midfielder,18,176,72,Right,Medium,Medium,73.1,70.0,87.2,67.4,76.4,65.4,84.6,86.9,88.4,83.3,78.0,59.5,75.1,65.1,64.7,64.5,68.7,62.9,76.6,69.0,1762,22,0.16,0.66,79.8,52.7,11.15,9.56,78.4,Star,1
PLR-2501,Victor Martinez #1602,South Korea,Serie A,Lazio,Midfielder,23,185,69,Right,Medium,Medium,64.9,62.3,82.1,70.1,71.0,67.4,85.0,71.4,88.5,84.7,74.8,62.6,77.6,66.8,53.9,61.2,74.1,76.7,64.5,69.2,1822,23,0.09,0.61,80.2,52.0,11.17,12.88,78.6,Star,1
PLR-2502,Kaoru Bastoni #1603,Netherlands,Serie A,Juventus,Forward,28,187,67,Right,High,Low,79.5,82.4,63.6,66.2,69.2,79.5,71.5,76.5,62.5,54.7,55.7,78.1,73.9,47.3,43.0,34.8,59.0,73.7,62.2,83.7,2049,26,0.5,0.15,65.0,40.0,8.8,6.56,73.7,Star,1
PLR-2503,Kylian Jones #1604,France,Bundesliga,Borussia Dortmund,Midfielder,25,192,64,Right,High,Medium,73.7,88.9,94.8,83.5,83.0,78.9,87.0,91.2,91.3,91.4,82.9,79.9,86.4,76.9,75.0,70.2,96.6,81.7,73.4,67.5,796,10,0.24,0.85,83.3,64.1,12.49,39.24,90.2,Elite,2
PLR-2504,Aurélien Tchouameni #1605,Japan,Bundesliga,VfB Stuttgart,Midfielder,28,186,66,Right,High,High,60.5,60.1,74.6,57.4,63.3,51.0,62.0,64.8,65.0,75.5,67.3,54.8,57.9,48.4,50.6,48.4,60.7,63.0,51.5,80.6,2284,29,0.06,0.19,75.0,52.0,10.44,0.5,63.2,Developing,0
PLR-2505,Achraf Mueller #1606,Canada,La Liga,Real Madrid,Midfielder,29,184,68,Right,Low,High,73.2,70.7,86.9,57.2,86.1,69.0,77.8,73.6,84.6,75.3,79.6,72.7,76.6,62.9,78.1,54.9,87.2,75.7,56.9,74.8,1238,15,0.13,0.68,76.7,66.6,11.08,16.03,81.2,Star,1
PLR-2506,Vinicius Haaland #1607,Ghana,La Liga,Girona,Midfielder,34,173,69,Right,High,Medium,75.2,73.0,88.1,70.9,76.2,71.0,87.3,77.6,91.0,88.2,81.2,70.0,73.9,70.1,70.1,71.8,84.2,76.4,77.2,61.5,2855,36,0.21,0.7,84.2,58.3,11.76,12.05,84.7,Elite,2
PLR-2507,Alessandro Saka #1608,Japan,Premier League,Aston Villa,Midfielder,25,172,73,Right,High,Medium,77.0,86.3,90.5,68.7,78.8,68.8,96.1,82.9,92.4,92.9,83.2,78.7,78.6,65.3,64.9,57.2,86.1,84.5,82.8,74.5,1747,22,0.21,0.71,81.7,52.0,11.61,29.69,86.8,Elite,2
PLR-2508,Jamal Bastoni #1609,Spain,La Liga,Athletic Club,Midfielder,28,173,69,Right,Low,Low,59.6,56.0,68.8,55.0,71.1,55.4,65.5,68.0,66.5,64.0,58.6,58.2,68.2,54.5,50.5,45.8,58.9,56.9,48.0,81.8,1115,14,0.02,0.34,75.0,52.0,9.8,5.02,62.3,Developing,0
PLR-2509,Son Silva #1610,Argentina,Bundesliga,Bayern Munich,Defender,24,182,84,Left,Medium,Low,64.8,71.2,85.0,91.0,73.7,81.7,69.9,59.6,70.0,70.2,60.5,43.6,69.3,85.5,89.8,90.7,70.2,75.7,83.4,59.4,1675,21,0.01,0.08,72.0,79.0,9.6,24.7,84.4,Elite,2
PLR-2510,Alphonso Kim #1611,Morocco,Ligue 1,Rennes,Defender,34,174,79,Left,High,Medium,71.9,68.6,74.5,90.4,64.8,81.3,69.3,73.3,77.5,74.0,65.4,51.2,60.8,95.7,91.8,87.7,81.1,83.2,86.0,57.3,1399,17,0.03,0.12,72.0,83.8,9.11,19.74,88.6,Elite,2
PLR-2511,Darwin Van Dijk #1612,France,Serie A,Fiorentina,Defender,20,177,85,Right,High,Medium,63.8,64.8,67.6,72.8,57.8,76.4,66.1,52.6,58.7,69.6,66.0,42.1,59.5,66.4,78.8,75.6,55.2,60.5,75.9,68.3,1782,22,0.02,0.06,72.0,70.3,8.5,5.59,69.4,Developing,0
PLR-2512,Eduardo Barella #1613,Norway,Ligue 1,Nice,Goalkeeper,28,195,88,Right,Medium,Medium,43.9,49.7,,72.4,58.6,79.0,41.0,35.7,41.9,50.1,29.0,17.6,67.5,38.5,19.9,23.8,63.0,84.1,86.8,58.1,2169,27,0.0,0.0,48.0,50.0,3.8,20.56,83.4,Elite,2
PLR-2513,Liam Traore #1614,USA,Ligue 1,Monaco,Forward,26,189,82,Right,High,High,83.3,82.1,67.8,72.2,74.2,66.5,81.0,81.2,71.8,61.0,80.7,86.6,79.9,44.8,40.0,39.5,70.3,73.2,76.6,,1555,19,0.55,0.3,65.0,40.0,8.8,11.14,78.3,Star,1
PLR-2514,Rodri Jones #1615,England,Ligue 1,Nice,Forward,22,181,73,Left,Low,High,60.0,74.5,56.5,57.2,60.0,52.0,61.1,68.5,60.7,46.2,63.2,64.3,62.7,36.3,25.0,22.0,50.7,57.1,65.2,73.5,1924,24,0.06,0.05,65.0,40.0,8.8,0.5,61.2,Developing,0
PLR-2515,Achraf Tanaka #1616,Germany,La Liga,Villarreal,Forward,25,188,73,Right,High,High,69.8,67.1,67.8,65.0,72.7,70.3,69.1,77.6,60.7,52.0,71.9,77.1,75.1,40.5,38.0,22.0,63.0,72.8,61.8,80.7,1163,14,0.4,0.11,65.0,40.0,8.8,1.67,73.2,Star,1
PLR-2516,Noah Haaland #1617,South Korea,La Liga,Real Madrid,Defender,26,188,79,Right,High,Medium,68.4,66.0,74.5,79.5,61.4,68.1,66.1,59.3,63.1,64.1,48.3,30.0,64.5,76.7,75.7,77.8,57.4,63.1,72.7,69.9,2434,31,0.04,0.07,72.0,70.4,8.5,4.41,73.7,Star,1
PLR-2517,Ederson Tchouameni #1618,Norway,Ligue 1,Rennes,Defender,30,194,83,Right,Low,High,61.8,70.6,70.2,73.7,64.1,70.2,64.3,42.8,64.2,58.7,64.9,30.0,60.4,76.7,75.1,73.4,59.2,66.5,76.3,72.4,1915,24,0.03,0.05,72.0,68.6,8.5,0.5,72.3,Star,1
PLR-2518,Bruno Musiala #1619,Portugal,Premier League,Manchester United,Forward,23,181,84,Left,High,Medium,81.5,76.3,63.0,66.5,67.7,68.4,72.6,73.0,59.8,55.1,62.4,79.9,68.9,35.4,41.3,40.0,66.0,64.6,57.5,79.7,2003,25,0.35,0.24,65.0,40.0,8.8,9.07,73.9,Star,1
PLR-2519,Ruben Kim #1620,France,La Liga,Villarreal,Goalkeeper,26,187,79,Right,High,Medium,44.5,47.8,45.9,74.7,53.7,61.7,36.7,36.4,40.0,63.1,28.2,21.5,57.6,39.4,18.0,22.8,65.3,69.6,62.0,,1515,19,0.0,0.0,48.0,50.0,3.82,10.97,78.5,Star,1
PLR-2520,Rodri Van Dijk #1621,Norway,Bundesliga,Borussia Dortmund,Forward,33,182,86,Left,Low,Low,60.0,69.5,61.7,60.7,64.9,59.6,60.1,65.3,58.2,48.6,50.2,67.7,66.2,32.8,36.2,24.4,47.6,59.9,51.5,79.2,1396,17,0.3,0.15,65.0,40.0,8.8,1.8,61.8,Developing,0
PLR-2521,Alejandro Schmidt #1622,Uruguay,Ligue 1,Lille,Goalkeeper,23,186,89,Right,Medium,Low,35.0,45.3,40.0,75.6,56.9,64.8,36.3,27.4,52.1,50.9,25.9,15.1,54.0,25.7,26.8,15.0,56.6,63.5,56.9,88.0,3186,38,0.0,0.0,48.0,50.0,3.8,2.82,71.8,Star,1
PLR-2522,Alexis Fernandez #1623,Morocco,Serie A,Fiorentina,Midfielder,25,175,68,Right,High,Medium,82.3,74.5,96.4,80.1,84.9,74.0,93.3,83.2,97.5,93.2,74.5,85.1,83.1,71.0,71.9,62.6,93.1,80.8,70.7,64.4,1973,25,0.21,0.85,90.0,65.4,12.66,38.63,90.5,Elite,2
PLR-2523,Cole Maignan #1624,Colombia,Premier League,Liverpool,Forward,27,180,85,Right,Medium,Low,83.9,86.6,76.5,71.6,80.4,68.6,78.5,87.7,73.7,58.6,66.6,80.9,86.5,36.2,25.0,25.0,69.3,78.3,74.7,74.1,1748,22,0.45,0.22,65.0,40.0,9.38,15.91,81.4,Star,1
PLR-2524,Carlos Bastoni #1625,Netherlands,Ligue 1,Rennes,Midfielder,20,169,75,Right,Medium,Medium,72.2,67.7,87.2,73.7,85.5,70.3,82.3,73.0,83.8,82.7,85.8,70.5,77.2,73.9,69.9,61.0,82.5,72.1,81.2,64.6,2074,26,0.23,0.61,75.7,60.1,11.47,12.97,79.9,Star,1
PLR-2525,Kevin Martinez #1626,France,Ligue 1,Marseille,Forward,25,192,79,Right,High,Medium,71.7,67.4,57.9,70.1,65.3,58.8,69.5,70.7,64.6,59.3,70.4,69.2,71.2,31.2,30.7,31.3,58.4,65.3,51.1,84.0,1911,24,0.31,0.15,65.0,40.0,8.8,1.36,69.7,Developing,0
PLR-2526,William Schmidt #1627,Ghana,Bundesliga,Bayern Munich,Midfielder,24,175,74,Left,Medium,Medium,59.3,64.7,70.3,59.8,60.7,53.3,69.3,66.4,72.3,65.2,63.7,63.0,61.3,52.0,52.1,49.0,61.5,60.6,57.3,70.9,2276,29,0.08,0.29,75.0,52.0,9.8,3.68,66.2,Developing,0
PLR-2527,Marcus Musiala #1628,Japan,Ligue 1,Lyon,Midfielder,22,187,78,Right,Medium,High,77.9,81.8,75.8,65.0,78.6,65.2,79.9,76.6,76.5,89.3,73.8,67.2,70.9,75.2,56.3,48.5,76.4,66.4,65.3,64.6,2974,38,0.13,0.5,75.0,52.0,10.06,9.04,72.2,Star,1
PLR-2528,Theo Saliba #1629,Morocco,Bundesliga,Bayern Munich,Defender,29,176,89,Left,Medium,Medium,83.5,85.6,85.2,99.0,90.0,87.6,78.9,70.8,82.9,76.4,65.1,46.2,74.3,96.7,91.2,97.0,79.1,85.5,86.2,76.0,2634,33,0.03,0.17,72.0,85.3,10.51,43.84,91.0,Elite,2
PLR-2529,Bruno Camavinga #1630,Colombia,Serie A,Napoli,Midfielder,27,177,81,Left,Medium,Medium,68.1,76.2,83.3,70.9,76.5,71.3,80.6,76.2,87.3,82.1,76.3,54.0,70.9,60.6,59.0,56.6,77.9,72.0,70.9,74.8,2452,31,0.02,0.62,80.1,52.0,11.55,7.81,79.6,Star,1
PLR-2530,Mike De Bruyne #1631,Brazil,Bundesliga,VfB Stuttgart,Midfielder,27,174,75,Right,High,Medium,61.8,73.1,81.0,70.1,74.4,63.3,81.1,79.3,84.3,81.3,74.1,77.2,69.6,65.8,66.1,54.8,79.3,64.3,60.9,84.9,2571,32,0.31,0.56,75.0,64.6,10.42,12.59,80.0,Star,1
PLR-2531,Liam Sato #1632,Germany,Serie A,Roma,Midfielder,28,182,75,Left,High,High,71.8,68.8,82.6,60.9,80.0,72.8,75.6,72.5,79.1,83.0,73.3,62.9,68.3,69.2,64.8,59.9,77.5,76.9,63.4,83.7,2364,30,0.09,0.41,75.0,58.0,,7.96,78.3,Star,1
PLR-2532,Thibaut Fernandez #1633,England,La Liga,Barcelona,Defender,21,188,74,Right,Medium,Medium,60.6,70.7,72.8,79.1,69.9,82.2,66.4,66.3,70.8,72.3,61.9,42.9,71.0,85.0,91.3,79.0,69.7,69.4,78.8,70.9,2564,32,0.03,0.16,72.0,80.5,8.5,16.85,81.1,Star,1
PLR-2533,Leo Jones #1634,England,La Liga,Villarreal,Forward,26,195,71,Left,High,Medium,88.0,89.8,80.3,70.4,88.5,71.4,80.0,87.4,78.0,66.0,66.1,92.4,90.9,49.2,48.7,30.1,80.4,72.9,68.8,72.8,2554,32,0.69,0.44,66.5,42.6,9.24,24.21,87.5,Elite,2
PLR-2534,Osimhen Rice #1635,Portugal,Serie A,Fiorentina,Midfielder,28,176,74,Right,Low,Medium,82.4,82.3,94.0,69.1,86.7,67.6,82.6,87.5,99.0,89.8,80.9,81.2,88.0,74.0,68.3,73.6,94.0,81.2,71.5,60.8,2450,31,0.24,0.85,86.4,57.0,12.39,25.45,88.1,Elite,2
PLR-2535,Julian Bastoni #1636,Portugal,Ligue 1,Monaco,Forward,23,167,80,Right,High,High,78.4,74.6,61.9,76.1,68.6,67.8,76.8,85.7,67.6,58.8,72.9,85.9,77.3,37.6,43.7,32.3,62.4,70.0,73.7,63.6,2888,37,0.44,0.24,65.0,40.0,8.8,13.32,79.0,Star,1
PLR-2536,Alexis Sato #1637,Germany,Ligue 1,Monaco,Forward,34,180,75,Right,Medium,Medium,82.7,83.6,80.2,74.2,84.8,76.4,82.6,83.7,73.0,59.6,64.4,96.8,79.8,39.2,46.5,49.8,78.7,79.2,78.1,68.4,2921,37,0.66,0.29,65.0,40.0,8.96,14.67,84.8,Elite,2
PLR-2537,Alexis Valverde #1638,England,Ligue 1,Lille,Defender,23,178,75,Right,High,Medium,78.1,73.1,87.7,84.4,75.9,91.1,77.5,67.0,73.0,68.0,58.8,40.3,74.0,86.3,94.0,91.7,72.3,83.7,83.8,69.5,2342,30,0.08,0.06,72.0,87.4,9.88,34.88,87.3,Elite,2
PLR-2538,Kaoru Modric #1639,USA,La Liga,Real Madrid,Forward,32,169,76,Left,Medium,Medium,88.8,84.5,87.4,82.1,89.8,84.4,87.2,90.2,80.4,74.7,84.2,99.0,91.9,47.9,40.9,26.4,84.9,93.8,81.8,65.9,1597,20,0.6,0.34,70.1,40.0,10.59,28.1,90.9,Elite,2
PLR-2539,Enzo Courtois #1640,France,Ligue 1,Marseille,Midfielder,26,171,71,Right,Medium,High,64.2,66.7,77.8,65.0,68.7,59.0,78.0,76.8,73.6,77.2,70.5,58.6,71.5,53.2,61.2,58.9,77.9,61.0,65.8,77.3,2017,25,0.04,0.46,75.0,53.1,10.77,9.35,73.9,Star,1
PLR-2540,Victor Diallo #1641,Italy,La Liga,Villarreal,Defender,23,187,72,Left,High,Medium,67.5,74.4,81.8,80.0,63.4,84.1,74.7,65.5,78.9,72.8,63.2,49.3,66.9,81.2,88.8,88.6,65.4,72.7,81.2,59.9,1929,24,0.09,0.11,76.9,83.2,9.03,15.16,81.1,Star,1
PLR-2541,Gavi Barella #1642,Morocco,Bundesliga,Eintracht Frankfurt,Forward,24,182,84,Left,High,High,69.0,69.8,55.5,60.5,70.6,57.7,71.3,62.8,67.0,53.5,65.6,75.3,68.7,38.9,42.2,22.0,62.7,62.1,50.5,74.9,1492,19,0.24,0.18,65.0,40.0,8.8,2.81,66.5,Developing,0
PLR-2542,Vinicius Hakimi #1643,Brazil,Premier League,Manchester City,Midfielder,19,177,76,Right,High,Medium,60.6,56.0,68.1,53.8,65.9,52.5,71.9,61.7,71.7,77.5,72.2,54.0,67.9,54.3,52.4,50.7,65.1,52.6,54.7,94.6,968,12,0.04,0.26,75.0,52.0,9.8,3.79,65.4,Developing,0
PLR-2543,David Hernandez #1644,Italy,Premier League,Newcastle,Forward,23,189,80,Left,Medium,Medium,91.1,88.2,79.0,77.6,84.1,87.6,86.2,95.2,76.2,76.8,71.7,97.9,94.7,45.7,38.7,38.2,75.2,76.5,85.9,59.2,2705,34,0.82,0.34,65.0,40.0,8.83,54.15,91.3,Elite,2
PLR-2544,Alessandro Martinez #1645,Netherlands,Premier League,Arsenal,Goalkeeper,26,192,85,Right,Medium,Low,39.9,40.6,40.0,70.5,52.2,61.6,34.8,27.2,41.9,53.9,20.0,15.0,53.2,26.7,20.5,23.8,57.0,76.9,69.1,73.3,2334,29,0.0,0.01,48.0,50.0,3.8,4.34,69.8,Developing,0
PLR-2545,Gavi Fernandez #1646,Brazil,Ligue 1,Paris Saint-Germain,Midfielder,24,187,75,Left,High,Medium,81.5,78.1,91.5,80.1,73.1,70.5,81.0,80.3,91.8,90.4,85.3,73.3,71.5,70.0,73.3,68.0,88.9,79.9,70.3,78.4,1939,24,0.24,0.82,81.7,59.1,11.88,24.97,84.4,Elite,2
PLR-2546,William Davies #1647,Nigeria,Ligue 1,Marseille,Defender,24,187,80,Left,Medium,Medium,69.8,64.8,71.3,81.8,56.2,76.4,61.4,55.1,68.1,64.0,49.4,41.8,61.4,78.5,78.0,74.8,61.6,71.7,70.5,72.0,3135,38,0.0,0.1,72.0,71.4,8.5,8.84,76.1,Star,1
PLR-2547,David Tanaka #1648,South Korea,Premier League,Chelsea,Midfielder,27,177,80,Right,Low,Low,63.7,67.5,80.6,64.3,67.2,58.8,80.8,68.6,74.6,78.3,70.0,54.7,71.7,59.3,67.8,52.5,74.6,65.8,66.1,75.2,2776,35,0.03,0.55,75.0,59.1,10.07,3.0,74.0,Star,1
PLR-2548,Jamal Rodriguez #1649,Ghana,Bundesliga,Borussia Dortmund,Forward,24,189,76,Right,Medium,High,83.8,86.8,74.6,76.6,81.0,83.7,83.9,87.3,73.1,54.6,76.2,85.4,90.4,49.6,34.8,36.8,69.1,81.2,65.4,76.0,2823,36,0.41,0.28,65.0,40.0,8.8,29.86,85.8,Elite,2
PLR-2549,Luka Alvarez #1650,Canada,Serie A,Roma,Midfielder,27,174,76,Left,Medium,High,60.4,76.5,80.8,61.9,71.8,62.5,75.1,69.1,78.0,77.9,70.5,51.2,66.2,67.9,60.6,47.5,70.3,65.2,64.4,74.4,1876,24,0.02,0.43,75.0,52.0,11.24,3.32,73.6,Star,1
PLR-2550,Vinicius Bellingham #1651,Portugal,Ligue 1,Rennes,Goalkeeper,28,192,90,Right,High,Medium,55.6,53.2,40.0,77.4,50.8,66.8,35.8,25.0,42.4,49.9,30.4,22.5,47.2,36.3,23.7,17.0,61.1,63.8,58.9,74.8,2129,27,0.0,0.01,48.0,50.0,3.8,0.5,71.2,Star,1
PLR-2551,Rodri Rodri #1652,Netherlands,Serie A,AC Milan,Midfielder,18,183,67,Right,Medium,High,58.8,56.0,65.0,55.0,58.0,49.3,62.0,58.0,65.0,60.0,59.2,48.0,57.8,50.1,42.0,47.4,45.0,48.0,60.2,,2611,33,0.02,0.16,75.0,52.0,9.8,0.5,58.1,Developing,0
PLR-2552,Achraf Moreno #1653,Argentina,Serie A,Lazio,Defender,26,187,84,Right,Low,Medium,66.4,66.4,69.5,88.3,58.4,67.4,62.2,56.0,,58.2,58.7,53.0,65.3,81.1,85.6,80.8,66.2,78.0,63.0,69.3,2762,35,0.0,0.01,72.0,81.0,8.72,12.48,81.3,Star,1
PLR-2553,Rodri Mbappe #1654,Spain,Ligue 1,Marseille,Defender,23,192,71,Left,High,Low,60.3,55.3,65.3,72.1,61.4,66.5,51.8,53.4,57.2,55.6,45.7,44.5,54.2,71.6,70.2,75.5,58.0,66.9,66.5,73.3,3420,38,0.01,0.01,72.0,68.3,8.5,3.51,70.6,Developing,0
PLR-2554,Alexis Donnarumma #1655,Ghana,La Liga,Girona,Forward,28,176,74,Right,Low,High,87.7,87.5,80.7,77.3,77.0,76.4,81.8,84.5,69.3,59.8,72.7,86.6,82.5,37.2,35.9,26.4,72.0,75.7,65.5,78.0,2398,30,0.62,0.24,65.0,40.0,9.46,14.74,82.1,Elite,2
PLR-2555,Vinicius Oblak #1656,Germany,Serie A,Napoli,Forward,27,182,81,Right,High,Medium,99.0,99.0,91.4,82.6,96.6,80.8,92.8,99.0,85.8,77.1,84.0,99.0,98.0,44.6,40.1,41.9,82.1,84.0,84.1,68.8,2727,34,0.81,0.42,68.4,40.0,11.22,61.93,94.2,Elite,2
PLR-2556,Theo Maignan #1657,Nigeria,Serie A,Fiorentina,Midfielder,23,177,69,Right,Medium,Medium,76.3,75.8,88.2,72.0,78.8,72.8,87.8,86.4,91.0,82.7,79.0,68.6,78.1,66.3,79.9,63.0,86.0,80.6,79.3,70.2,1825,23,0.1,0.72,79.7,67.8,11.26,32.12,86.5,Elite,2
PLR-2557,Federico Mbappe #1658,Morocco,Ligue 1,Lyon,Midfielder,27,192,68,Right,High,Medium,81.1,82.9,90.9,82.0,87.3,70.7,85.3,80.7,96.1,98.0,81.5,69.2,86.5,67.1,68.7,64.4,85.7,80.0,73.7,67.4,1960,25,0.13,0.85,86.5,60.5,11.64,21.85,86.8,Elite,2
PLR-2558,Victor Hakimi #1659,Spain,Serie A,Inter Milan,Defender,18,186,78,Right,Medium,High,72.6,71.1,66.4,82.4,70.7,74.9,68.5,57.3,67.0,69.3,51.2,42.3,69.3,71.3,83.8,87.1,56.8,63.1,83.7,61.9,1998,25,0.0,0.05,72.0,76.5,8.5,11.63,78.5,Star,1
PLR-2559,Bruno Foden #1660,Ghana,Bundesliga,Eintracht Frankfurt,Goalkeeper,21,194,75,Right,Low,High,44.5,45.4,52.8,76.6,53.2,62.8,39.4,30.7,54.7,52.5,23.5,15.4,53.8,29.2,21.6,18.2,63.4,66.9,54.7,84.2,1896,24,0.0,0.01,48.0,50.0,3.8,3.96,71.9,Star,1
PLR-2560,Kylian Mendes #1661,Nigeria,Bundesliga,Bayer Leverkusen,Midfielder,23,185,77,Right,Medium,High,82.4,83.9,89.1,79.9,88.0,81.4,86.3,88.6,92.6,97.9,81.0,76.1,87.2,70.3,65.0,51.2,89.1,85.1,76.3,78.7,1425,18,0.28,0.8,78.0,56.1,11.06,39.34,89.0,Elite,2
PLR-2561,Nicolo Barella #1662,Colombia,Premier League,Tottenham,Forward,21,179,78,Right,Medium,High,72.6,72.2,72.2,73.4,73.7,75.0,71.8,74.7,72.2,58.3,68.2,76.3,73.1,30.1,35.4,27.0,61.0,61.8,62.4,74.2,2525,32,0.4,0.34,65.0,40.0,8.8,6.97,72.0,Star,1
PLR-2562,Dominik Santos #1663,Brazil,Ligue 1,Monaco,Defender,29,185,86,Right,Low,Medium,81.5,75.6,81.0,86.2,70.5,84.8,61.3,70.1,69.5,71.8,68.5,48.5,73.5,91.5,87.4,82.0,72.2,74.2,86.5,75.4,2502,32,0.05,0.05,72.0,80.5,9.14,17.59,83.5,Elite,2
PLR-2563,Achraf Fernandez #1664,France,Premier League,Chelsea,Forward,28,180,88,Left,High,High,83.8,82.4,79.6,62.4,81.7,84.5,74.9,88.6,66.3,72.7,67.3,83.5,78.4,42.7,37.2,33.4,70.9,76.5,66.8,75.6,2099,26,0.58,0.35,65.0,40.0,9.6,13.21,82.9,Elite,2
PLR-2564,Pedri Rodriguez #1665,Nigeria,La Liga,Girona,Defender,31,183,91,Right,Medium,Medium,61.3,67.1,64.5,81.5,62.0,80.9,60.6,53.8,,73.8,57.4,48.2,67.3,81.9,85.2,85.3,65.1,72.0,83.5,69.6,3420,38,0.04,0.06,72.0,81.1,8.5,10.82,79.2,Star,1
PLR-2565,Florian Davies #1666,Canada,La Liga,Real Madrid,Midfielder,22,177,75,Right,High,Medium,69.7,71.0,82.6,65.5,81.5,60.0,76.4,72.5,81.3,79.2,81.8,64.4,72.9,58.5,61.0,62.0,75.3,71.5,66.6,70.3,2061,26,0.03,0.6,75.0,52.0,10.83,5.83,75.1,Star,1
PLR-2566,Achraf Donnarumma #1667,Belgium,Serie A,Juventus,Defender,26,183,80,Left,High,High,68.6,64.5,77.0,82.6,64.3,79.6,63.0,62.9,65.2,62.8,51.5,40.3,65.0,84.9,82.7,82.2,66.3,68.6,79.8,66.4,2676,34,0.09,0.1,72.0,75.8,9.35,9.08,78.4,Star,1
PLR-2567,Mike Wirtz #1668,Uruguay,Premier League,Aston Villa,Forward,24,174,77,Right,Medium,Medium,98.5,89.3,81.8,72.4,84.9,79.4,82.1,94.5,74.3,56.9,70.2,90.0,87.7,47.2,44.7,47.7,75.3,82.0,76.8,69.7,1329,17,0.47,0.26,65.0,40.0,10.29,49.69,90.5,Elite,2
PLR-2568,Takefusa Modric #1669,Argentina,Serie A,Fiorentina,Midfielder,30,173,67,Left,Medium,High,85.6,80.8,91.1,62.1,78.9,72.0,84.6,77.9,84.9,87.7,76.8,70.2,76.4,71.0,60.5,67.5,87.1,73.5,66.1,75.5,2794,35,0.12,0.55,77.9,52.1,11.44,13.49,83.4,Elite,2
PLR-2569,Kevin Moreno #1670,Germany,Premier League,Newcastle,Midfielder,25,187,78,Right,High,Medium,59.6,64.4,74.6,65.1,72.4,61.3,74.5,68.2,78.2,77.6,78.3,58.4,73.7,64.2,58.5,64.6,74.9,68.6,59.9,77.3,1458,18,0.02,0.6,75.0,52.0,9.83,5.02,74.2,Star,1
PLR-2570,Gianluigi Santos #1671,Norway,Ligue 1,Rennes,Midfielder,26,187,75,Left,High,Medium,58.8,56.1,65.0,48.0,58.0,45.0,62.0,62.4,67.5,60.0,59.6,52.5,54.6,46.2,42.0,42.4,61.0,49.0,47.8,80.1,1677,21,0.02,0.4,75.0,52.0,9.8,0.5,60.5,Developing,0
PLR-2571,Dominik Modric #1672,Brazil,Ligue 1,Monaco,Forward,29,181,73,Left,High,Medium,83.1,88.1,83.1,77.4,83.0,65.8,80.9,86.9,83.1,71.2,70.5,94.6,88.4,42.5,48.9,29.6,75.2,80.2,72.8,67.5,3420,38,0.67,0.33,68.0,40.0,9.57,24.23,86.2,Elite,2
PLR-2572,Jamal Santos #1673,Morocco,Ligue 1,Lyon,Defender,29,187,86,Right,Medium,Medium,72.9,65.3,74.4,79.3,55.4,72.6,66.4,54.5,67.1,58.7,50.2,46.9,58.5,82.4,79.1,76.9,57.8,67.6,72.3,75.9,2550,32,0.03,0.04,72.0,74.6,8.58,8.26,77.2,Star,1
PLR-2573,Jamal Saka #1674,Japan,La Liga,Atletico Madrid,Defender,24,182,82,Left,Medium,Medium,74.1,62.9,71.0,79.1,68.2,82.6,66.8,64.6,62.2,52.0,57.5,45.3,60.3,77.7,82.2,83.9,62.3,73.1,69.1,69.2,2415,30,0.03,0.01,72.0,68.1,9.63,16.11,79.5,Star,1
PLR-2574,Thibaut Tanaka #1675,Nigeria,La Liga,Barcelona,Forward,28,188,84,Left,High,Medium,62.7,67.9,60.4,60.2,68.5,65.9,64.6,65.7,56.5,56.7,61.2,67.1,65.8,35.1,31.1,33.1,58.1,60.1,58.3,78.6,1514,19,0.35,0.03,65.0,40.0,8.8,3.37,65.3,Developing,0
PLR-2575,Virgil Kim #1676,Netherlands,Premier League,Tottenham,Forward,29,183,70,Right,Medium,Low,73.0,75.7,63.5,62.4,67.6,62.4,61.0,70.2,66.8,44.5,52.3,71.8,62.7,40.0,25.0,32.6,62.9,60.4,60.3,69.9,2649,33,0.38,0.25,65.0,40.0,8.8,4.62,67.5,Developing,0
PLR-2576,Khvicha Hernandez #1677,Morocco,Premier League,Liverpool,Forward,23,176,82,Right,Low,Low,68.0,69.2,65.4,54.3,60.0,67.0,68.3,64.0,64.8,42.3,62.9,77.0,73.6,30.0,31.7,22.0,66.1,67.3,55.7,76.2,2653,34,0.37,0.12,65.0,40.0,8.8,2.61,71.1,Star,1
PLR-2577,Achraf Saliba #1678,South Korea,Serie A,Atalanta,Defender,31,184,76,Right,Medium,High,86.3,70.7,80.4,80.8,66.8,86.5,84.2,64.8,76.7,73.9,63.4,49.4,64.7,89.6,91.5,83.7,74.9,85.2,76.8,76.1,2588,33,0.03,0.03,72.0,86.3,8.63,14.33,86.3,Elite,2
PLR-2578,Nicolo Jones #1679,Morocco,Serie A,Lazio,Midfielder,22,173,69,Left,Medium,Medium,75.0,81.4,90.6,72.9,84.0,71.8,87.4,81.7,91.8,86.6,90.6,69.1,82.3,65.6,85.9,60.8,91.9,78.7,74.8,69.8,2127,27,0.09,0.85,82.4,74.7,11.07,39.11,88.2,Elite,2
PLR-2579,Liam De Bruyne #1680,Italy,Premier League,Aston Villa,Midfielder,28,177,70,Right,High,Medium,70.8,77.3,84.8,63.9,74.1,67.9,86.2,76.2,84.5,77.8,73.0,63.6,79.5,58.5,57.0,63.2,82.0,74.4,74.6,68.8,1657,21,0.13,0.71,79.6,52.5,10.43,16.03,79.6,Star,1
PLR-2580,Kylian Davies #1681,Argentina,Ligue 1,Rennes,Forward,27,167,82,Left,High,High,94.9,92.8,87.2,82.6,89.3,75.6,91.2,86.2,78.1,69.5,83.3,96.3,89.8,42.6,49.0,38.0,69.6,83.3,67.9,68.4,2148,27,0.8,0.32,67.8,40.0,9.98,42.87,91.6,Elite,2
PLR-2581,Alisson Camavinga #1682,Croatia,La Liga,Atletico Madrid,Midfielder,27,181,75,Right,High,High,61.6,61.3,67.2,57.7,65.2,67.3,70.2,68.7,73.7,75.1,56.6,60.5,63.9,58.6,59.1,52.2,59.9,63.4,67.7,67.9,1884,24,0.17,0.28,75.0,52.0,9.8,1.04,64.8,Developing,0
PLR-2582,Thibaut Davies #1683,England,La Liga,Athletic Club,Midfielder,23,171,86,Right,High,High,74.1,85.3,90.6,79.1,87.2,75.0,87.4,89.3,98.1,98.0,85.1,78.3,85.2,67.3,66.0,67.1,81.2,82.2,84.8,63.0,1766,22,0.24,0.85,91.0,58.4,11.07,42.68,89.0,Elite,2
PLR-2583,Carlos Hernandez #1684,USA,Bundesliga,Borussia Dortmund,Midfielder,24,183,79,Left,Low,High,66.2,65.4,71.6,52.8,72.0,63.3,68.6,76.3,76.0,71.6,60.0,57.4,65.2,58.6,58.4,54.9,71.0,67.1,57.2,74.8,1846,23,0.13,0.48,75.0,52.0,10.16,0.5,70.0,Developing,0
PLR-2584,Kylian Hernandez #1685,Germany,Ligue 1,Lille,Goalkeeper,28,184,84,Right,High,Low,55.1,52.4,51.3,86.9,64.5,81.2,41.2,36.1,63.3,61.1,29.1,31.2,69.8,42.7,28.8,22.1,74.4,78.4,71.8,65.2,2005,25,0.0,0.0,48.7,50.0,3.99,27.59,88.4,Elite,2
PLR-2585,Rafael Kim #1686,South Korea,Bundesliga,Eintracht Frankfurt,Forward,23,183,76,Right,High,Medium,66.2,70.2,68.4,55.7,69.8,63.4,63.2,73.5,65.2,45.5,62.2,70.9,67.1,30.0,29.7,23.0,55.6,54.6,60.9,72.8,1702,21,0.22,0.23,65.0,40.0,,1.31,66.3,Developing,0
PLR-2586,Aurélien Haaland #1687,USA,Bundesliga,Bayer Leverkusen,Defender,24,190,74,Right,Medium,Medium,75.4,75.2,77.2,98.9,67.5,93.0,71.1,67.4,,76.2,64.0,60.9,63.3,89.7,93.5,95.6,72.9,80.0,95.6,65.9,1361,17,0.06,0.12,73.2,86.4,9.51,53.57,91.4,Elite,2
PLR-2587,Victor Jones #1688,Canada,La Liga,Athletic Club,Midfielder,22,185,68,Left,Low,Medium,71.9,73.1,86.7,65.8,77.5,66.2,77.0,83.1,86.8,81.0,69.4,65.3,76.1,65.9,68.5,53.9,79.0,70.5,64.4,78.3,2681,34,0.02,0.66,80.0,63.6,11.58,13.28,78.6,Star,1
PLR-2588,Antony Martinez #1689,USA,Bundesliga,Bayern Munich,Midfielder,33,166,67,Left,High,Medium,58.8,56.0,73.5,64.3,65.6,60.1,62.0,66.1,70.0,66.9,52.8,59.2,57.9,47.4,60.9,47.0,73.8,63.5,64.3,64.5,2133,27,0.06,0.39,75.0,57.3,10.35,3.07,66.6,Developing,0
PLR-2589,Nicolo Hernandez #1690,Ghana,Serie A,Fiorentina,Defender,24,182,83,Right,Medium,Medium,68.9,68.4,70.3,72.3,67.3,68.0,55.0,49.6,69.4,70.0,53.2,44.4,56.0,79.8,80.6,71.5,62.6,60.9,71.5,65.0,2766,35,0.04,0.1,72.0,76.7,8.72,7.78,73.9,Star,1
PLR-2590,Erling Musiala #1691,Belgium,Premier League,Liverpool,Defender,28,186,79,Right,Medium,Medium,69.8,63.1,73.2,80.3,51.5,71.7,55.6,53.5,68.0,55.6,53.2,41.3,67.5,70.9,78.4,73.9,63.8,63.0,70.2,72.5,2301,29,0.07,0.01,72.0,70.9,8.5,11.69,74.4,Star,1
PLR-2591,Nicolo Kim #1692,Argentina,Bundesliga,VfB Stuttgart,Goalkeeper,28,192,88,Right,Medium,High,45.9,49.8,40.0,77.7,57.2,77.4,39.3,26.1,,42.0,36.3,15.0,55.4,38.9,31.5,29.7,59.3,66.1,55.2,76.3,1894,24,0.0,0.01,48.0,50.0,3.8,10.38,76.2,Star,1
PLR-2592,Gavi Jones #1693,France,La Liga,Atletico Madrid,Forward,28,182,75,Right,Medium,High,95.6,93.4,74.9,78.2,86.7,87.0,78.4,84.6,72.5,64.1,66.3,85.8,85.8,38.6,39.8,35.0,74.4,73.4,82.7,65.6,2696,34,0.6,0.4,65.0,40.0,8.8,15.3,82.5,Elite,2
PLR-2593,Noah Diallo #1694,France,Serie A,Roma,Forward,22,189,78,Right,Medium,Medium,74.0,67.3,68.1,57.7,72.9,63.4,64.8,71.3,60.5,50.7,64.5,73.8,66.9,44.4,39.0,23.2,55.4,56.0,61.1,73.1,786,10,0.35,0.17,65.0,40.0,8.8,1.64,65.9,Developing,0
PLR-2594,Alphonso Silva #1695,Canada,Serie A,Juventus,Defender,29,184,86,Right,Medium,Medium,61.3,59.9,68.8,76.6,51.3,67.5,61.9,42.3,59.7,58.6,54.1,38.6,57.0,70.3,73.5,71.4,56.9,63.4,69.3,76.0,2183,27,0.08,0.01,72.0,63.6,8.5,3.46,72.0,Star,1
PLR-2595,Marcus Tchouameni #1696,USA,Premier League,Manchester City,Midfielder,26,176,73,Right,Medium,High,71.7,71.4,87.8,67.2,75.8,67.4,76.2,75.8,84.9,70.6,67.5,73.6,63.1,70.7,59.4,58.5,71.8,72.3,76.0,71.8,1804,23,0.23,0.58,75.0,52.0,11.22,5.64,78.4,Star,1
PLR-2596,Liam De Bruyne #1697,Belgium,Bundesliga,Bayern Munich,Forward,20,176,75,Right,High,High,70.5,74.6,66.0,52.8,74.5,53.2,62.1,70.6,68.2,55.9,60.5,76.9,76.3,30.0,34.1,25.2,54.8,61.8,60.3,81.9,1730,22,0.44,0.2,65.0,40.0,8.8,2.6,70.8,Developing,0
PLR-2597,Cole Williams #1698,England,Ligue 1,Marseille,Forward,28,180,76,Right,Low,Low,72.6,78.0,60.0,63.4,81.4,69.0,68.7,74.6,64.6,66.4,59.0,78.5,70.4,46.9,25.0,25.2,67.9,73.2,65.4,71.5,2762,35,0.47,0.15,65.0,40.0,8.8,3.48,72.1,Star,1
PLR-2598,Virgil Maignan #1699,Germany,Premier League,Manchester City,Forward,23,177,72,Left,Medium,Low,77.8,84.0,73.8,72.3,79.6,68.9,73.2,87.1,67.1,50.8,61.0,75.2,82.5,51.9,38.2,22.8,70.5,64.6,71.5,64.3,2410,30,0.29,0.17,65.0,40.0,8.83,8.19,75.6,Star,1
PLR-2599,Alphonso Martinez #1700,Nigeria,La Liga,Atletico Madrid,Defender,34,182,76,Right,Medium,Medium,80.5,76.4,83.8,95.5,74.1,91.0,75.8,55.0,75.7,81.4,67.6,56.1,70.4,99.0,99.0,89.2,81.2,88.2,87.0,62.8,1268,16,0.07,0.12,72.0,90.4,9.78,32.25,92.0,Elite,2
PLR-2600,Kevin Haaland #1701,Croatia,La Liga,Athletic Club,Forward,27,186,64,Right,High,High,74.5,76.2,65.7,55.6,73.9,66.5,70.6,76.0,64.6,52.3,64.5,78.9,65.3,44.5,27.1,30.6,63.6,66.9,61.7,79.5,1860,23,0.46,0.11,65.0,40.0,8.8,3.89,71.2,Star,1
PLR-2601,Carlos Smith #1702,Nigeria,Ligue 1,Nice,Midfielder,22,173,85,Right,Medium,High,62.8,58.8,69.0,57.6,58.2,52.5,72.8,65.2,75.4,63.6,66.2,62.9,53.6,53.9,57.0,58.0,62.0,62.6,56.5,78.2,1007,12,0.04,0.4,75.0,52.6,9.8,2.8,69.3,Developing,0
PLR-2602,Alexis Dias #1703,Colombia,Premier League,Arsenal,Forward,23,181,83,Right,High,Low,75.7,89.4,78.0,68.5,78.0,77.6,79.4,81.9,,52.9,63.0,83.3,82.4,51.9,41.0,29.6,69.5,68.0,69.1,66.8,2478,31,0.4,0.28,65.1,40.0,9.6,12.51,80.3,Star,1
PLR-2603,Jan Davies #1704,USA,Serie A,Atalanta,Midfielder,23,179,76,Right,Medium,High,61.4,72.4,86.6,73.5,77.3,64.0,88.1,82.9,91.8,91.2,86.9,72.4,76.6,68.2,64.5,68.8,77.2,68.7,67.1,74.2,1755,22,0.13,0.7,81.1,52.3,11.15,23.66,83.2,Elite,2
PLR-2604,Alexis Saliba #1705,Morocco,La Liga,Real Madrid,Forward,23,175,75,Right,Medium,Medium,95.3,87.5,,72.7,87.9,73.3,90.7,90.4,72.2,65.5,75.6,90.0,83.7,41.6,36.7,23.4,74.3,87.2,70.5,74.2,1802,23,0.52,0.38,65.0,40.0,9.29,35.68,87.6,Elite,2
PLR-2605,Kylian Donnarumma #1706,Netherlands,La Liga,Real Madrid,Midfielder,24,177,76,Left,High,High,72.2,77.6,74.8,66.3,76.7,64.9,74.0,70.9,79.9,77.3,72.9,61.4,76.9,60.5,57.7,63.5,79.6,71.0,62.6,64.1,1747,22,0.2,0.53,75.0,52.0,10.11,8.09,76.0,Star,1
PLR-2606,Lucas Rodri #1707,Norway,Serie A,Lazio,Forward,32,185,67,Left,High,Medium,89.4,87.5,80.0,72.0,86.1,91.0,98.0,92.1,81.2,69.4,71.1,96.3,91.1,34.1,33.5,42.4,77.6,82.2,80.5,72.1,2136,27,0.69,0.38,65.0,40.0,10.14,22.96,89.7,Elite,2
PLR-2607,Jude Williams #1708,Germany,Serie A,Roma,Defender,28,177,87,Right,Medium,Medium,86.6,78.1,90.9,98.5,74.1,92.9,75.8,66.0,73.9,75.1,79.7,49.4,70.4,99.0,98.2,96.3,86.2,86.7,93.1,73.5,1997,25,0.0,0.13,72.0,94.0,10.63,66.82,94.5,Elite,2
PLR-2608,Antony Kroos #1709,Belgium,La Liga,Girona,Forward,29,178,73,Left,Medium,Low,79.2,77.6,64.4,63.0,70.7,67.3,71.9,77.4,59.2,57.6,63.2,87.6,65.5,44.2,37.3,35.3,63.4,66.5,57.3,77.1,2350,30,0.4,0.2,65.0,40.0,8.8,6.32,74.9,Star,1
PLR-2609,Liam Sato #1710,Nigeria,Ligue 1,Lyon,Midfielder,18,176,71,Right,Medium,High,61.0,61.2,76.9,57.9,75.5,58.6,80.6,81.0,80.4,73.9,63.8,69.1,69.7,60.5,61.8,50.5,65.4,61.9,59.4,74.6,1819,23,0.19,0.5,75.0,52.0,10.72,5.03,73.1,Star,1
PLR-2610,Declan Foden #1711,Norway,La Liga,Atletico Madrid,Defender,29,181,87,Right,Medium,High,66.5,56.3,58.0,73.5,59.7,58.0,51.8,50.8,55.2,64.3,47.8,37.8,58.4,65.0,71.2,65.7,51.5,58.7,47.5,81.1,2358,30,0.04,0.09,72.0,65.3,8.5,2.37,66.9,Developing,0
PLR-2611,Darwin Rodri #1712,Croatia,Serie A,Fiorentina,Defender,25,184,83,Right,Medium,High,56.8,50.0,58.0,71.0,50.6,58.0,50.0,43.1,52.7,52.0,48.8,30.0,48.0,65.0,74.9,64.7,55.0,64.0,56.2,,1706,21,0.11,0.02,72.0,66.5,8.5,0.5,67.8,Developing,0
PLR-2612,Cole Saka #1713,Portugal,Ligue 1,Marseille,Midfielder,21,178,75,Right,High,Medium,64.1,60.0,68.0,60.2,63.5,49.4,65.0,67.2,70.0,65.6,58.3,59.4,54.9,54.6,56.1,54.9,65.6,62.5,53.0,77.6,2911,37,0.07,0.34,75.0,52.0,10.02,4.29,67.3,Developing,0
PLR-2613,Khvicha Musiala #1714,England,Premier League,Aston Villa,Midfielder,21,174,71,Right,Medium,High,73.2,62.3,73.4,68.9,70.7,65.8,87.8,78.6,84.0,84.2,84.6,58.6,73.3,72.5,65.2,65.4,73.7,76.4,70.5,67.2,2337,29,0.02,0.55,76.9,56.6,9.92,12.74,78.2,Star,1
PLR-2614,Bruno Fernandez #1715,USA,Ligue 1,Paris Saint-Germain,Midfielder,29,190,77,Right,High,Medium,67.0,62.0,67.9,58.2,69.0,64.2,71.8,69.9,78.2,66.6,71.6,58.0,70.1,62.6,64.3,55.6,80.1,74.8,63.9,75.5,2897,37,0.06,0.56,75.0,58.3,9.8,3.36,73.4,Star,1
PLR-2615,Ederson Diallo #1716,Netherlands,Serie A,Fiorentina,Defender,24,180,68,Right,Medium,High,81.8,75.3,76.7,86.0,76.5,76.8,70.8,57.1,79.4,71.3,60.8,37.7,67.2,87.3,85.3,86.7,67.1,78.2,85.0,57.1,2381,30,0.09,0.11,72.0,78.0,8.5,21.53,83.8,Elite,2
PLR-2616,Aurélien Hakimi #1717,Nigeria,La Liga,Athletic Club,Goalkeeper,25,188,86,Right,Medium,High,58.9,59.9,44.2,89.5,66.7,81.8,41.7,35.4,,74.1,27.4,33.2,67.3,39.5,23.7,28.9,77.8,80.6,80.1,78.7,1721,22,0.0,0.04,49.9,50.0,4.06,18.8,85.2,Elite,2
PLR-2617,Leo De Bruyne #1718,Ghana,Serie A,Fiorentina,Defender,24,195,80,Right,Medium,Medium,80.1,73.8,67.6,80.8,67.5,79.7,68.9,52.7,70.6,72.2,50.5,52.9,66.7,83.9,81.6,79.5,66.8,72.7,70.4,72.9,1686,21,0.03,0.01,72.0,72.1,8.5,23.93,83.0,Elite,2
PLR-2618,Eduardo Hernandez #1719,Brazil,Serie A,Fiorentina,Midfielder,24,178,77,Right,High,Medium,63.9,66.4,74.3,66.9,64.5,53.3,72.9,67.9,73.4,77.3,64.0,53.7,77.7,54.3,59.8,52.3,72.1,68.4,67.5,74.2,2019,25,0.06,0.31,75.0,52.6,9.89,4.09,70.2,Developing,0
PLR-2619,Ruben Davies #1720,Nigeria,Bundesliga,Borussia Dortmund,Defender,23,185,73,Right,High,High,73.1,62.5,58.0,65.6,58.1,77.5,53.6,42.0,61.8,68.8,47.4,36.7,63.9,80.4,68.4,73.0,60.5,58.2,72.1,60.6,2275,29,0.01,0.13,72.0,62.0,8.5,3.47,71.8,Star,1
PLR-2620,Virgil Kim #1721,Belgium,La Liga,Barcelona,Midfielder,27,172,73,Right,High,Medium,74.4,69.6,84.9,70.1,72.6,66.4,80.9,70.3,74.1,80.3,76.1,55.8,67.5,60.5,55.4,55.5,72.3,63.8,57.0,77.0,3178,38,0.07,0.45,75.0,52.0,10.08,8.04,75.2,Star,1
PLR-2621,Bukayo Hernandez #1722,USA,La Liga,Barcelona,Forward,21,185,83,Right,High,Medium,60.2,63.6,62.5,58.2,61.0,52.0,58.8,63.9,57.8,52.4,49.9,71.0,65.9,35.5,25.0,27.7,49.0,66.3,61.8,75.0,2451,31,0.19,0.06,65.0,40.0,8.8,3.25,64.5,Developing,0
PLR-2622,Alessandro De Bruyne #1723,Italy,Bundesliga,Bayern Munich,Midfielder,23,177,67,Left,Medium,Low,64.0,68.0,78.8,64.2,69.6,61.4,76.5,60.2,80.8,73.7,67.9,60.5,72.3,66.3,59.3,55.3,74.5,62.8,65.8,78.4,2558,32,0.12,0.45,75.0,53.6,10.55,8.22,72.9,Star,1
PLR-2623,Declan De Bruyne #1724,Nigeria,Premier League,Aston Villa,Goalkeeper,32,191,78,Right,Medium,High,58.0,42.0,46.6,84.4,60.7,81.3,45.4,35.0,58.4,57.2,32.4,24.4,69.3,48.2,25.1,19.8,68.3,84.1,69.5,80.5,1759,22,0.0,0.0,48.0,50.0,3.8,7.13,81.4,Star,1
PLR-2624,Florian Fernandez #1725,Japan,Serie A,AC Milan,Forward,33,190,76,Right,High,High,85.4,83.3,70.7,75.8,79.6,68.4,76.7,83.8,74.5,66.3,70.0,87.4,88.9,56.5,38.0,22.8,72.2,82.8,69.9,74.4,2126,27,0.62,0.31,65.0,40.0,8.8,10.37,84.7,Elite,2
PLR-2625,Luka Garcia #1726,Senegal,La Liga,Real Madrid,Defender,21,176,89,Right,Low,High,80.8,85.6,94.6,99.0,76.5,98.0,77.4,61.6,72.6,78.0,70.8,45.3,79.8,89.1,99.0,98.0,74.8,76.6,90.5,63.0,2524,32,0.05,0.04,72.0,87.4,9.41,66.91,92.7,Elite,2
PLR-2626,Rafael Bastoni #1727,Uruguay,La Liga,Atletico Madrid,Forward,32,189,81,Right,Medium,High,76.5,82.9,71.7,79.1,86.5,79.4,87.9,86.7,75.0,68.3,74.7,86.7,87.2,30.0,48.2,40.0,72.7,78.2,61.9,70.3,1348,17,0.62,0.24,65.0,40.0,9.2,11.48,84.1,Elite,2
PLR-2627,Aurélien Schmidt #1728,Senegal,Serie A,Roma,Midfielder,28,178,69,Right,Medium,High,66.1,79.6,84.2,70.2,80.2,69.4,78.9,75.5,83.5,88.2,66.5,67.3,73.4,60.0,61.8,56.1,85.1,69.9,61.3,72.2,2855,36,0.14,0.55,75.0,53.7,10.94,5.97,77.0,Star,1
PLR-2628,Vinicius Hernandez #1729,Croatia,Serie A,Napoli,Forward,22,183,72,Left,Medium,Medium,80.8,90.3,69.3,70.1,76.2,75.2,77.5,87.4,73.2,60.3,67.1,89.8,83.4,40.6,37.4,31.9,65.0,71.4,70.3,67.3,2693,34,0.69,0.14,65.0,40.0,8.8,18.8,82.8,Elite,2
PLR-2629,Bruno Barella #1730,Croatia,La Liga,Girona,Midfielder,25,175,79,Right,Medium,High,64.6,67.7,71.6,51.3,67.4,65.2,65.0,61.3,73.3,75.4,60.7,60.4,65.3,63.5,49.4,53.3,75.7,67.3,52.9,80.2,1150,14,0.17,0.52,75.0,52.0,10.19,0.5,69.1,Developing,0
PLR-2630,Enzo Bastoni #1731,Norway,Premier League,Liverpool,Defender,27,185,84,Right,Medium,Low,68.7,66.4,70.1,88.4,71.9,79.5,63.7,74.1,68.6,63.7,62.6,41.3,74.9,79.8,83.5,87.4,65.4,73.5,79.0,69.6,2311,29,0.01,0.02,72.0,78.4,8.5,13.26,81.1,Star,1
PLR-2631,Alisson Schmidt #1732,Japan,Premier League,Liverpool,Midfielder,30,182,69,Right,High,Medium,59.7,56.0,72.2,59.8,60.2,56.5,71.7,69.2,68.3,74.3,63.9,55.3,62.3,59.3,58.0,54.9,71.1,60.8,57.9,76.9,2928,37,0.02,0.39,75.0,55.7,10.12,2.2,69.2,Developing,0
PLR-2632,Marcus Hakimi #1733,South Korea,Serie A,Inter Milan,Defender,29,184,87,Right,High,High,82.0,81.0,85.4,99.0,68.9,85.1,72.0,70.7,81.3,78.6,70.2,51.6,68.1,97.1,99.0,91.8,72.8,85.2,89.9,63.8,1521,19,0.1,0.1,73.4,91.5,9.56,53.76,92.7,Elite,2
PLR-2633,Liam Mueller #1734,Norway,Ligue 1,Nice,Defender,27,177,73,Right,Medium,Medium,78.9,77.2,75.6,84.6,70.8,75.4,68.9,57.8,,71.7,59.7,40.8,69.9,86.8,88.7,85.7,71.5,83.7,81.8,67.9,1875,24,0.02,0.07,72.0,83.6,8.57,21.06,85.2,Elite,2
PLR-2634,Gabriel Alvarez #1735,Morocco,Serie A,Lazio,Goalkeeper,21,182,88,Left,Medium,High,47.4,51.8,48.9,84.7,62.3,72.8,34.0,34.1,50.8,68.0,22.0,23.2,58.6,29.0,27.1,15.8,67.7,73.9,80.0,74.7,2421,31,0.0,0.03,48.0,50.0,3.8,15.37,80.9,Star,1
PLR-2635,Luka Bellingham #1736,Spain,La Liga,Villarreal,Forward,29,182,74,Right,High,Medium,74.6,70.2,65.8,63.6,73.4,65.2,74.4,75.8,63.3,50.7,60.5,81.0,74.1,40.4,36.4,38.2,62.4,63.0,57.9,75.4,2068,26,0.47,0.17,65.0,40.0,8.8,3.24,72.5,Star,1
PLR-2636,Mike Silva #1737,Japan,Ligue 1,Rennes,Midfielder,26,179,73,Right,High,High,83.1,74.5,89.2,68.4,79.6,73.8,81.3,80.0,86.1,85.7,76.4,70.7,74.7,67.1,64.1,72.7,85.7,72.9,78.1,61.9,1340,17,0.12,0.73,81.2,58.6,11.92,17.48,82.5,Elite,2
PLR-2637,David Donnarumma #1738,Spain,Serie A,Napoli,Forward,19,181,74,Right,Medium,Medium,80.3,92.9,77.4,77.0,89.9,83.2,83.3,79.4,78.8,69.0,77.8,90.3,80.7,40.1,44.8,41.7,67.6,74.1,73.0,74.3,2605,33,0.66,0.27,65.0,40.0,9.7,15.62,80.4,Star,1
PLR-2638,Carlos Davies #1739,Ghana,Premier League,Liverpool,Goalkeeper,25,186,80,Left,Medium,High,36.1,37.3,40.0,64.8,55.9,60.9,30.0,25.7,40.0,43.0,20.0,15.1,55.1,25.0,24.2,25.1,52.3,60.2,53.1,77.8,1826,23,0.0,0.0,48.0,50.0,3.8,4.43,69.5,Developing,0
PLR-2639,Florian Fernandez #1740,Germany,Serie A,Lazio,Goalkeeper,22,186,83,Right,Medium,Low,37.0,37.2,40.0,62.8,46.5,50.0,30.0,25.0,40.7,42.0,20.0,21.6,47.3,25.8,18.0,15.0,49.2,52.4,56.2,82.2,2412,30,0.0,0.02,48.0,50.0,3.86,0.5,59.3,Developing,0
PLR-2640,Mike Oblak #1741,Portugal,Ligue 1,Lille,Midfielder,18,172,75,Right,High,Medium,66.7,75.4,90.0,74.3,82.4,77.3,84.0,79.9,95.5,94.1,80.9,83.5,81.6,79.6,76.0,72.2,72.4,70.7,77.2,72.2,838,10,0.24,0.76,85.7,62.6,11.84,18.03,82.3,Elite,2
PLR-2641,Son Donnarumma #1742,Nigeria,Premier League,Arsenal,Defender,25,180,93,Right,Medium,Medium,82.1,76.3,84.1,99.0,72.2,87.0,67.5,63.6,68.1,73.3,65.5,38.0,77.6,86.9,93.1,85.6,64.6,76.3,85.5,61.0,2097,26,0.0,0.08,72.0,86.1,9.34,31.3,88.5,Elite,2
PLR-2642,Nicolo Wirtz #1743,Norway,La Liga,Girona,Midfielder,24,183,78,Right,High,Medium,61.2,57.6,66.3,54.5,62.2,60.1,67.3,58.2,72.9,75.9,55.1,48.0,60.3,53.2,55.4,49.0,71.5,60.0,52.3,84.2,2586,33,0.02,0.53,75.0,52.0,9.8,0.5,64.8,Developing,0
PLR-2643,Enzo Davies #1744,Belgium,Premier League,Aston Villa,Midfielder,22,181,71,Right,High,Medium,56.8,60.5,70.4,50.6,68.3,66.1,65.5,69.5,65.9,68.9,56.0,58.9,61.0,54.3,59.9,55.9,64.5,58.3,59.6,75.8,2779,35,0.08,0.31,75.0,52.0,9.96,0.5,65.2,Developing,0
PLR-2644,Kevin Bellingham #1745,Italy,Bundesliga,RB Leipzig,Forward,25,171,71,Left,Medium,Medium,85.0,90.0,80.7,70.9,80.8,80.5,77.7,84.7,78.6,64.8,71.0,84.1,81.4,44.7,45.0,26.8,72.7,77.4,77.4,73.2,1698,21,0.5,0.25,66.9,40.0,9.42,12.29,81.3,Star,1
PLR-2645,Aurélien Bastoni #1746,Uruguay,La Liga,Villarreal,Defender,26,188,76,Right,High,High,78.1,72.9,67.2,87.4,70.4,92.7,71.0,58.7,76.9,75.0,67.5,32.9,64.9,84.6,94.6,89.5,75.2,73.7,72.1,75.9,1840,23,0.0,0.11,72.0,88.2,8.5,27.45,87.6,Elite,2
PLR-2646,Mike De Bruyne #1747,France,Serie A,Juventus,Forward,26,185,71,Right,Medium,High,70.0,71.9,66.9,56.4,68.3,61.6,62.5,69.6,59.5,56.9,65.5,77.3,65.8,30.0,25.0,29.8,56.5,65.1,62.5,71.4,2144,27,0.53,0.03,65.0,40.0,9.38,0.7,69.0,Developing,0
PLR-2647,Marcus Donnarumma #1748,Belgium,Bundesliga,Eintracht Frankfurt,Defender,25,183,79,Right,Medium,High,75.4,70.9,80.1,81.5,64.2,79.8,70.6,66.8,70.2,70.1,59.0,41.3,56.4,85.4,83.0,86.8,68.9,65.9,88.8,65.6,2464,31,0.05,0.06,72.0,75.3,9.33,11.14,81.3,Star,1
PLR-2648,Florian Donnarumma #1749,Norway,La Liga,Barcelona,Defender,28,181,83,Right,Medium,Medium,68.6,66.7,74.3,70.5,60.6,74.8,66.8,52.9,68.1,62.7,65.2,45.1,73.9,76.7,76.1,74.1,61.1,65.1,70.2,71.2,2313,29,0.02,0.1,72.0,72.9,8.83,1.83,71.3,Star,1
PLR-2649,Kaoru Diallo #1750,Ghana,Bundesliga,RB Leipzig,Defender,26,175,85,Right,Medium,Medium,79.1,71.3,71.2,83.2,61.8,74.2,67.4,43.4,66.2,62.0,58.2,31.8,56.6,80.7,85.9,88.0,67.1,74.7,75.8,63.4,1958,25,0.03,0.1,72.0,75.4,8.64,16.25,82.3,Elite,2
PLR-2650,Nicolo Mbappe #1751,England,Bundesliga,VfB Stuttgart,Forward,28,181,82,Right,Medium,Medium,93.0,95.0,80.5,80.3,98.0,79.5,87.7,87.5,72.0,70.4,82.8,99.0,88.6,45.6,47.9,47.6,76.5,76.6,83.1,60.7,2540,32,0.63,0.26,65.0,40.0,10.05,33.11,88.4,Elite,2
PLR-2651,Declan Mueller #1752,Colombia,Serie A,Juventus,Midfielder,26,177,75,Right,High,High,67.3,72.8,82.4,60.8,77.5,66.3,76.7,71.9,82.0,82.6,79.2,66.6,76.5,68.2,66.2,58.0,71.1,69.9,72.9,68.4,2543,32,0.05,0.58,75.0,58.8,11.04,9.32,77.6,Star,1
PLR-2652,Enzo Mendes #1753,Norway,La Liga,Real Sociedad,Forward,27,188,73,Right,Medium,High,71.1,73.6,69.9,59.0,73.3,62.8,81.4,69.5,63.0,59.2,56.8,81.0,82.2,31.9,35.0,31.0,57.1,70.4,64.3,,2251,28,0.42,0.02,65.0,40.0,8.8,1.68,73.0,Star,1
PLR-2653,Darwin Mendes #1754,Japan,Serie A,Inter Milan,Midfielder,24,173,72,Left,Medium,Low,63.8,69.1,84.2,70.3,72.8,63.6,74.8,75.8,76.4,83.1,73.5,64.5,73.2,61.3,62.6,58.5,81.5,71.0,64.3,68.3,2504,32,0.07,0.53,75.0,56.6,10.63,7.84,75.4,Star,1
PLR-2654,Virgil Oblak #1755,Uruguay,Serie A,Lazio,Forward,28,177,76,Right,High,Medium,72.2,76.2,66.6,60.4,72.3,70.1,64.7,73.3,58.9,56.9,51.2,71.5,72.4,36.4,40.9,36.3,63.8,64.7,59.9,82.5,2556,32,0.38,0.18,65.0,40.0,8.96,1.06,70.1,Developing,0
PLR-2655,Gianluigi Maignan #1756,Croatia,Ligue 1,Marseille,Goalkeeper,22,198,89,Left,High,High,35.0,39.3,42.6,77.2,47.6,62.3,35.6,25.0,42.9,56.9,20.0,17.7,55.3,34.4,18.0,18.1,62.7,62.9,66.4,76.3,1367,17,0.0,0.01,48.0,50.0,3.8,2.93,67.2,Developing,0
PLR-2656,Luka Tanaka #1757,Netherlands,Ligue 1,Marseille,Midfielder,18,173,69,Left,High,High,74.3,65.3,83.2,72.9,75.6,68.5,73.7,77.8,89.9,83.7,75.2,70.1,80.8,72.5,59.2,65.9,77.5,59.6,69.8,68.6,1709,21,0.24,0.59,75.0,57.4,10.45,10.92,76.7,Star,1
PLR-2657,Osimhen Rice #1758,USA,Premier League,Aston Villa,Midfielder,25,179,78,Right,Low,High,59.8,67.0,74.7,64.9,68.1,56.6,72.7,71.3,,73.0,65.4,62.4,65.3,62.5,51.5,51.4,68.0,69.4,55.8,82.8,2486,31,0.09,0.33,75.0,52.0,10.23,3.5,71.2,Star,1
PLR-2658,Dominik Rodriguez #1759,Italy,Premier League,Chelsea,Midfielder,25,171,72,Right,Medium,High,72.3,75.0,82.8,66.9,81.5,63.0,87.4,77.0,92.1,83.1,82.3,71.0,78.3,72.9,68.9,62.2,84.0,75.0,67.4,62.5,2154,27,0.13,0.71,82.6,52.2,10.83,17.16,84.0,Elite,2
PLR-2659,Pedri Smith #1760,Netherlands,Serie A,Inter Milan,Midfielder,30,173,73,Right,High,High,69.6,66.6,76.1,63.9,76.2,59.1,84.1,71.8,82.8,87.7,72.3,62.0,63.1,66.6,64.7,61.7,83.5,83.8,69.4,74.5,2070,26,0.11,0.5,75.2,58.1,10.15,3.82,79.4,Star,1
PLR-2660,Mateo Bastoni #1761,Morocco,La Liga,Real Sociedad,Midfielder,19,173,72,Right,High,Medium,55.1,56.0,67.1,48.5,59.6,45.0,68.5,58.0,66.3,72.6,57.9,53.4,60.1,59.1,49.1,55.5,59.7,50.6,56.9,85.5,1411,18,0.07,0.18,75.0,52.0,9.8,4.41,62.6,Developing,0
PLR-2661,Leo Kim #1762,Uruguay,Ligue 1,Rennes,Midfielder,33,183,73,Right,High,Medium,59.2,62.5,81.0,60.9,71.2,57.5,82.7,71.9,82.5,76.8,71.7,64.8,72.3,64.7,57.7,53.7,73.8,72.3,68.5,79.2,2465,31,0.05,0.66,75.7,52.0,10.99,2.37,75.8,Star,1
PLR-2662,Rafael Tchouameni #1763,Belgium,Ligue 1,Marseille,Goalkeeper,25,201,76,Right,High,Medium,54.1,61.5,41.7,76.7,64.2,75.9,43.1,34.2,42.7,60.0,28.7,16.8,55.0,39.3,27.7,27.8,66.0,69.6,65.8,68.8,1157,14,0.0,0.02,48.0,50.0,3.8,20.63,85.3,Elite,2
PLR-2663,Julian Traore #1764,Senegal,Bundesliga,Eintracht Frankfurt,Midfielder,22,176,74,Left,Medium,Low,80.1,81.1,82.0,78.9,83.8,66.7,84.7,71.6,85.6,85.7,79.0,70.8,78.0,63.5,68.4,70.6,78.0,69.8,70.2,76.2,2351,30,0.14,0.69,76.8,60.3,11.06,8.75,78.8,Star,1
PLR-2664,Ederson Santos #1765,Croatia,Ligue 1,Rennes,Goalkeeper,27,190,86,Right,High,High,42.1,46.8,40.0,65.0,55.3,57.1,46.1,29.8,49.3,45.8,29.1,25.0,55.5,25.0,18.0,21.6,63.5,65.4,62.8,66.8,2091,26,0.0,0.01,48.0,50.0,3.8,2.02,71.8,Star,1
PLR-2665,Gianluigi Schmidt #1766,South Korea,Ligue 1,Monaco,Defender,23,184,79,Right,High,Medium,68.8,69.1,71.3,84.9,61.7,81.9,62.1,51.6,61.9,64.6,53.8,37.2,69.8,79.0,77.7,84.1,62.1,65.0,81.9,67.6,2283,29,0.05,0.06,72.0,70.1,8.5,12.97,79.0,Star,1
PLR-2666,Pedri Haaland #1767,France,Bundesliga,Eintracht Frankfurt,Forward,25,182,74,Right,Low,Low,91.5,91.4,78.2,78.2,83.9,77.3,80.9,79.1,67.5,67.2,74.5,87.7,78.5,36.4,36.5,38.5,74.0,77.8,72.9,70.5,3013,38,0.53,0.15,65.0,40.0,9.18,21.83,84.3,Elite,2
PLR-2667,Bruno Foden #1768,Netherlands,Ligue 1,Rennes,Goalkeeper,31,184,81,Right,Medium,Medium,45.1,51.3,50.8,79.9,63.4,77.8,37.5,35.2,59.6,43.4,27.8,15.0,66.7,37.7,30.2,18.0,66.6,74.2,63.4,70.0,2352,30,0.0,0.02,48.0,50.0,3.8,9.3,82.5,Elite,2
PLR-2668,Erling Foden #1769,Colombia,Ligue 1,Monaco,Forward,23,182,82,Right,High,High,61.8,68.4,55.0,50.0,61.0,60.9,60.4,62.3,56.3,51.7,54.8,63.3,59.4,36.2,25.0,24.4,50.4,56.5,56.1,69.8,1672,21,0.16,0.02,65.0,40.0,8.8,0.5,60.7,Developing,0
PLR-2669,Rafael Davies #1770,Norway,Serie A,Roma,Defender,21,187,70,Right,High,Medium,70.5,71.4,70.4,84.2,70.1,86.0,71.3,63.9,67.0,72.5,58.6,48.3,77.8,84.5,87.9,84.3,63.0,70.9,74.8,68.4,1678,21,0.19,0.07,72.0,84.6,8.5,15.22,81.4,Star,1
PLR-2670,Theo Rodriguez #1771,Brazil,La Liga,Girona,Midfielder,26,180,68,Right,High,High,76.0,86.2,94.3,78.6,81.4,67.3,93.3,80.5,88.9,93.2,75.8,74.5,81.4,74.8,73.5,76.3,86.8,88.0,77.4,65.1,2492,31,0.1,0.85,79.5,58.4,12.31,25.67,87.7,Elite,2
PLR-2671,Alessandro Diallo #1772,Spain,La Liga,Atletico Madrid,Defender,29,184,69,Left,High,Medium,69.6,68.0,74.9,75.1,68.4,74.9,59.0,59.2,72.8,70.6,53.3,38.3,69.1,85.0,83.4,78.0,71.1,73.1,77.2,72.9,2200,28,0.01,0.08,72.0,76.4,8.83,9.94,80.0,Star,1
PLR-2672,Enzo Saliba #1773,Brazil,Bundesliga,Eintracht Frankfurt,Defender,26,186,72,Left,High,Low,73.8,67.1,70.6,70.3,53.2,76.2,66.3,61.3,61.6,60.0,47.3,30.0,58.7,81.4,77.3,82.4,69.5,67.2,69.4,64.7,2457,31,0.07,0.02,72.0,71.9,8.5,5.18,75.0,Star,1
PLR-2673,Dominik Tanaka #1774,Italy,Serie A,Atalanta,Defender,24,178,83,Right,Medium,Medium,74.7,72.2,76.1,83.5,66.1,78.7,64.4,56.7,65.0,72.4,64.8,47.1,68.5,94.8,85.1,83.4,69.4,77.7,71.9,73.5,2343,30,0.08,0.08,72.0,77.3,8.75,18.21,83.0,Elite,2
PLR-2674,Alphonso Schmidt #1775,Croatia,Bundesliga,Eintracht Frankfurt,Defender,28,182,78,Right,Medium,Low,78.1,74.5,89.1,92.0,75.3,78.5,79.0,68.5,79.8,82.1,67.8,39.1,76.9,98.7,91.4,94.1,71.9,80.6,80.6,71.0,2088,26,0.16,0.08,72.0,76.9,10.47,43.92,91.8,Elite,2
PLR-2675,Cole Mendes #1776,Morocco,Ligue 1,Lille,Midfielder,25,180,79,Right,Medium,Medium,66.8,62.7,75.7,70.3,73.4,64.2,74.6,74.6,82.2,77.7,71.8,64.0,72.0,69.5,57.8,68.2,70.9,84.7,67.8,70.1,1767,22,0.11,0.71,75.0,52.0,10.47,5.71,74.2,Star,1
PLR-2676,Theo Musiala #1777,Uruguay,Serie A,Inter Milan,Forward,29,180,76,Left,High,Low,93.0,93.3,78.9,73.0,90.1,82.6,79.7,86.7,75.1,64.6,75.1,91.6,78.5,42.3,38.2,31.5,68.3,83.4,71.1,74.4,2711,34,0.75,0.26,65.0,40.0,9.59,21.04,85.1,Elite,2
PLR-2677,Mike Mendes #1778,Nigeria,Ligue 1,Lille,Midfielder,23,184,75,Right,Medium,High,64.7,68.5,70.0,63.1,74.4,75.0,84.7,79.1,92.7,76.5,74.5,79.2,72.8,61.9,68.7,57.4,75.3,72.1,74.0,74.6,1404,18,0.25,0.68,86.2,57.4,9.8,13.36,79.1,Star,1
PLR-2678,Moises Saka #1779,Norway,Bundesliga,RB Leipzig,Forward,29,170,79,Left,Medium,Medium,93.6,96.1,75.9,84.3,91.0,76.9,82.4,89.7,81.4,67.2,81.1,90.2,88.9,49.9,38.9,33.8,81.8,89.3,88.2,61.4,3183,38,0.75,0.47,70.2,40.0,9.5,24.34,86.3,Elite,2
PLR-2679,Mike Smith #1780,Germany,Ligue 1,Paris Saint-Germain,Defender,32,181,74,Right,Medium,Low,80.4,64.6,77.2,93.8,74.0,78.3,72.6,66.3,76.7,80.5,72.1,34.7,73.3,98.0,91.1,98.0,76.7,90.1,88.0,75.3,2423,31,0.01,0.23,72.0,82.6,8.92,27.04,91.7,Elite,2
PLR-2680,Ruben Mendes #1781,Colombia,Serie A,Lazio,Midfielder,28,169,77,Right,Medium,High,65.9,80.5,81.9,63.1,85.3,61.0,78.6,83.9,84.6,79.7,72.2,68.2,73.4,59.4,73.7,71.0,78.0,72.7,67.1,88.3,2007,25,0.06,0.58,77.5,59.9,10.68,7.0,79.1,Star,1
PLR-2681,Jude Courtois #1782,Brazil,Premier League,Manchester City,Goalkeeper,19,189,85,Right,Medium,Medium,57.9,56.6,45.5,92.3,74.6,95.2,41.1,34.2,65.4,59.0,28.2,20.1,80.9,45.0,25.2,31.9,74.2,72.5,80.9,66.7,996,12,0.0,0.01,53.0,50.0,3.9,40.69,88.6,Elite,2
PLR-2682,Darwin Dias #1783,England,Premier League,Manchester City,Defender,23,177,84,Right,High,Medium,62.0,62.9,75.8,78.6,62.2,68.2,65.1,69.3,71.3,65.3,49.7,32.9,65.0,76.1,81.8,72.9,62.1,66.9,62.3,,2144,27,0.04,0.15,72.0,71.7,8.87,9.74,75.3,Star,1
PLR-2683,Jamal Fernandez #1784,Canada,Bundesliga,Bayer Leverkusen,Defender,26,185,79,Right,High,Medium,64.6,71.5,80.3,86.3,63.0,70.6,63.9,59.4,71.1,75.8,57.1,37.4,63.0,90.3,91.4,90.0,76.1,67.6,69.8,75.9,2069,26,0.02,0.09,72.0,84.1,8.77,15.22,84.8,Elite,2
PLR-2684,Rodri Donnarumma #1785,Morocco,La Liga,Girona,Forward,26,177,76,Right,Medium,High,80.2,84.5,69.2,69.6,66.2,58.0,79.7,87.2,71.3,57.5,66.9,87.5,87.3,30.0,42.4,30.0,68.0,72.1,78.5,67.3,2107,27,0.69,0.24,65.0,40.0,8.8,13.93,82.5,Elite,2
PLR-2685,Jan Wirtz #1786,England,Serie A,AC Milan,Defender,29,191,82,Right,Medium,Medium,73.4,84.0,87.2,94.0,66.4,91.3,70.0,65.7,77.1,77.2,64.5,53.4,69.4,88.2,89.3,82.8,60.4,69.7,84.8,71.4,2678,34,0.01,0.06,72.0,81.6,8.75,19.65,85.1,Elite,2
PLR-2686,Virgil Bellingham #1787,Norway,Ligue 1,Nice,Goalkeeper,29,189,82,Left,Low,High,44.9,58.9,41.6,89.0,63.0,80.8,43.7,33.3,51.1,66.4,28.0,32.1,60.8,36.6,27.4,29.2,80.6,82.4,64.1,79.4,1522,19,0.0,0.01,48.0,50.0,3.8,26.49,87.7,Elite,2
PLR-2687,Erling Traore #1788,Morocco,Bundesliga,Bayern Munich,Midfielder,27,186,73,Left,Medium,Medium,68.1,76.2,87.7,72.6,75.1,68.4,79.3,73.1,88.4,80.2,71.1,65.4,70.5,61.1,54.6,51.2,81.6,65.4,64.4,,2029,26,0.18,0.65,78.2,52.0,11.72,12.18,79.1,Star,1
PLR-2688,Trent Wirtz #1789,Portugal,Bundesliga,Eintracht Frankfurt,Midfielder,31,192,80,Right,Medium,Low,59.2,61.9,76.5,71.0,58.6,52.1,72.8,66.3,73.7,68.0,63.3,49.4,59.5,63.2,50.6,56.8,68.6,64.6,57.8,81.7,2434,31,0.02,0.47,75.0,52.0,10.15,0.5,69.9,Developing,0
PLR-2689,Son Hernandez #1790,Canada,La Liga,Girona,Defender,29,183,78,Left,High,Medium,52.0,59.0,70.5,69.2,55.9,66.6,53.4,58.0,65.5,60.8,60.1,41.9,59.9,76.1,80.1,76.4,63.6,74.4,81.5,61.3,1780,22,0.04,0.01,72.0,72.4,8.5,3.6,74.2,Star,1
PLR-2690,Jude De Bruyne #1791,Germany,Ligue 1,Paris Saint-Germain,Forward,23,182,81,Left,Medium,Low,82.4,88.4,85.5,70.8,81.5,77.5,77.0,79.8,79.2,65.1,67.1,88.6,81.6,44.2,40.8,22.2,67.0,71.9,72.1,70.1,2340,30,0.51,0.31,65.0,40.0,9.94,10.41,78.7,Star,1
PLR-2691,Dominik Tanaka #1792,South Korea,Serie A,Napoli,Midfielder,24,176,68,Right,High,Low,65.6,68.6,78.0,67.1,68.2,59.3,76.9,69.9,78.7,74.8,67.3,67.9,67.2,65.3,64.7,50.8,80.0,68.6,56.6,75.3,1525,19,0.18,0.6,75.0,55.3,10.82,9.1,74.2,Star,1
PLR-2692,Eduardo Van Dijk #1793,South Korea,Ligue 1,Nice,Midfielder,25,173,76,Right,High,Low,70.7,71.7,75.1,67.5,72.1,55.3,73.9,70.1,82.7,74.4,70.5,69.3,64.4,61.5,68.9,46.9,71.6,69.1,67.1,67.7,2930,37,0.15,0.52,79.4,58.7,9.8,2.56,73.6,Star,1
PLR-2693,Jan Dias #1794,Spain,Bundesliga,Bayern Munich,Forward,29,187,86,Left,Medium,Medium,95.7,99.0,82.2,91.3,95.5,91.3,95.4,92.3,90.5,80.9,86.6,99.0,97.5,48.8,49.3,41.4,80.2,90.3,83.8,70.3,2923,37,0.69,0.46,76.6,40.0,9.62,62.77,94.5,Elite,2
PLR-2694,Lucas Camavinga #1795,Germany,Serie A,Inter Milan,Midfielder,29,180,75,Right,High,High,78.2,80.5,93.1,74.8,87.1,65.5,85.5,89.1,,96.8,75.1,71.4,81.0,65.3,59.2,69.3,88.9,81.6,76.3,79.6,2041,26,0.24,0.85,89.6,53.5,12.29,35.84,90.0,Elite,2
PLR-2695,Victor Musiala #1796,Ghana,Ligue 1,Paris Saint-Germain,Forward,33,173,75,Right,High,Medium,75.9,81.9,81.0,70.5,81.7,81.5,87.2,86.5,72.5,69.7,74.9,87.4,81.3,42.2,48.5,29.6,84.0,85.5,72.9,79.1,2047,26,0.43,0.31,65.0,40.0,9.23,9.21,82.5,Elite,2
PLR-2696,Jude Kroos #1797,Norway,Ligue 1,Nice,Forward,25,184,68,Left,Low,High,74.9,71.8,66.3,54.9,67.3,65.5,72.3,71.6,64.0,47.2,65.1,75.2,60.1,44.4,35.4,34.5,58.5,71.6,65.7,83.4,1851,23,0.32,0.02,65.0,40.0,8.8,3.1,70.3,Developing,0
PLR-2697,Ruben Garcia #1798,Germany,Premier League,Arsenal,Forward,30,177,77,Right,High,Medium,80.1,89.3,76.7,63.6,79.0,79.7,89.9,87.6,76.5,65.7,77.1,89.9,86.5,54.8,34.0,36.6,73.7,78.6,72.2,72.1,1999,25,0.67,0.25,65.0,40.0,8.81,14.3,83.6,Elite,2
PLR-2698,Gianluigi Kroos #1799,USA,Serie A,Lazio,Goalkeeper,26,191,84,Right,Low,Low,38.3,36.7,40.0,60.6,51.0,57.0,38.5,27.6,44.1,45.9,20.2,24.5,45.0,30.1,18.0,15.0,57.8,67.7,50.8,80.8,1914,24,0.0,0.01,48.0,50.0,3.8,0.5,66.3,Developing,0
PLR-2699,Achraf Moreno #1800,Morocco,Bundesliga,VfB Stuttgart,Midfielder,28,185,72,Right,High,Medium,60.5,62.3,71.7,52.3,65.3,57.0,74.9,68.9,74.3,71.2,67.0,50.0,66.5,51.5,47.9,50.0,67.3,62.3,61.0,63.3,2912,37,0.02,0.47,75.0,52.0,9.8,3.56,69.5,Developing,0
PLR-2700,Marcus Garcia #1801,Uruguay,Ligue 1,Monaco,Goalkeeper,29,186,78,Right,Medium,High,47.8,63.4,45.4,90.3,71.5,88.0,43.7,37.7,57.6,69.6,27.6,17.2,74.2,44.4,31.3,24.8,80.0,79.5,90.0,58.9,2278,29,0.0,0.01,49.7,50.0,3.81,58.04,93.7,Elite,2
PLR-2701,Ederson Mbappe #1802,Portugal,Ligue 1,Rennes,Midfielder,18,179,73,Left,High,High,69.1,61.3,83.9,70.7,74.9,66.6,73.2,76.0,76.8,72.0,72.4,74.4,68.0,64.9,63.4,57.3,71.5,69.4,72.5,73.1,2277,29,0.17,0.43,75.0,53.3,10.72,7.1,75.3,Star,1
PLR-2702,Vinicius Garcia #1803,England,La Liga,Villarreal,Midfielder,25,189,69,Right,High,Low,75.6,83.0,87.7,71.9,87.8,77.4,84.5,78.8,87.7,79.6,81.5,66.3,76.9,72.4,67.0,57.0,79.3,71.7,79.0,78.1,1824,23,0.16,0.75,81.8,59.5,11.03,10.5,82.0,Elite,2
PLR-2703,Liam Camavinga #1804,Senegal,La Liga,Real Sociedad,Midfielder,23,181,73,Right,High,Low,82.9,77.4,99.0,77.9,85.1,78.8,92.4,90.4,99.0,93.8,84.3,71.9,88.5,75.2,76.1,66.1,90.8,89.0,69.9,77.2,1653,21,0.24,0.83,93.6,59.6,12.01,67.06,92.8,Elite,2
PLR-2704,Osimhen Donnarumma #1805,Argentina,La Liga,Barcelona,Midfielder,20,173,76,Left,High,Medium,71.5,74.2,86.9,73.9,76.5,63.3,81.2,80.6,85.4,82.9,82.0,72.8,77.1,77.4,68.5,68.7,68.6,73.0,70.7,61.7,3404,38,0.13,0.55,76.8,52.0,11.49,13.97,78.9,Star,1
PLR-2705,Julian Saka #1806,Nigeria,Premier League,Arsenal,Forward,21,183,71,Right,Medium,Medium,66.2,67.7,63.6,51.8,60.0,62.8,63.2,63.7,50.0,46.0,51.0,65.0,58.4,30.1,38.0,31.4,51.8,51.8,53.4,79.2,2116,27,0.12,0.02,65.0,40.0,8.8,3.4,60.8,Developing,0
PLR-2706,Declan De Bruyne #1807,Morocco,Serie A,Fiorentina,Defender,20,184,79,Right,Medium,Medium,66.6,65.6,72.6,79.6,64.2,77.7,67.4,66.7,69.1,68.6,60.5,46.3,65.2,80.7,76.2,79.8,61.6,61.1,71.9,71.5,2369,30,0.01,0.04,72.0,76.9,9.09,8.46,74.6,Star,1
PLR-2707,Federico Foden #1808,Croatia,Bundesliga,VfB Stuttgart,Forward,22,183,77,Right,High,High,67.8,75.1,55.5,67.3,68.3,59.0,70.2,66.3,60.3,50.3,56.7,71.7,69.8,42.4,27.2,25.5,54.5,62.4,69.2,68.9,2720,34,0.28,0.11,65.0,40.0,8.8,1.09,66.0,Developing,0
PLR-2708,Alejandro Bastoni #1809,Canada,Ligue 1,Paris Saint-Germain,Midfielder,27,176,77,Right,Medium,High,76.1,77.6,97.1,73.6,83.3,79.1,90.6,84.3,86.9,95.4,89.0,77.1,87.6,75.0,68.6,73.2,94.3,83.9,84.5,72.9,1957,25,0.22,0.67,78.1,55.8,12.37,35.15,89.3,Elite,2
PLR-2709,Achraf Wirtz #1810,England,Bundesliga,Bayern Munich,Defender,22,182,77,Right,High,Medium,67.9,72.5,71.4,85.0,73.0,81.3,68.6,55.2,,66.3,57.7,44.8,71.2,75.6,93.2,81.1,75.2,79.2,82.8,71.9,3093,38,0.0,0.05,72.0,82.0,8.89,15.34,80.4,Star,1
PLR-2710,Son Traore #1811,Italy,Bundesliga,Bayern Munich,Forward,29,173,82,Right,Medium,Medium,67.3,77.3,66.3,60.4,64.3,73.4,66.1,66.5,59.5,46.8,55.0,73.9,68.7,38.0,25.0,31.3,56.6,64.9,60.5,73.7,2359,30,0.29,0.03,65.0,40.0,8.83,2.49,67.4,Developing,0
PLR-2711,Ederson Tanaka #1812,South Korea,Bundesliga,VfB Stuttgart,Forward,21,180,69,Left,Medium,Medium,76.9,87.7,87.4,72.8,81.7,72.7,83.2,88.6,76.5,64.1,76.4,89.7,84.5,49.3,33.4,34.4,66.1,76.3,77.7,65.1,1567,20,0.7,0.23,66.3,40.0,10.01,17.54,83.5,Elite,2
PLR-2712,Theo Silva #1813,Ghana,Ligue 1,Lille,Defender,23,177,75,Right,High,Medium,65.0,65.5,74.1,85.6,58.7,74.6,61.2,60.6,66.0,64.8,55.1,39.7,63.7,78.1,84.5,77.1,69.4,65.2,75.1,60.9,1630,20,0.17,0.12,72.0,75.7,8.68,11.99,78.4,Star,1
PLR-2713,Alessandro Silva #1814,Croatia,Bundesliga,Bayern Munich,Midfielder,23,191,75,Left,High,High,72.3,73.7,73.2,69.9,66.4,62.8,69.7,74.5,75.2,84.8,69.3,62.2,64.2,62.0,60.2,51.3,79.2,70.7,59.4,66.0,2362,30,0.05,0.61,75.0,53.2,9.8,6.07,75.1,Star,1
PLR-2714,Enzo Moreno #1815,Colombia,Ligue 1,Lille,Forward,30,180,87,Right,High,Medium,64.4,77.0,57.0,55.3,60.1,52.0,68.8,61.8,64.8,54.0,58.5,71.7,66.6,30.0,33.9,22.9,58.0,62.9,56.3,73.4,1576,20,0.23,0.05,65.0,40.0,8.8,4.15,66.1,Developing,0
PLR-2715,Osimhen Alvarez #1816,Germany,La Liga,Real Sociedad,Goalkeeper,25,182,85,Right,Medium,Medium,44.3,56.7,42.1,82.3,63.4,84.0,37.5,26.6,49.6,53.6,24.1,19.4,64.8,30.8,35.2,21.2,69.8,81.1,73.2,70.4,1589,20,0.0,0.01,48.0,50.0,3.8,10.9,81.0,Star,1
PLR-2716,Thibaut Foden #1817,Belgium,Serie A,Napoli,Forward,29,183,64,Left,High,Low,80.2,74.2,58.2,53.1,72.7,71.7,80.2,71.4,57.5,66.1,67.5,77.1,71.2,36.2,32.7,31.8,67.3,69.6,55.1,80.2,1986,25,0.31,0.09,65.0,40.0,8.8,2.5,74.3,Star,1
PLR-2717,Darwin Wirtz #1818,Canada,Ligue 1,Paris Saint-Germain,Defender,23,182,81,Right,High,Low,64.2,61.6,66.3,73.3,53.9,64.3,56.3,53.6,61.1,60.3,50.5,36.6,52.6,71.7,77.7,66.6,58.4,60.0,67.6,73.5,3120,38,0.01,0.05,72.0,71.9,8.5,3.31,71.7,Star,1
PLR-2718,Khvicha Kroos #1819,South Korea,Ligue 1,Paris Saint-Germain,Goalkeeper,25,193,81,Left,Medium,Medium,45.9,35.0,40.0,55.0,54.4,62.1,41.1,26.4,40.0,42.0,26.2,16.7,45.0,25.0,22.4,15.0,54.5,57.0,68.0,76.9,1971,25,0.0,0.0,48.0,50.0,3.8,3.49,61.3,Developing,0
PLR-2719,William Williams #1820,Argentina,Serie A,Juventus,Forward,25,176,76,Right,Medium,Low,74.8,72.3,66.4,54.6,70.2,59.7,67.1,66.9,59.5,49.5,62.8,81.8,63.6,41.2,38.6,27.7,57.5,67.9,58.6,76.6,1307,16,0.56,0.09,65.0,40.0,8.8,5.9,72.4,Star,1
PLR-2720,Jude Oblak #1821,Colombia,Ligue 1,Nice,Forward,23,186,73,Right,Medium,Medium,76.9,80.4,73.1,69.8,86.4,78.8,74.2,72.0,73.1,65.4,69.9,85.5,79.3,35.9,27.9,27.8,65.4,79.7,70.8,71.5,1549,19,0.44,0.24,65.0,40.0,8.81,9.95,77.5,Star,1
PLR-2721,Mateo Courtois #1822,Croatia,Bundesliga,VfB Stuttgart,Forward,30,182,76,Left,Medium,Medium,64.3,66.6,55.0,56.7,60.0,56.6,65.2,71.7,56.0,55.7,49.2,67.6,65.7,37.5,38.0,25.7,52.2,57.6,52.2,77.2,1358,17,0.31,0.02,65.0,40.0,8.8,1.32,65.8,Developing,0
PLR-2722,Gianluigi Rice #1823,Senegal,Premier League,Newcastle,Midfielder,19,186,75,Right,High,High,55.0,64.3,,68.1,63.6,64.4,67.8,72.4,72.1,72.5,62.8,70.7,70.0,56.2,52.8,59.6,51.7,56.6,61.6,79.0,2140,27,0.25,0.3,75.0,52.0,9.8,3.31,65.9,Developing,0
PLR-2723,Mateo Maignan #1824,Netherlands,Ligue 1,Paris Saint-Germain,Forward,19,179,79,Right,Medium,Medium,86.6,84.3,92.9,79.9,91.5,83.3,94.5,94.7,84.0,70.8,77.6,97.0,87.3,48.5,45.8,41.7,69.5,75.9,73.3,75.7,1893,24,0.59,0.37,68.0,40.0,10.49,53.64,90.8,Elite,2
PLR-2724,Alessandro Hakimi #1825,Colombia,Bundesliga,VfB Stuttgart,Defender,31,183,82,Right,Medium,Low,63.8,63.4,66.9,75.0,64.1,70.1,60.6,58.8,68.8,65.3,58.3,43.8,60.6,80.7,85.4,75.6,59.5,74.3,78.3,63.5,2570,32,0.07,0.03,72.0,79.6,8.5,7.95,77.6,Star,1
PLR-2725,Khvicha Saka #1826,France,Serie A,Juventus,Forward,24,185,73,Right,Low,Medium,77.8,77.1,71.5,62.3,79.8,73.6,71.7,78.3,62.6,64.2,63.8,78.0,75.6,44.1,38.1,29.3,66.1,70.9,55.3,78.9,2929,37,0.44,0.18,65.0,40.0,8.8,8.55,76.2,Star,1
PLR-2726,Bruno Rodriguez #1827,Brazil,Serie A,Inter Milan,Midfielder,27,175,71,Right,Medium,High,65.9,63.6,77.3,61.0,66.8,53.6,69.6,61.1,67.7,71.4,66.4,58.0,66.1,52.0,60.7,55.8,63.5,75.2,52.3,82.3,1681,21,0.09,0.33,75.0,56.9,10.62,0.5,67.5,Developing,0
PLR-2727,Carlos Camavinga #1828,Portugal,La Liga,Athletic Club,Goalkeeper,27,182,84,Left,Low,Medium,50.7,61.8,46.9,83.5,66.6,81.5,46.7,41.6,49.3,64.7,22.9,25.9,60.4,46.8,32.2,27.7,76.8,91.3,88.9,68.2,3420,38,0.0,0.01,52.8,50.0,4.13,52.64,93.2,Elite,2
PLR-2728,Bruno Courtois #1829,Argentina,Bundesliga,Eintracht Frankfurt,Defender,18,191,88,Right,Medium,Medium,58.0,51.1,72.8,80.2,60.5,66.6,61.4,51.0,61.9,64.0,46.0,38.8,65.0,72.7,71.9,74.3,53.5,61.3,63.1,76.8,2012,25,0.07,0.04,72.0,69.3,8.5,4.71,69.0,Developing,0
PLR-2729,Enzo De Bruyne #1830,Netherlands,Premier League,Newcastle,Midfielder,29,187,80,Right,High,High,63.9,65.9,66.7,64.4,60.7,64.3,70.1,68.3,74.6,70.1,64.5,59.1,67.9,47.2,54.5,67.7,76.0,68.5,63.0,79.2,2511,32,0.09,0.51,75.0,52.0,9.8,0.5,67.4,Developing,0
PLR-2730,Kylian Martinez #1831,Uruguay,Bundesliga,RB Leipzig,Midfielder,23,171,67,Left,Low,Medium,62.3,67.2,73.1,71.7,66.4,60.4,75.6,65.5,70.9,75.2,68.0,58.1,67.8,61.5,52.5,58.1,67.2,67.7,64.5,74.0,2751,35,0.14,0.54,75.0,52.0,10.12,7.4,69.6,Developing,0
PLR-2731,Alisson Hakimi #1832,France,La Liga,Real Madrid,Midfielder,27,173,70,Left,Medium,Medium,55.0,64.9,68.4,57.0,68.8,51.4,64.4,59.1,78.5,74.3,65.6,48.0,56.5,58.4,55.7,48.7,69.2,63.9,61.9,76.1,3341,38,0.02,0.4,75.0,52.0,9.8,4.78,65.8,Developing,0
PLR-2732,Trent Barella #1833,Senegal,Ligue 1,Nice,Midfielder,25,185,76,Right,High,Low,73.5,69.3,82.0,58.7,76.3,74.8,83.6,74.4,79.2,81.8,80.1,65.1,72.3,58.7,58.8,56.4,77.8,74.4,59.6,72.7,2644,33,0.15,0.64,75.0,55.4,11.24,6.79,78.2,Star,1
PLR-2733,Erling Davies #1834,Colombia,Serie A,Lazio,Midfielder,27,192,66,Right,High,Medium,69.1,72.6,78.8,69.1,79.1,69.0,83.9,79.7,79.3,88.3,78.0,58.4,70.7,58.9,65.8,56.6,78.8,74.7,69.2,73.3,3109,38,0.08,0.54,75.0,52.0,9.87,9.21,77.9,Star,1
PLR-2734,Bukayo Tchouameni #1835,Nigeria,Bundesliga,VfB Stuttgart,Forward,30,186,71,Left,Medium,Medium,70.6,78.1,70.7,60.1,69.8,86.9,72.7,79.6,64.9,57.9,61.3,78.9,67.5,44.0,54.6,31.7,56.4,70.5,71.8,68.7,1370,17,0.38,0.17,65.0,40.0,8.8,1.45,72.4,Star,1
PLR-2735,Carlos Silva #1836,Croatia,La Liga,Villarreal,Defender,27,188,80,Left,Medium,High,56.6,53.6,58.0,72.4,57.1,65.8,50.8,46.4,55.0,53.6,51.2,31.6,48.7,68.4,69.2,68.8,55.9,61.1,54.9,71.8,1413,18,0.03,0.01,72.0,68.1,8.5,1.7,68.5,Developing,0
PLR-2736,Alexis Musiala #1837,USA,Serie A,AC Milan,Midfielder,24,172,74,Right,Low,Medium,79.5,79.4,92.0,70.6,82.5,68.3,90.7,84.2,91.9,92.3,70.2,74.5,83.3,77.7,74.2,72.7,92.0,89.5,87.3,65.0,2008,25,0.2,0.85,84.0,63.7,,44.87,89.5,Elite,2
PLR-2737,Julian Martinez #1838,Croatia,La Liga,Atletico Madrid,Forward,30,183,76,Right,Medium,Medium,79.0,75.8,61.4,60.3,66.7,73.1,68.3,81.5,65.2,50.8,64.6,87.7,74.0,53.2,27.1,33.1,67.8,68.6,67.1,80.8,2138,27,0.55,0.19,65.0,40.0,8.8,5.35,76.4,Star,1
PLR-2738,Luka Santos #1839,England,Premier League,Newcastle,Midfielder,27,183,75,Right,High,Medium,59.4,68.1,75.2,67.9,78.5,67.7,72.3,65.4,70.4,75.6,56.9,60.2,67.3,67.5,58.0,49.1,78.1,72.0,66.3,72.3,2441,31,0.02,0.37,75.0,52.0,9.8,5.76,70.8,Developing,0
PLR-2739,Enzo Davies #1840,USA,Premier League,Aston Villa,Midfielder,27,183,77,Right,Medium,Medium,63.5,71.6,76.8,64.0,66.8,53.5,74.5,67.7,,71.3,75.9,61.9,64.4,52.5,49.9,56.1,70.0,68.4,61.5,,2387,30,0.15,0.49,75.0,52.0,9.8,3.96,71.4,Star,1
PLR-2740,Erling Rice #1841,Argentina,Premier League,Liverpool,Defender,23,187,79,Right,High,Medium,71.5,66.3,72.4,89.0,65.8,81.6,70.9,68.4,72.5,72.5,56.0,44.1,64.2,86.4,90.6,86.2,71.5,73.7,84.2,71.6,3420,38,0.02,0.05,72.0,81.1,8.5,29.24,86.1,Elite,2
PLR-2741,Osimhen Courtois #1842,Norway,Serie A,AC Milan,Defender,26,188,78,Right,Low,High,76.7,75.5,75.5,78.7,70.9,83.8,66.6,67.1,75.2,76.2,63.4,44.6,73.1,88.3,91.3,80.0,70.7,79.3,77.0,75.8,2029,26,0.0,0.12,72.0,82.2,9.04,18.13,84.4,Elite,2
PLR-2742,Trent Hakimi #1843,Italy,Ligue 1,Rennes,Defender,29,191,82,Right,Medium,Medium,69.9,68.0,65.3,80.6,55.3,75.7,71.9,53.6,62.2,68.0,54.6,32.7,62.6,78.8,77.2,74.1,66.3,65.9,70.1,63.1,936,12,0.06,0.15,72.0,70.1,8.5,9.3,76.2,Star,1
PLR-2743,Luka Bastoni #1844,Germany,Bundesliga,Eintracht Frankfurt,Forward,24,178,77,Right,Medium,Medium,79.4,82.8,85.3,79.5,83.6,71.8,79.5,86.7,,62.3,67.9,89.2,84.3,48.1,32.1,31.1,68.7,73.6,69.7,72.6,1916,24,0.7,0.24,65.0,40.0,9.84,18.42,80.9,Star,1
PLR-2744,Son Oblak #1845,Croatia,Serie A,Roma,Midfielder,31,178,68,Left,High,Medium,74.9,82.0,,75.8,89.3,81.4,94.3,94.3,99.0,92.3,89.4,78.9,85.6,77.3,78.6,64.1,98.0,87.0,84.5,67.5,2723,34,0.14,0.85,87.4,60.7,12.12,29.42,92.1,Elite,2
PLR-2745,Rafael Bellingham #1846,Ghana,Serie A,Lazio,Midfielder,20,187,80,Left,High,Medium,69.7,75.0,90.2,83.3,79.9,68.5,92.9,91.5,87.7,89.2,73.2,70.3,78.7,70.4,61.6,63.3,81.5,70.0,67.0,80.9,2664,34,0.16,0.63,76.2,52.4,11.66,21.75,83.9,Elite,2
PLR-2746,Carlos Jones #1847,Ghana,Premier League,Newcastle,Forward,25,173,69,Right,Medium,High,80.6,79.7,76.2,62.5,80.5,65.5,79.1,86.8,73.3,62.5,74.5,83.7,77.5,44.4,35.5,29.2,70.1,81.0,58.5,73.3,2086,26,0.5,0.26,65.0,40.0,,11.43,81.8,Star,1
PLR-2747,Florian Camavinga #1848,Nigeria,Serie A,Lazio,Forward,22,196,74,Right,Medium,High,74.3,74.4,61.0,67.1,70.0,68.7,70.8,81.5,63.2,45.5,60.9,78.1,73.7,42.7,30.5,39.4,63.4,68.6,66.2,79.1,1915,24,0.25,0.19,65.0,40.0,8.8,5.34,73.1,Star,1
PLR-2748,Vinicius Fernandez #1849,Canada,Premier League,Tottenham,Defender,32,189,80,Right,Medium,Medium,61.9,71.8,,87.3,66.2,74.1,65.8,68.7,77.9,78.9,60.4,44.9,64.5,92.0,89.9,81.6,73.8,79.0,91.2,55.3,1803,23,0.01,0.08,72.0,85.1,9.51,13.17,83.9,Elite,2
PLR-2749,Luka Garcia #1850,Italy,Ligue 1,Nice,Forward,24,173,75,Left,Low,High,76.1,83.1,67.3,65.8,73.1,74.5,79.7,76.4,63.5,57.8,49.7,82.3,70.1,38.5,38.6,28.2,66.7,67.8,68.9,69.8,2753,35,0.41,0.21,65.0,40.0,8.8,7.32,76.0,Star,1
PLR-2750,Alessandro Barella #1851,South Korea,Bundesliga,Bayer Leverkusen,Midfielder,26,185,69,Left,Low,Medium,64.4,70.8,80.0,66.4,74.5,71.5,70.8,73.6,85.3,69.8,76.0,57.2,70.9,60.5,59.1,38.0,65.4,65.1,66.0,82.5,1456,18,0.06,0.4,80.0,52.0,10.49,3.34,75.9,Star,1
PLR-2751,Theo Mbappe #1852,Japan,Ligue 1,Paris Saint-Germain,Forward,33,183,78,Right,Medium,High,71.5,75.1,60.2,63.2,73.2,69.4,63.0,75.7,60.4,52.6,67.7,83.5,71.5,40.9,39.1,28.9,66.5,69.1,58.7,71.4,2993,38,0.63,0.26,65.0,40.0,8.8,5.68,72.7,Star,1
PLR-2752,Kaoru Hakimi #1853,Belgium,Serie A,Inter Milan,Forward,22,177,69,Right,Low,Medium,80.9,86.3,71.9,69.8,82.5,72.6,80.6,84.2,69.9,60.3,62.3,83.8,75.9,43.2,43.0,37.8,70.9,72.1,69.7,69.1,2213,28,0.5,0.19,65.0,40.0,8.8,15.06,80.4,Star,1
PLR-2753,Moises De Bruyne #1854,Canada,Premier League,Manchester United,Forward,24,188,77,Right,Medium,Medium,84.2,74.8,66.1,67.9,70.2,55.5,74.5,73.5,66.5,60.4,66.4,79.9,73.8,42.2,28.2,28.4,62.1,65.9,71.8,72.1,2758,35,0.34,0.17,65.0,40.0,8.8,8.93,75.1,Star,1
PLR-2754,Takefusa Barella #1855,Morocco,Serie A,Juventus,Goalkeeper,25,190,80,Right,High,Medium,52.5,40.9,40.0,76.5,55.5,75.4,45.9,29.2,53.5,62.7,20.0,20.5,58.2,32.0,28.2,18.5,75.4,80.3,55.2,74.9,2210,28,0.0,0.02,48.0,50.0,3.8,13.4,81.4,Star,1
PLR-2755,Alejandro Santos #1856,USA,Premier League,Manchester United,Defender,26,190,87,Right,High,Medium,76.6,63.1,87.0,80.5,55.1,76.4,61.2,47.6,70.9,65.4,63.2,39.3,57.3,75.8,76.8,80.8,68.9,67.4,68.9,71.4,1498,19,0.03,0.12,72.0,69.8,9.66,6.77,76.1,Star,1
PLR-2756,Nicolo Haaland #1857,Japan,Bundesliga,Eintracht Frankfurt,Goalkeeper,23,191,81,Right,Medium,Medium,51.3,54.0,48.4,77.2,66.7,66.7,42.8,27.7,57.6,58.0,20.0,23.3,64.5,35.8,27.2,24.2,68.6,77.8,65.1,77.0,2421,31,0.0,0.0,48.0,50.0,3.8,12.88,78.1,Star,1
PLR-2757,Ruben Martinez #1858,France,Ligue 1,Marseille,Midfielder,28,178,71,Right,Low,Low,74.5,63.9,68.8,67.7,73.3,67.5,76.5,76.4,80.3,81.3,72.6,67.9,71.8,58.5,50.8,58.6,74.2,67.9,66.0,66.7,1357,17,0.11,0.61,78.5,52.0,9.8,7.4,74.5,Star,1
PLR-2758,Son Courtois #1859,Netherlands,Premier League,Arsenal,Forward,34,182,73,Right,Medium,High,71.5,64.9,72.2,64.3,72.3,66.2,72.6,75.8,55.3,57.4,70.1,76.5,74.4,35.0,25.0,25.1,64.7,63.6,64.7,69.0,2795,35,0.41,0.23,65.0,40.0,9.12,0.5,73.4,Star,1
PLR-2759,Florian Hernandez #1860,Nigeria,Premier League,Liverpool,Midfielder,29,185,68,Right,Medium,Low,66.5,67.3,77.8,65.8,65.9,54.4,72.2,76.0,78.0,81.0,56.2,62.2,63.8,65.7,57.0,49.8,73.9,64.2,56.0,83.0,2096,26,0.12,0.42,75.0,52.0,10.34,3.92,71.2,Star,1
PLR-2760,Moises Dias #1861,Senegal,La Liga,Real Madrid,Midfielder,27,187,74,Right,Low,Medium,74.6,70.0,92.2,65.3,77.6,65.9,73.5,70.2,77.4,87.2,79.2,76.7,63.8,57.3,65.8,54.6,78.1,75.9,77.5,71.0,2146,27,0.13,0.53,75.0,58.7,,6.66,77.8,Star,1
PLR-2761,Mike Valverde #1862,USA,Premier League,Arsenal,Defender,25,180,85,Right,Medium,High,72.8,75.7,75.7,91.8,74.3,79.3,69.2,56.9,75.2,71.8,64.7,47.4,71.2,88.2,94.8,90.8,74.2,78.7,86.3,68.3,1956,25,0.0,0.19,72.0,85.8,8.62,25.86,87.6,Elite,2
PLR-2762,Luka Mueller #1863,Croatia,Premier League,Arsenal,Forward,18,182,76,Right,Medium,Medium,63.1,76.3,67.1,53.8,71.2,63.1,70.5,75.6,68.5,54.2,64.3,70.4,67.8,33.3,39.1,39.5,65.7,50.3,57.0,70.8,1524,19,0.26,0.21,65.0,40.0,8.8,3.38,68.1,Developing,0
PLR-2763,Kylian Mueller #1864,South Korea,Ligue 1,Nice,Midfielder,25,167,69,Right,Medium,Medium,74.1,72.3,85.8,72.7,80.2,72.2,79.3,76.9,77.5,87.9,73.5,59.2,74.9,70.9,63.3,61.8,77.6,75.8,73.7,70.4,906,11,0.02,0.6,75.0,52.0,11.18,3.44,77.0,Star,1
PLR-2764,Lucas Tchouameni #1865,Colombia,Serie A,Lazio,Forward,24,190,76,Left,High,Low,83.4,83.2,75.8,66.9,69.6,77.0,71.7,87.5,68.6,55.1,68.5,86.1,86.0,47.0,41.0,30.2,75.0,79.2,65.5,67.0,3296,38,0.5,0.27,65.0,40.0,9.81,20.26,83.1,Elite,2
PLR-2765,Rodri Diallo #1866,Italy,Serie A,Roma,Midfielder,28,188,68,Right,Medium,High,76.9,74.3,88.2,76.4,74.2,65.8,82.1,81.1,90.3,78.9,75.9,71.0,80.4,63.3,70.0,63.2,75.7,79.7,75.7,66.3,2373,30,0.17,0.62,86.4,65.2,12.21,15.22,81.8,Star,1
PLR-2766,Alisson Alvarez #1867,Italy,La Liga,Real Madrid,Defender,22,184,85,Left,Medium,High,80.1,72.4,78.2,86.0,63.0,76.0,64.3,63.7,74.5,72.3,57.4,37.4,70.6,85.6,93.0,81.5,67.1,80.0,79.1,70.1,2266,29,0.11,0.07,72.0,91.6,9.07,27.29,85.3,Elite,2
PLR-2767,Alessandro Santos #1868,Belgium,Bundesliga,Bayern Munich,Midfielder,22,168,78,Right,Medium,Medium,65.0,62.1,76.4,75.0,76.8,71.0,83.4,84.7,82.0,80.6,75.3,73.3,66.9,62.1,62.6,59.4,80.2,71.3,69.3,70.9,2715,34,0.08,0.63,75.0,54.0,9.8,7.97,77.6,Star,1
PLR-2768,Declan Van Dijk #1869,USA,Ligue 1,Lille,Midfielder,28,177,79,Left,Medium,Medium,55.0,63.0,66.4,67.0,64.6,54.3,70.7,68.4,67.5,68.7,66.8,58.9,67.1,56.8,51.3,52.7,69.0,64.6,57.9,78.2,2675,34,0.05,0.41,75.0,52.0,9.8,1.86,63.8,Developing,0
PLR-2769,Mike Donnarumma #1870,Argentina,Premier League,Tottenham,Midfielder,23,182,69,Right,Low,High,81.4,85.9,96.0,83.9,82.4,81.7,98.6,94.4,96.4,98.0,87.1,87.8,88.6,76.1,74.7,63.3,89.5,85.5,79.2,67.2,2719,34,0.23,0.8,86.2,63.3,12.35,81.56,94.5,Elite,2
PLR-2770,Khvicha Hernandez #1871,Argentina,Serie A,Roma,Midfielder,26,184,72,Right,High,Low,86.6,86.0,99.0,81.4,91.0,75.3,89.3,93.7,98.6,98.0,80.9,78.5,83.7,72.2,75.3,57.1,98.0,89.9,80.6,69.0,2322,29,0.23,0.85,90.0,64.0,12.71,60.08,94.5,Elite,2
PLR-2771,Alexis Smith #1872,Japan,Serie A,Juventus,Defender,26,182,82,Right,High,Medium,83.8,83.5,91.2,92.9,75.3,85.0,77.7,75.0,80.7,88.1,64.2,51.3,83.3,99.0,99.0,98.0,75.6,90.0,91.0,76.0,2850,36,0.11,0.12,72.0,92.7,9.58,55.34,93.5,Elite,2
PLR-2772,Mateo Maignan #1873,Japan,Serie A,Juventus,Defender,23,185,80,Right,Medium,Medium,57.8,63.6,58.1,68.3,48.4,58.0,56.6,57.7,57.7,53.4,43.2,42.4,55.2,69.3,66.4,65.4,58.4,54.5,66.9,73.9,1509,19,0.0,0.09,72.0,62.0,8.5,0.5,65.0,Developing,0
PLR-2773,Enzo Bastoni #1874,Uruguay,La Liga,Barcelona,Goalkeeper,24,189,87,Right,High,High,44.8,35.9,40.0,76.9,61.4,63.6,35.5,34.1,50.7,42.0,24.0,26.7,56.9,25.0,33.3,22.7,59.1,70.7,66.1,71.2,1596,20,0.0,0.01,48.0,50.0,3.8,6.15,69.6,Developing,0
PLR-2774,Alejandro Diallo #1875,Colombia,Serie A,Juventus,Defender,33,179,81,Left,Medium,High,52.0,57.9,63.7,69.0,51.8,68.7,54.6,49.4,56.9,69.8,50.0,31.1,48.0,67.9,71.0,76.4,58.7,64.7,68.2,74.9,2783,35,0.0,0.1,72.0,67.5,8.5,3.08,68.1,Developing,0
PLR-2775,Luka Haaland #1876,Morocco,La Liga,Real Madrid,Midfielder,31,171,68,Right,Medium,High,58.4,61.0,69.6,61.8,64.3,49.9,69.1,67.1,71.2,69.3,66.5,62.4,57.8,62.8,52.3,52.0,72.0,66.9,55.6,79.6,1317,16,0.12,0.42,75.0,52.0,9.8,0.5,68.5,Developing,0
PLR-2776,Moises Hakimi #1877,Spain,Premier League,Liverpool,Defender,25,187,70,Right,Low,High,77.6,67.8,63.1,78.1,73.8,74.4,59.2,55.2,67.5,74.5,49.7,40.8,58.9,85.7,89.2,84.3,68.3,74.6,73.9,81.2,2183,27,0.01,0.11,72.0,80.0,8.66,11.1,81.6,Star,1
PLR-2777,Gabriel Hernandez #1878,Senegal,Serie A,Juventus,Midfielder,24,179,77,Left,Medium,High,71.1,76.4,87.9,61.5,80.1,66.9,87.0,79.2,83.8,84.7,70.5,77.2,78.1,73.1,70.5,57.8,84.8,80.8,77.4,70.8,2478,31,0.18,0.59,80.0,58.0,11.73,20.76,83.8,Elite,2
PLR-2778,Marcus Tchouameni #1879,Canada,Bundesliga,RB Leipzig,Forward,23,186,74,Right,Medium,High,91.5,91.0,70.9,81.2,86.7,82.9,87.9,89.6,74.9,61.8,76.2,89.1,86.2,45.2,37.1,37.0,72.1,71.4,66.3,76.2,1470,18,0.43,0.28,67.7,40.0,8.8,32.33,86.5,Elite,2
PLR-2779,Julian Williams #1880,South Korea,Ligue 1,Lille,Defender,26,188,75,Right,High,Medium,65.2,58.7,80.2,71.8,64.5,68.3,56.7,62.7,70.6,64.4,57.9,31.9,63.7,79.7,80.3,82.7,53.3,68.6,62.6,74.1,2549,32,0.02,0.01,72.0,73.1,9.6,4.15,76.6,Star,1
PLR-2780,Moises Kim #1881,Belgium,Ligue 1,Lille,Forward,31,178,86,Right,High,Low,74.3,75.8,65.8,68.9,81.5,63.6,69.7,75.3,62.8,61.7,65.3,83.3,77.9,37.5,31.1,41.4,68.7,73.8,71.8,73.6,1618,20,0.56,0.23,65.0,40.0,8.8,7.59,77.4,Star,1
PLR-2781,Gianluigi Barella #1882,Spain,Serie A,Lazio,Goalkeeper,27,190,81,Right,High,Low,43.0,44.3,40.0,68.0,57.2,65.8,39.9,33.0,40.0,42.0,23.3,17.7,53.4,32.1,18.6,20.3,56.7,64.5,59.2,69.4,2251,28,0.0,0.02,48.0,50.0,3.8,4.91,70.6,Developing,0
PLR-2782,Kaoru Modric #1883,Belgium,Premier League,Newcastle,Midfielder,27,176,74,Left,High,Low,64.7,69.7,78.2,61.5,68.4,59.5,75.8,68.4,72.1,72.3,78.3,66.2,64.3,49.2,60.0,57.1,78.4,68.0,63.5,71.2,3271,38,0.03,0.43,75.0,57.4,9.87,3.81,71.4,Star,1
PLR-2783,Florian Garcia #1884,Morocco,Ligue 1,Paris Saint-Germain,Midfielder,31,185,68,Right,Medium,Medium,61.1,59.8,70.3,49.6,64.3,48.7,66.5,63.8,68.4,69.8,61.9,71.2,66.5,56.6,48.0,46.4,73.8,60.7,55.9,81.0,1983,25,0.2,0.36,75.0,52.0,9.83,1.41,67.2,Developing,0
PLR-2784,Vinicius Barella #1885,Uruguay,Ligue 1,Paris Saint-Germain,Defender,25,185,77,Right,High,High,75.4,62.3,66.5,66.4,48.4,68.6,57.2,50.5,60.5,62.2,55.8,31.7,53.2,74.4,79.4,71.8,60.1,58.4,77.1,79.6,1591,20,0.05,0.01,72.0,73.5,8.5,1.85,71.4,Star,1
PLR-2785,William De Bruyne #1886,Italy,Bundesliga,Borussia Dortmund,Defender,30,191,77,Right,High,Medium,61.8,63.3,73.4,74.4,62.1,65.8,72.2,63.5,64.3,63.5,56.1,47.6,64.0,79.1,82.6,85.3,67.7,69.0,70.5,75.1,1379,17,0.04,0.01,72.0,69.9,9.14,4.47,77.5,Star,1
PLR-2786,Bruno Courtois #1887,Spain,La Liga,Villarreal,Midfielder,20,168,72,Left,Medium,Medium,72.9,68.6,86.2,77.0,76.2,76.1,86.6,78.8,90.1,86.6,76.0,70.8,74.0,61.4,58.0,66.5,82.1,72.4,78.3,64.7,2746,35,0.2,0.72,84.2,52.1,11.03,22.95,83.2,Elite,2
PLR-2787,Rodri Tchouameni #1888,Norway,Bundesliga,RB Leipzig,Midfielder,23,175,69,Right,Low,Medium,71.7,72.3,82.4,58.0,68.7,61.3,76.8,75.2,77.6,79.0,74.9,65.0,74.9,62.0,64.5,68.2,72.3,73.9,64.4,75.6,2378,30,0.12,0.57,75.0,53.6,,4.87,73.0,Star,1
PLR-2788,Son Foden #1889,South Korea,Serie A,Napoli,Forward,29,178,90,Right,High,Medium,70.2,72.6,63.1,69.2,62.2,63.9,68.9,72.5,61.0,48.7,66.5,69.5,77.9,39.8,37.9,30.3,66.6,61.8,68.2,71.6,1932,24,0.31,0.12,65.0,40.0,8.8,4.2,67.1,Developing,0
PLR-2789,Kylian Sato #1890,Colombia,Ligue 1,Lyon,Midfielder,27,174,78,Right,Medium,High,60.0,62.8,73.6,63.2,72.6,60.3,72.1,60.9,77.0,72.3,56.4,49.4,63.5,61.0,49.9,52.2,67.7,61.6,56.6,84.0,2274,29,0.02,0.44,75.0,52.0,10.39,3.49,69.0,Developing,0
PLR-2790,Alejandro Dias #1891,Italy,La Liga,Villarreal,Forward,23,183,76,Right,Medium,Low,91.5,82.8,67.4,83.6,89.1,69.6,76.4,93.5,80.1,69.6,79.4,93.3,84.7,31.1,38.3,34.6,73.3,77.2,69.1,72.6,1557,19,0.79,0.39,68.0,40.0,8.8,24.67,84.5,Elite,2
PLR-2791,Gabriel Bellingham #1892,Belgium,Serie A,Roma,Defender,24,180,80,Left,Medium,Medium,63.4,76.6,72.0,92.1,62.3,80.7,71.6,64.5,72.0,69.0,65.9,42.7,69.0,92.0,89.3,80.4,71.3,80.8,79.1,,2340,30,0.02,0.13,72.0,86.5,8.5,26.65,84.7,Elite,2
PLR-2792,Declan Camavinga #1893,Portugal,Premier League,Newcastle,Midfielder,26,175,66,Right,Medium,High,73.1,67.3,78.2,68.4,80.7,75.1,83.3,79.5,84.8,88.0,77.6,66.9,74.5,60.4,62.9,62.8,84.1,70.2,62.9,66.3,2384,30,0.07,0.71,75.0,52.0,10.31,8.0,80.1,Star,1
PLR-2793,Antony Saka #1894,Argentina,Bundesliga,RB Leipzig,Defender,25,181,75,Right,Low,Medium,75.5,75.8,76.0,87.0,69.4,81.7,67.2,66.7,66.8,63.5,73.4,32.0,61.0,88.7,81.7,87.4,74.1,71.3,69.9,74.6,2619,33,0.04,0.05,72.0,73.8,9.37,16.72,82.4,Elite,2
PLR-2794,Eduardo Valverde #1895,Senegal,Bundesliga,Bayern Munich,Forward,34,169,81,Right,High,High,73.8,73.6,73.7,76.0,82.5,74.7,77.9,87.6,82.5,76.0,70.3,86.0,82.1,35.4,37.3,35.2,73.8,82.8,73.6,76.4,1793,22,0.46,0.34,67.3,40.0,8.8,9.55,82.2,Elite,2
PLR-2795,Gianluigi Modric #1896,Nigeria,La Liga,Real Sociedad,Forward,30,184,68,Right,High,Medium,98.4,99.0,85.6,75.2,92.8,88.4,87.3,95.8,84.3,73.1,77.7,93.3,91.2,45.2,51.8,42.2,84.1,90.9,77.3,72.1,2204,28,0.67,0.44,69.6,40.8,10.35,33.4,92.6,Elite,2
PLR-2796,Jude Bastoni #1897,Argentina,Serie A,AC Milan,Defender,36,184,82,Right,Low,Medium,81.0,68.6,87.4,99.0,83.1,92.4,83.7,72.7,81.9,84.3,67.0,56.1,75.1,99.0,99.0,95.8,86.6,92.4,96.8,64.0,1676,21,0.11,0.16,72.0,92.1,9.45,39.83,94.5,Elite,2
PLR-2797,Carlos Moreno #1898,Norway,La Liga,Real Sociedad,Forward,27,185,78,Right,High,High,86.5,82.4,76.5,75.9,80.6,71.8,86.6,82.2,68.9,63.4,71.6,85.5,82.1,33.3,41.5,28.2,69.7,79.2,73.6,70.0,2678,34,0.6,0.24,65.0,40.0,9.23,16.09,83.9,Elite,2
PLR-2798,Moises Davies #1899,USA,Serie A,Lazio,Forward,24,185,66,Right,Medium,High,85.8,83.8,71.4,63.4,76.1,78.0,78.7,83.5,71.7,65.3,72.6,83.0,81.2,46.7,34.9,31.5,74.5,70.6,69.8,70.6,1235,15,0.45,0.28,65.0,40.0,8.8,17.76,81.0,Star,1
PLR-2799,Jamal Fernandez #1900,England,Serie A,Fiorentina,Forward,30,174,74,Right,High,Medium,75.4,81.4,73.7,66.8,75.5,66.1,77.3,80.8,69.8,68.3,65.5,77.5,83.8,30.0,34.0,26.7,66.8,70.7,71.5,77.3,2739,35,0.5,0.16,65.0,40.0,9.25,5.07,76.9,Star,1
PLR-2800,Alisson Garcia #1901,England,Bundesliga,Bayer Leverkusen,Goalkeeper,26,193,87,Right,High,Medium,53.2,56.0,48.1,77.3,60.2,73.8,37.4,25.0,52.7,55.0,30.8,15.6,54.2,46.3,18.0,15.5,68.5,69.2,64.6,72.8,2534,32,0.0,0.01,48.0,50.0,3.8,6.59,76.6,Star,1
PLR-2801,Carlos Maignan #1902,Ghana,Premier League,Tottenham,Defender,27,190,80,Right,Medium,Medium,69.5,66.4,75.0,83.3,72.3,83.6,72.6,67.5,69.8,66.2,52.1,45.0,64.0,88.7,92.6,89.3,70.6,73.6,80.5,73.1,2800,35,0.01,0.07,72.0,90.2,9.04,24.81,86.9,Elite,2
PLR-2802,Pedri Santos #1903,Netherlands,La Liga,Real Madrid,Midfielder,27,176,80,Left,Medium,Medium,68.2,62.1,68.0,56.5,67.1,46.3,71.2,69.2,68.7,68.1,54.0,60.2,65.0,56.7,45.5,40.1,64.8,67.3,49.0,83.1,2704,34,0.05,0.4,75.0,52.0,9.8,1.1,66.9,Developing,0
PLR-2803,Alejandro Saka #1904,USA,Ligue 1,Marseille,Midfielder,28,189,75,Right,Medium,Medium,67.4,76.1,87.3,76.0,83.4,62.9,80.3,74.9,90.8,87.9,75.6,65.4,78.0,75.1,73.3,54.9,83.9,76.5,75.7,69.1,1852,23,0.09,0.65,82.1,63.5,12.39,14.83,82.6,Elite,2
PLR-2804,Vinicius Tanaka #1905,Croatia,La Liga,Atletico Madrid,Midfielder,26,185,74,Left,Medium,Medium,79.2,82.9,87.6,71.4,77.8,69.6,88.2,81.7,92.5,85.4,76.7,66.8,80.9,59.4,74.0,68.1,91.7,74.3,76.7,70.2,2120,27,0.19,0.85,82.8,61.4,11.34,22.61,86.1,Elite,2
PLR-2805,Declan Camavinga #1906,USA,Bundesliga,VfB Stuttgart,Defender,28,187,80,Right,Medium,High,70.1,68.5,72.4,78.5,51.8,65.8,58.7,51.5,67.1,53.9,62.4,50.9,63.1,78.2,76.0,74.3,61.2,72.7,75.2,,1572,20,0.08,0.01,72.0,68.9,8.9,6.66,76.4,Star,1
PLR-2806,Jan Courtois #1907,South Korea,La Liga,Girona,Defender,20,185,85,Right,Medium,Medium,76.8,80.4,84.5,94.8,74.2,90.8,78.4,69.1,,78.2,55.4,44.8,71.5,85.2,99.0,89.9,77.5,80.6,73.8,65.1,2541,32,0.01,0.11,72.0,88.6,9.7,52.62,90.6,Elite,2
PLR-2807,Osimhen De Bruyne #1908,South Korea,La Liga,Atletico Madrid,Forward,31,183,69,Right,Medium,High,74.9,75.3,63.0,67.9,77.0,73.6,78.1,86.0,71.0,54.0,66.1,95.3,76.3,45.3,44.3,35.2,72.1,70.6,74.6,,601,8,0.68,0.14,65.0,40.0,8.8,11.82,82.8,Elite,2
PLR-2808,Takefusa Dias #1909,Ghana,Premier League,Chelsea,Forward,31,184,75,Right,Medium,Medium,75.6,68.2,67.6,55.5,67.6,60.3,58.0,71.2,58.1,55.2,58.8,68.0,66.4,35.2,32.8,31.1,59.2,66.5,61.8,66.5,3420,38,0.23,0.16,65.0,40.0,8.8,1.65,69.3,Developing,0
PLR-2809,Alphonso Smith #1910,Spain,Ligue 1,Monaco,Forward,23,188,74,Right,Medium,Low,86.5,86.1,78.2,67.5,83.1,77.9,81.9,80.1,66.8,59.7,64.3,78.8,78.3,43.1,38.6,46.1,64.6,72.9,70.5,74.7,1308,16,0.47,0.15,65.0,40.0,8.98,11.44,78.2,Star,1
PLR-2810,Alessandro Rice #1911,Italy,Serie A,Roma,Defender,19,186,84,Right,High,Medium,65.8,61.5,66.6,83.9,65.0,75.4,59.8,59.0,,63.1,56.9,41.4,68.1,73.3,84.2,75.0,64.1,62.6,77.1,53.3,2756,35,0.05,0.06,72.0,74.6,8.5,10.81,76.2,Star,1
PLR-2811,Federico Jones #1912,Netherlands,Premier League,Arsenal,Defender,20,191,85,Right,Medium,High,57.2,62.8,80.5,81.7,56.4,65.5,68.0,59.3,69.1,62.7,56.5,48.0,62.6,69.8,84.2,77.5,63.3,57.7,78.4,67.2,1963,25,0.01,0.01,72.0,79.2,8.91,8.47,74.8,Star,1
PLR-2812,Mike Tanaka #1913,Morocco,Serie A,Roma,Forward,21,179,76,Right,Medium,Medium,76.1,78.3,69.9,72.1,69.3,68.6,72.9,72.3,66.7,60.3,67.2,84.1,74.3,33.2,26.9,28.4,55.0,70.9,62.0,80.9,2060,26,0.5,0.14,65.0,40.0,8.8,5.8,74.4,Star,1
PLR-2813,Osimhen Musiala #1914,South Korea,Ligue 1,Paris Saint-Germain,Forward,22,196,76,Left,High,Medium,72.4,75.0,70.6,71.7,74.9,77.3,77.8,79.8,69.5,61.2,59.8,76.8,74.8,50.0,30.7,28.8,63.6,67.5,66.9,76.8,2297,29,0.45,0.28,65.0,40.0,9.07,8.96,75.2,Star,1
PLR-2814,Pedri Van Dijk #1915,Nigeria,Serie A,Fiorentina,Forward,22,175,71,Right,Medium,High,71.0,70.2,56.4,53.0,61.5,73.5,60.9,65.3,61.5,44.2,53.9,74.6,69.9,38.9,37.0,28.6,54.5,65.2,63.9,75.8,2893,37,0.41,0.07,65.0,40.0,8.8,0.5,66.0,Developing,0
PLR-2815,Victor Kim #1916,Colombia,Bundesliga,Borussia Dortmund,Goalkeeper,29,192,84,Left,Medium,Medium,58.1,45.2,40.0,75.8,67.1,74.2,41.6,34.0,57.8,65.6,33.3,21.9,64.7,48.1,33.4,21.1,64.6,73.5,70.4,67.7,2962,37,0.0,0.02,49.4,50.0,3.8,12.22,82.2,Elite,2
PLR-2816,Gianluigi Bellingham #1917,Nigeria,Serie A,Juventus,Midfielder,22,180,81,Left,Medium,Medium,55.0,60.7,68.2,56.1,61.2,45.2,69.1,58.0,72.3,61.4,65.0,52.7,59.0,50.8,46.3,43.6,71.0,59.4,51.6,78.3,2039,26,0.02,0.44,75.0,52.0,9.8,1.29,66.8,Developing,0
PLR-2817,Julian Camavinga #1918,Morocco,Serie A,Napoli,Defender,24,187,71,Left,Medium,Low,56.2,65.9,63.1,70.4,61.1,62.1,62.1,55.5,65.4,57.8,57.9,40.1,55.2,70.5,74.7,77.5,61.0,62.8,75.3,,1997,25,0.03,0.01,72.0,71.7,8.5,5.95,69.6,Developing,0
PLR-2818,Osimhen Rice #1919,Portugal,Bundesliga,Borussia Dortmund,Midfielder,33,176,86,Left,High,High,70.5,65.7,68.7,71.6,67.5,55.5,71.7,72.1,72.2,66.7,60.7,60.4,61.3,58.2,54.2,46.4,70.7,68.0,62.3,76.1,1317,16,0.03,0.42,75.0,52.0,9.8,3.64,70.7,Developing,0
PLR-2819,Luka Moreno #1920,Argentina,Premier League,Newcastle,Midfielder,26,167,72,Right,Medium,High,69.0,72.9,83.5,55.7,79.4,70.8,80.1,81.9,77.7,76.1,70.7,62.2,71.7,68.6,63.2,58.9,73.8,66.9,64.7,70.3,2256,28,0.15,0.52,75.0,56.0,10.84,3.52,74.5,Star,1
PLR-2820,Enzo Alvarez #1921,Portugal,La Liga,Atletico Madrid,Forward,34,186,79,Left,Medium,Medium,60.0,62.0,56.7,52.4,61.5,55.2,67.4,66.0,61.8,50.2,46.5,62.2,72.3,30.0,29.0,22.0,54.1,70.2,55.3,74.4,2631,33,0.06,0.14,65.0,40.0,8.8,2.66,64.6,Developing,0
PLR-2821,Ruben Moreno #1922,Japan,Premier League,Manchester United,Forward,19,172,78,Right,Medium,Low,79.4,78.7,68.7,69.9,70.2,68.2,71.0,74.7,62.8,59.5,64.5,85.1,79.7,48.8,32.4,33.9,59.5,64.2,72.6,70.6,1900,24,0.55,0.04,65.0,40.0,8.8,8.66,75.3,Star,1
PLR-2822,Mateo Modric #1923,Argentina,Premier League,Liverpool,Midfielder,32,171,71,Right,Medium,Low,86.2,78.2,94.0,76.0,77.7,75.4,82.8,94.3,87.1,86.6,85.5,79.9,87.9,79.4,66.2,56.2,92.6,88.1,82.8,59.0,2551,32,0.25,0.77,78.0,57.4,11.5,21.72,89.3,Elite,2
PLR-2823,Jamal Smith #1924,Germany,Serie A,AC Milan,Defender,29,183,86,Right,Low,Medium,76.8,60.6,78.0,81.4,71.0,85.0,58.8,63.9,73.1,71.5,54.1,46.9,61.3,89.1,89.7,83.9,71.5,73.0,73.5,69.3,1247,15,0.0,0.08,72.0,87.1,9.72,22.25,87.0,Elite,2
PLR-2824,Mateo Alvarez #1925,Spain,Serie A,Lazio,Defender,27,177,94,Left,High,Medium,70.8,63.5,62.5,93.4,63.2,69.3,60.6,52.4,,63.7,51.3,46.9,48.0,78.5,76.7,75.1,65.0,73.2,68.1,76.5,1583,20,0.08,0.06,72.0,73.7,8.5,8.01,75.7,Star,1
PLR-2825,Declan Rodri #1926,Spain,Ligue 1,Lille,Midfielder,34,173,80,Right,Medium,Low,55.0,60.3,70.3,66.2,67.8,56.2,73.6,66.4,69.5,77.0,57.1,60.9,68.6,54.7,51.5,51.7,67.6,67.1,63.1,,2318,29,0.12,0.22,75.0,52.0,9.81,1.91,66.4,Developing,0
PLR-2826,Victor Martinez #1927,Argentina,Ligue 1,Marseille,Forward,28,176,75,Right,Medium,High,76.2,78.8,69.4,74.6,71.5,73.5,67.7,88.6,69.0,49.4,61.8,78.1,68.5,41.8,34.9,33.6,70.6,72.9,58.4,79.0,2189,28,0.21,0.21,65.0,40.0,8.85,4.56,74.9,Star,1
PLR-2827,Darwin Hernandez #1928,Ghana,Serie A,AC Milan,Goalkeeper,25,191,74,Left,Medium,High,42.1,48.7,44.7,72.0,63.2,64.3,38.4,27.5,46.0,49.1,20.0,21.0,57.2,33.4,21.7,15.0,64.9,78.8,63.6,73.4,1972,25,0.0,0.02,48.0,50.0,,8.61,78.1,Star,1
PLR-2828,Khvicha Alvarez #1929,Spain,Premier League,Tottenham,Defender,29,185,74,Right,Medium,Low,67.9,73.6,79.1,78.8,67.1,73.7,65.8,55.6,68.0,67.4,60.7,38.5,67.1,79.7,85.5,90.4,67.7,72.9,67.8,70.2,2464,31,0.04,0.05,72.0,78.5,9.21,10.27,81.5,Star,1
PLR-2829,Leo Dias #1930,Portugal,Premier League,Manchester United,Midfielder,22,181,73,Right,Low,Medium,66.4,70.8,89.4,68.1,71.8,66.2,82.5,73.9,,94.4,75.8,74.8,77.6,56.3,58.9,61.9,83.9,69.2,63.2,72.7,1167,14,0.16,0.76,78.4,52.0,11.02,14.45,80.0,Star,1
PLR-2830,Liam Diallo #1931,Argentina,La Liga,Athletic Club,Goalkeeper,30,196,75,Right,Medium,Low,48.9,60.7,40.0,81.5,45.4,72.3,51.4,42.0,53.5,59.3,20.1,20.7,65.6,34.8,29.0,23.8,68.3,74.3,67.7,65.5,1780,22,0.0,0.03,48.0,50.0,3.8,10.39,82.3,Elite,2
PLR-2831,Rodri Courtois #1932,Canada,Ligue 1,Paris Saint-Germain,Midfielder,18,178,84,Right,High,Medium,64.5,67.4,81.4,69.9,69.1,59.9,64.6,67.4,79.4,72.2,63.7,67.4,63.7,55.8,54.5,47.8,59.6,64.6,85.1,55.9,2249,28,0.08,0.36,75.0,53.6,10.39,4.06,69.1,Developing,0
PLR-2832,Theo Schmidt #1933,Brazil,Ligue 1,Rennes,Midfielder,30,178,74,Right,High,Medium,55.0,61.0,70.3,59.2,61.2,55.7,62.0,58.3,65.3,63.1,57.9,50.3,52.0,52.2,48.3,45.1,70.2,55.2,54.5,81.5,2637,33,0.02,0.42,75.0,52.0,9.8,0.89,65.3,Developing,0
PLR-2833,David Van Dijk #1934,Uruguay,Ligue 1,Marseille,Defender,25,185,79,Right,Medium,Medium,79.6,68.2,72.5,85.3,70.6,78.4,72.4,56.4,72.0,63.8,62.1,54.8,69.0,91.8,93.1,85.6,70.9,75.6,80.7,69.2,2184,28,0.01,0.05,72.0,83.3,8.54,24.24,85.3,Elite,2
PLR-2834,Darwin Martinez #1935,Senegal,Serie A,Atalanta,Defender,18,176,84,Right,Medium,Medium,58.8,56.7,64.6,67.9,56.5,64.1,68.4,58.9,57.6,58.5,43.8,37.8,49.0,65.0,73.6,64.8,45.0,51.5,64.1,67.6,1761,22,0.13,0.07,72.0,65.1,8.5,2.14,66.9,Developing,0
PLR-2835,Eduardo Kim #1936,Morocco,Bundesliga,RB Leipzig,Defender,23,183,83,Left,Medium,Low,74.9,76.9,80.5,99.0,67.0,85.0,72.3,61.2,80.2,70.0,67.4,52.9,68.0,87.8,99.0,98.0,78.1,75.6,83.9,68.9,1672,21,0.05,0.05,72.0,90.2,9.53,78.9,94.5,Elite,2
PLR-2836,Noah Davies #1937,Senegal,Premier League,Tottenham,Forward,24,175,77,Left,High,Medium,89.1,89.3,58.3,82.8,76.9,70.6,81.1,82.4,71.8,65.9,74.2,89.0,83.3,42.5,38.5,40.3,72.4,83.7,59.9,75.4,2713,34,0.46,0.3,65.0,40.0,8.8,20.78,81.7,Star,1
PLR-2837,Thibaut Van Dijk #1938,Uruguay,Serie A,AC Milan,Midfielder,30,182,73,Right,Medium,Medium,81.9,76.0,81.1,74.5,79.3,66.8,79.9,78.3,81.3,84.5,81.4,72.0,71.7,69.2,65.6,60.4,81.5,77.3,74.4,66.4,2235,28,0.08,0.65,75.0,52.0,10.6,9.25,81.9,Star,1
PLR-2838,Luka Camavinga #1939,Argentina,Serie A,Juventus,Goalkeeper,28,189,81,Left,Medium,Medium,38.4,54.6,40.0,72.2,59.8,62.0,36.4,28.2,50.1,42.0,20.1,18.4,55.7,40.8,20.2,36.1,68.4,69.1,72.4,75.9,2451,31,0.0,0.03,48.0,50.0,3.8,3.77,77.1,Star,1
PLR-2839,Erling Kim #1940,Brazil,Bundesliga,RB Leipzig,Forward,23,180,83,Right,Medium,Medium,81.5,78.8,65.3,69.1,77.2,69.9,75.1,76.8,75.8,55.1,57.8,83.8,85.6,45.2,39.9,38.1,63.7,69.3,75.1,68.7,1657,21,0.39,0.25,65.0,40.0,8.8,5.54,76.2,Star,1
PLR-2840,Federico Sato #1941,Norway,Premier League,Aston Villa,Midfielder,25,174,72,Left,Medium,Medium,63.0,60.6,,65.1,59.1,60.6,72.7,63.5,73.9,73.5,56.9,64.8,63.6,45.0,54.7,47.3,65.9,59.8,61.2,76.7,2741,35,0.1,0.3,75.0,52.0,9.8,0.5,65.8,Developing,0
PLR-2841,Gabriel Musiala #1942,Uruguay,Serie A,Inter Milan,Midfielder,19,177,77,Right,Medium,High,77.6,75.8,76.6,59.7,69.7,66.5,71.9,62.8,69.2,76.9,65.9,68.2,67.9,67.8,51.4,55.7,70.7,56.4,65.3,71.1,2149,27,0.13,0.36,75.0,52.0,10.09,5.25,71.3,Star,1
PLR-2842,Bukayo Hernandez #1943,Morocco,Serie A,Roma,Midfielder,28,189,68,Right,High,High,57.4,56.0,72.3,49.2,58.0,54.1,64.2,59.4,67.7,64.4,60.8,61.5,52.0,54.6,58.4,50.0,57.9,63.9,50.9,88.8,1776,22,0.14,0.25,75.0,52.7,10.01,1.37,63.1,Developing,0
PLR-2843,Gianluigi Sato #1944,Senegal,Premier League,Manchester United,Midfielder,26,178,72,Right,Medium,High,64.7,61.1,74.2,67.4,70.3,55.0,77.0,71.0,74.6,76.8,62.9,61.0,65.1,64.3,52.1,56.1,72.4,68.0,70.1,69.0,1081,13,0.08,0.53,75.0,52.0,9.8,5.58,74.7,Star,1
PLR-2844,Kylian Traore #1945,England,Serie A,Lazio,Goalkeeper,31,187,79,Right,High,High,38.5,53.4,40.0,71.2,56.9,73.1,41.5,38.7,47.1,55.3,20.0,16.4,60.3,36.0,30.0,19.4,63.4,61.6,72.6,64.7,2047,26,0.0,0.01,52.9,50.0,3.8,3.49,72.9,Star,1
PLR-2845,Alessandro Hernandez #1946,USA,La Liga,Real Sociedad,Forward,26,192,76,Right,High,High,79.4,84.9,66.6,67.6,77.3,64.1,75.5,74.4,70.1,46.9,72.7,80.3,77.3,41.9,33.1,28.2,67.0,67.4,52.4,76.1,2324,29,0.49,0.3,65.0,40.0,8.8,4.1,75.7,Star,1
PLR-2846,Marcus Camavinga #1947,Senegal,La Liga,Girona,Forward,32,180,71,Right,Medium,Medium,69.6,63.4,58.9,54.0,72.3,65.5,71.1,77.0,64.5,56.0,51.6,78.2,67.6,39.4,36.5,34.5,74.4,77.5,58.4,89.7,2520,32,0.53,0.24,65.0,40.0,8.8,0.5,71.7,Star,1
PLR-2847,Dominik Mueller #1948,Croatia,La Liga,Barcelona,Forward,19,181,79,Right,High,Medium,80.7,79.5,70.2,68.3,71.7,72.2,80.1,80.0,66.0,64.5,70.2,87.0,78.5,44.7,36.9,34.9,64.7,64.2,71.3,72.4,2052,26,0.52,0.09,65.0,40.0,8.8,13.95,78.1,Star,1
PLR-2848,Ederson Santos #1949,Argentina,Premier League,Aston Villa,Defender,31,190,77,Right,Medium,Medium,58.7,50.3,59.5,65.2,48.0,60.0,64.6,51.4,62.7,55.2,40.0,33.4,53.3,68.8,66.0,71.1,52.7,61.5,69.0,72.4,1970,25,0.0,0.04,72.0,62.0,8.5,4.42,65.6,Developing,0
PLR-2849,Alexis Mbappe #1950,Germany,Ligue 1,Lyon,Defender,31,187,82,Right,Medium,Medium,76.9,79.9,91.4,83.3,65.7,93.2,81.6,71.5,,74.6,70.8,46.3,72.9,99.0,98.1,93.2,79.1,79.2,93.6,60.5,2464,31,0.02,0.11,72.0,91.6,9.47,30.77,92.2,Elite,2
PLR-2850,Liam Hernandez #1951,Italy,Premier League,Aston Villa,Midfielder,27,180,71,Right,Medium,Medium,75.2,84.2,86.6,71.6,83.5,65.5,81.7,81.8,83.4,78.6,78.0,71.8,72.4,66.7,65.1,58.6,83.0,75.0,79.4,61.4,2886,37,0.05,0.62,80.0,52.0,11.99,13.58,81.8,Star,1
PLR-2851,Alisson Donnarumma #1952,Ghana,Premier League,Liverpool,Defender,23,191,72,Right,Medium,Low,61.9,63.7,58.0,75.7,61.5,71.6,58.7,46.4,63.2,58.0,56.0,35.9,68.5,69.3,72.3,68.8,57.6,59.7,62.1,74.9,3005,38,0.03,0.03,72.0,66.4,8.5,2.75,70.0,Developing,0
PLR-2852,Pedri Mbappe #1953,Norway,La Liga,Atletico Madrid,Defender,25,179,68,Right,Medium,High,67.8,70.6,70.3,70.8,61.3,80.2,61.5,62.3,,62.2,52.1,40.7,69.5,79.0,77.5,75.4,65.5,65.3,69.7,62.5,1999,25,0.07,0.08,72.0,74.1,8.97,6.74,75.5,Star,1
PLR-2853,Federico Kroos #1954,Nigeria,Ligue 1,Lille,Defender,24,192,87,Right,High,Medium,87.8,74.9,83.3,95.4,75.9,88.3,78.5,65.1,86.0,80.4,61.9,57.4,75.0,98.5,97.5,95.8,72.4,86.9,94.7,61.2,900,11,0.05,0.11,79.3,88.6,8.5,78.17,94.0,Elite,2
PLR-2854,Achraf Courtois #1955,Senegal,Bundesliga,Eintracht Frankfurt,Goalkeeper,23,190,82,Right,Medium,Medium,49.9,49.3,40.0,70.3,54.0,64.9,38.1,25.3,57.9,48.3,22.7,20.1,61.4,26.5,22.4,15.0,59.1,61.3,66.1,79.4,1602,20,0.0,0.01,48.0,50.0,3.8,2.33,68.3,Developing,0
PLR-2855,Federico Diallo #1956,Brazil,La Liga,Villarreal,Forward,21,179,68,Left,Medium,Medium,80.1,87.1,70.8,59.0,76.7,76.9,71.7,75.5,74.6,57.9,75.8,90.0,80.5,47.7,39.4,34.0,67.7,70.0,68.9,72.3,2195,28,0.77,0.21,65.0,40.0,9.36,9.83,78.2,Star,1
PLR-2856,Ruben Valverde #1957,Nigeria,Serie A,Roma,Defender,22,186,86,Right,High,Medium,67.1,59.1,78.4,72.4,56.1,63.3,50.9,51.3,60.2,56.3,43.4,45.7,54.0,68.6,76.5,72.2,51.1,63.4,71.4,77.9,2871,36,0.08,0.06,72.0,66.0,8.5,6.02,68.9,Developing,0
PLR-2857,Son Foden #1958,France,Premier League,Aston Villa,Midfielder,28,170,79,Left,Medium,Low,78.5,81.7,90.3,67.9,84.5,77.2,86.4,81.4,91.0,96.2,77.7,76.0,78.4,72.8,61.9,72.6,87.8,74.0,84.5,61.7,1315,16,0.18,0.82,79.7,52.0,11.3,20.88,86.3,Elite,2
PLR-2858,Alessandro Kroos #1959,England,Serie A,Inter Milan,Defender,26,178,81,Right,High,Medium,72.5,65.4,75.1,88.2,67.6,70.2,67.2,59.4,66.9,68.6,54.4,44.1,61.8,80.0,80.2,79.5,67.0,76.1,84.2,74.3,2252,28,0.0,0.12,72.0,73.9,9.16,11.51,79.3,Star,1
PLR-2859,Lucas Hernandez #1960,Morocco,Bundesliga,Bayer Leverkusen,Defender,34,180,71,Right,High,Medium,77.0,58.6,75.2,78.2,60.2,75.5,62.7,61.5,68.4,68.8,52.3,45.3,73.9,89.7,89.7,82.0,70.2,75.4,89.0,59.6,1771,22,0.04,0.12,72.0,80.8,8.5,16.84,85.7,Elite,2
PLR-2860,Erling Kim #1961,Netherlands,Bundesliga,Bayern Munich,Defender,31,175,81,Right,Medium,Medium,65.2,57.8,60.7,69.8,63.4,71.9,60.8,51.4,57.9,60.5,50.8,30.0,58.5,77.3,67.1,72.3,64.4,66.1,62.2,80.5,1395,17,0.0,0.04,72.0,62.0,8.5,3.95,69.7,Developing,0
PLR-2861,Jude Martinez #1962,Uruguay,Ligue 1,Lyon,Defender,32,187,82,Right,High,High,75.4,64.8,73.9,85.9,71.5,80.2,65.8,62.3,72.4,74.9,58.6,37.1,55.1,88.3,85.6,82.8,61.6,78.4,82.5,57.9,2420,31,0.01,0.08,72.0,80.4,8.5,11.93,84.1,Elite,2
PLR-2862,Bruno Rodri #1963,Japan,Ligue 1,Marseille,Forward,29,179,81,Right,Medium,Medium,87.7,94.6,66.4,81.3,77.5,79.4,80.5,79.2,79.7,53.2,76.8,91.0,88.6,48.2,43.6,40.7,76.2,78.8,70.0,77.8,2065,26,0.68,0.33,66.8,40.0,8.8,18.94,84.2,Elite,2
PLR-2863,Virgil Williams #1964,South Korea,La Liga,Atletico Madrid,Midfielder,30,167,74,Right,High,High,75.0,72.4,,63.8,78.8,66.1,82.2,82.6,89.8,85.6,81.2,77.1,84.1,59.5,75.1,67.7,87.3,76.7,69.2,68.9,1589,20,0.23,0.79,75.2,63.5,11.88,11.73,85.5,Elite,2
PLR-2864,Pedri Valverde #1965,Italy,La Liga,Real Madrid,Goalkeeper,25,187,80,Right,High,High,40.6,49.4,40.0,72.3,55.4,63.8,37.9,27.3,48.8,56.3,24.3,21.6,50.3,30.8,26.6,24.4,69.7,67.3,54.0,78.3,2051,26,0.0,0.01,49.6,50.0,3.8,2.54,71.3,Star,1
PLR-2865,Marcus Oblak #1966,Norway,Premier League,Liverpool,Goalkeeper,32,187,84,Right,Medium,High,50.0,38.1,42.4,76.7,60.4,73.1,30.8,29.7,50.7,48.3,27.8,22.1,57.5,39.8,18.0,15.0,65.0,75.4,60.9,74.2,2279,29,0.0,0.01,48.0,50.0,,5.3,73.7,Star,1
PLR-2866,Carlos Van Dijk #1967,Netherlands,Serie A,Lazio,Forward,32,172,78,Right,High,Medium,77.9,84.5,73.7,69.5,80.6,65.2,77.5,77.5,62.8,51.9,62.5,82.1,72.8,40.7,39.7,28.1,74.5,75.7,65.9,81.9,1273,16,0.53,0.26,65.0,40.0,8.8,4.45,77.8,Star,1
PLR-2867,Jan Garcia #1968,Italy,Bundesliga,VfB Stuttgart,Forward,29,180,75,Right,Medium,High,73.9,73.8,64.5,58.5,70.1,56.0,77.5,73.3,64.5,49.1,57.8,77.5,69.0,38.7,28.6,22.0,63.1,64.2,57.2,88.8,1877,24,0.43,0.29,65.0,40.0,8.8,4.39,71.4,Star,1
PLR-2868,Declan Mueller #1969,Portugal,La Liga,Villarreal,Forward,29,174,84,Right,High,High,90.3,98.8,84.2,83.7,87.4,82.1,94.9,93.1,83.7,67.5,91.5,99.0,95.5,46.5,36.1,40.6,81.7,87.6,84.1,62.1,2199,28,0.86,0.45,65.8,40.0,9.59,49.59,92.2,Elite,2
PLR-2869,Alexis Sato #1970,Uruguay,Bundesliga,Borussia Dortmund,Defender,25,179,77,Right,Medium,Medium,68.6,76.1,67.0,82.6,65.1,74.5,60.9,52.6,79.9,69.8,54.6,40.2,59.8,75.4,79.9,77.4,60.8,68.9,73.0,69.1,1921,24,0.05,0.05,72.0,71.8,8.5,5.71,75.1,Star,1
PLR-2870,Alisson Davies #1971,Norway,Bundesliga,Bayer Leverkusen,Defender,21,183,82,Right,High,High,62.3,59.5,62.0,76.1,49.3,65.4,54.7,49.7,58.2,53.3,50.8,36.0,58.6,71.6,77.9,70.8,55.2,61.6,59.4,83.3,2254,28,0.0,0.01,72.0,68.9,8.5,3.4,74.1,Star,1
PLR-2871,Gianluigi Davies #1972,Ghana,Ligue 1,Rennes,Forward,20,180,75,Right,High,High,88.5,83.8,85.2,81.3,85.0,80.8,82.9,85.9,70.9,58.5,68.9,96.6,84.2,51.2,40.4,35.8,78.8,82.5,71.8,77.9,3420,38,0.72,0.24,65.0,40.0,10.23,38.11,87.9,Elite,2
PLR-2872,Victor Saka #1973,Germany,Serie A,Napoli,Midfielder,25,174,74,Right,High,Medium,69.7,65.2,76.8,69.3,75.9,61.3,74.7,74.4,72.0,77.9,69.6,61.9,71.6,67.0,55.3,52.4,79.2,64.6,70.0,61.7,788,10,0.11,0.33,75.0,52.0,10.46,6.75,73.6,Star,1
PLR-2873,Liam Bellingham #1974,Canada,La Liga,Athletic Club,Defender,21,191,81,Right,High,Low,64.2,58.3,73.8,76.7,62.4,83.5,67.5,64.4,67.3,67.8,62.4,35.9,62.4,73.1,79.5,78.3,57.5,61.6,70.0,73.4,2628,33,0.03,0.11,72.0,75.2,8.5,8.81,73.7,Star,1
PLR-2874,Dominik Hernandez #1975,Nigeria,Serie A,AC Milan,Defender,31,193,85,Right,Medium,High,83.0,73.3,73.0,89.1,63.6,82.7,64.2,55.7,72.4,61.2,66.4,45.2,72.6,91.1,90.5,85.9,67.8,71.9,79.7,65.4,1412,18,0.04,0.12,72.0,82.1,8.5,21.46,87.5,Elite,2
PLR-2875,Marcus Rodriguez #1976,Senegal,Premier League,Newcastle,Midfielder,21,181,86,Left,Medium,High,55.0,66.5,72.0,70.5,64.2,63.4,71.3,67.7,79.0,71.5,59.3,62.0,64.2,52.1,59.4,55.2,68.8,61.2,67.7,74.8,2771,35,0.1,0.38,75.0,52.0,9.8,3.37,70.1,Developing,0
PLR-2876,Jan Smith #1977,Belgium,Serie A,Juventus,Midfielder,27,174,73,Left,Medium,High,61.9,56.5,65.0,60.0,63.8,55.6,69.3,63.4,65.0,64.6,56.5,60.4,69.5,52.3,66.4,40.3,66.0,51.9,58.7,80.5,2428,31,0.19,0.43,75.0,56.3,9.8,2.44,66.9,Developing,0
PLR-2877,Leo Diallo #1978,Croatia,Bundesliga,Eintracht Frankfurt,Midfielder,21,187,73,Left,Medium,High,61.5,61.3,71.8,66.9,74.1,68.0,75.9,65.9,71.8,74.1,71.2,50.6,71.8,62.8,55.5,40.3,70.1,62.0,61.0,76.1,1509,19,0.02,0.4,75.0,53.4,10.04,2.87,69.6,Developing,0
PLR-2878,Kylian Tchouameni #1979,Brazil,Bundesliga,VfB Stuttgart,Midfielder,28,185,74,Right,High,Medium,76.1,66.9,78.5,55.2,68.8,71.8,71.5,78.2,71.6,76.3,66.0,60.9,69.0,66.9,52.5,68.8,71.8,74.9,68.1,85.3,2486,31,0.04,0.37,75.0,52.0,10.5,7.04,73.0,Star,1
PLR-2879,Florian De Bruyne #1980,Netherlands,Bundesliga,Bayern Munich,Midfielder,31,182,73,Right,High,Medium,59.7,60.4,69.2,61.0,66.2,60.4,72.5,67.1,79.6,70.4,60.4,61.5,65.5,62.6,54.5,48.4,66.1,74.2,56.7,77.3,1671,21,0.05,0.58,75.0,52.0,9.8,0.5,71.0,Developing,0
PLR-2880,Nicolo Sato #1981,Croatia,La Liga,Girona,Defender,27,185,84,Right,High,High,77.5,71.4,82.3,87.2,67.0,85.4,81.0,65.3,77.0,68.9,58.7,33.0,66.8,94.7,91.6,91.1,75.0,80.5,88.1,65.3,2686,34,0.02,0.07,72.0,83.9,8.5,36.06,89.9,Elite,2
PLR-2881,Osimhen Rodri #1982,Argentina,La Liga,Barcelona,Defender,30,196,77,Right,Medium,Low,70.2,73.8,77.0,83.1,61.7,88.0,65.1,58.7,78.0,69.9,62.4,53.5,75.6,86.4,92.9,79.5,64.1,78.6,85.1,59.0,3303,38,0.04,0.08,72.0,85.5,8.68,16.38,85.8,Elite,2
PLR-2882,Jamal Santos #1983,Germany,Premier League,Liverpool,Midfielder,23,175,65,Right,High,Medium,87.1,83.4,97.4,71.3,81.3,70.0,92.3,81.9,93.3,89.5,73.5,74.9,83.6,76.4,73.3,63.9,88.5,85.9,79.7,,2029,26,0.21,0.85,84.9,58.6,11.88,43.51,89.1,Elite,2
PLR-2883,Trent Saliba #1984,France,La Liga,Villarreal,Defender,24,183,90,Left,Medium,High,74.4,78.5,64.5,84.0,48.0,73.0,64.8,58.9,73.5,63.9,63.8,42.5,60.3,81.3,82.5,80.1,62.8,70.7,75.2,67.9,2075,26,0.0,0.07,72.0,78.3,8.5,16.12,81.1,Star,1
PLR-2884,Alejandro Musiala #1985,Colombia,Ligue 1,Lyon,Forward,32,186,78,Right,High,Low,83.6,81.8,76.0,71.6,86.0,69.6,79.7,90.4,75.6,71.1,76.7,93.9,85.7,40.4,40.2,27.7,75.3,76.2,78.1,71.6,3166,38,0.73,0.3,65.0,40.0,8.8,16.69,84.9,Elite,2
PLR-2885,Leo Tchouameni #1986,Portugal,Serie A,AC Milan,Midfielder,24,178,70,Right,High,Medium,65.4,56.0,65.0,62.3,61.5,50.0,62.0,59.5,65.0,60.2,52.0,50.6,52.3,50.3,43.4,45.5,69.4,58.3,56.9,71.0,1547,19,0.05,0.22,75.0,52.0,9.8,1.67,64.3,Developing,0
PLR-2886,Alessandro Kim #1987,Morocco,Ligue 1,Lyon,Forward,26,178,76,Right,High,High,77.3,70.6,59.3,68.4,71.3,62.4,74.0,72.3,67.2,54.4,63.7,81.3,73.3,39.1,42.3,22.9,56.0,66.7,59.0,74.6,2021,25,0.35,0.21,65.0,40.0,8.8,4.01,73.0,Star,1
PLR-2887,Noah Bellingham #1988,Spain,Ligue 1,Lyon,Forward,26,186,71,Right,Medium,Medium,74.2,68.2,,50.0,66.3,55.6,70.6,60.0,56.3,49.9,56.6,73.8,66.4,31.5,34.5,32.6,65.2,69.2,64.2,75.6,1250,16,0.33,0.16,65.0,40.0,8.8,1.82,70.1,Developing,0
PLR-2888,Lucas Tchouameni #1989,Uruguay,Bundesliga,Borussia Dortmund,Defender,30,186,78,Right,High,Medium,58.2,53.8,58.0,64.9,48.0,62.8,53.9,49.6,61.6,52.7,41.1,30.0,58.0,65.0,66.0,62.0,45.0,60.0,69.8,67.7,2126,27,0.12,0.01,72.0,62.0,8.5,4.16,64.1,Developing,0
PLR-2889,Jamal Davies #1990,France,La Liga,Barcelona,Goalkeeper,26,192,85,Right,High,Medium,35.0,52.4,41.9,64.7,48.2,63.2,31.4,38.8,50.3,49.6,28.6,31.2,53.4,25.0,29.5,23.6,56.2,67.6,51.0,84.8,2612,33,0.0,0.02,48.0,50.0,3.8,2.04,69.4,Developing,0
PLR-2890,Leo Oblak #1991,Ghana,Ligue 1,Lille,Forward,24,179,69,Right,Medium,Medium,99.0,99.0,83.8,73.8,88.7,82.1,86.7,94.5,87.5,67.8,83.9,99.0,97.4,40.2,42.7,44.7,86.9,89.9,90.4,61.5,1881,24,0.58,0.35,71.2,40.0,9.82,81.08,94.5,Elite,2
PLR-2891,Julian Hernandez #1992,France,Ligue 1,Lille,Midfielder,18,182,69,Left,Medium,Medium,76.1,70.9,84.5,67.5,77.0,73.4,76.0,76.4,77.9,70.8,72.0,65.7,70.4,59.1,61.6,58.9,64.8,65.9,70.0,79.8,1761,22,0.23,0.33,75.0,54.5,11.02,7.33,72.6,Star,1
PLR-2892,Florian Rodri #1993,South Korea,Serie A,Lazio,Defender,33,186,77,Right,High,Medium,58.6,67.0,85.0,81.9,61.9,85.4,63.7,50.7,71.3,63.0,63.3,44.6,67.0,88.7,86.8,83.4,74.1,69.1,77.7,71.8,2554,32,0.05,0.03,72.0,84.3,10.06,7.79,80.9,Star,1
PLR-2893,Gianluigi Diallo #1994,Germany,Serie A,Napoli,Forward,22,176,79,Right,Medium,Medium,89.0,79.7,80.1,75.0,87.3,81.1,80.8,86.1,74.1,71.1,81.5,94.7,93.2,48.1,34.5,27.3,67.0,80.9,83.2,76.7,2122,27,0.68,0.26,65.0,40.0,9.77,31.62,87.7,Elite,2
PLR-2894,William Haaland #1995,Spain,Ligue 1,Rennes,Midfielder,26,177,77,Right,Medium,High,66.6,84.7,89.0,75.5,81.4,75.3,83.5,83.0,92.1,86.0,76.5,66.4,75.4,59.7,71.9,50.7,84.9,77.0,81.9,64.8,1601,20,0.12,0.85,83.4,66.9,11.64,19.2,85.5,Elite,2
PLR-2895,Alexis Alvarez #1996,Uruguay,Ligue 1,Nice,Defender,28,186,79,Right,Medium,High,76.8,66.8,87.1,86.3,67.5,90.7,58.5,72.5,83.8,68.6,60.2,48.8,71.5,93.6,93.4,91.9,86.3,72.2,73.9,76.0,2516,32,0.16,0.04,75.2,82.2,9.5,32.36,89.3,Elite,2
PLR-2896,Pedri Rodriguez #1997,Brazil,Bundesliga,Bayern Munich,Midfielder,27,172,80,Right,High,Medium,64.6,61.9,84.1,64.6,71.3,63.3,78.8,75.6,79.0,86.4,75.2,70.1,72.0,70.5,66.1,60.3,85.0,76.9,63.4,74.5,3420,38,0.23,0.58,75.0,52.0,11.0,8.91,78.4,Star,1
PLR-2897,Trent De Bruyne #1998,Canada,La Liga,Athletic Club,Forward,25,167,89,Right,Medium,High,74.5,68.3,63.1,68.5,65.3,61.5,64.0,68.1,61.7,55.4,62.4,72.5,64.5,33.5,39.2,36.9,58.3,66.1,47.6,86.7,2124,27,0.35,0.11,65.0,40.0,8.8,0.56,68.6,Developing,0
PLR-2898,Marcus Martinez #1999,Brazil,Serie A,Atalanta,Midfielder,19,173,70,Left,High,Medium,55.0,60.3,72.8,48.0,69.9,48.9,66.3,66.3,70.6,71.6,65.2,57.5,63.1,46.8,48.3,43.4,49.9,56.7,51.7,82.2,1194,15,0.09,0.17,75.0,52.0,9.84,3.01,63.0,Developing,0
PLR-2899,Liam Van Dijk #2000,Colombia,Bundesliga,VfB Stuttgart,Defender,29,185,85,Left,Low,Low,66.4,68.3,76.5,85.8,63.1,68.1,74.0,56.8,74.5,63.9,63.7,33.6,63.8,81.0,93.6,81.7,72.3,70.2,80.4,63.8,1383,17,0.02,0.02,72.0,87.0,9.5,16.16,84.2,Elite,2
PLR-2900,Liam Hernandez #2001,Italy,Serie A,Inter Milan,Midfielder,25,180,76,Right,Medium,Low,72.2,68.8,82.1,82.1,73.0,72.8,82.4,76.9,91.7,84.7,80.1,81.5,74.6,68.9,68.6,59.0,86.5,83.4,70.0,67.9,630,8,0.17,0.69,85.4,62.6,11.15,15.11,84.0,Elite,2
PLR-2901,Rafael Wirtz #2002,Portugal,Serie A,Inter Milan,Forward,27,172,64,Right,Low,High,60.0,67.7,57.1,50.0,63.5,55.8,70.0,60.0,50.9,47.9,48.2,72.7,64.6,39.0,25.3,22.0,55.8,51.3,67.3,78.4,2035,26,0.3,0.05,65.0,40.0,8.8,0.51,65.2,Developing,0
PLR-2902,Enzo Dias #2003,Brazil,La Liga,Real Madrid,Defender,24,181,91,Left,Medium,Medium,58.1,57.3,63.2,68.5,48.0,59.8,52.2,52.9,52.0,51.2,47.1,42.7,48.0,65.0,69.1,62.0,52.1,59.8,57.9,88.1,1889,24,0.03,0.01,72.0,62.0,8.5,3.99,66.2,Developing,0
PLR-2903,Mateo Wirtz #2004,Uruguay,Premier League,Chelsea,Forward,21,184,66,Left,High,Medium,62.6,62.0,55.0,50.0,64.6,55.5,65.1,67.4,52.9,43.7,49.2,63.3,58.0,34.7,33.9,22.0,46.2,48.7,51.4,86.3,2204,28,0.18,0.04,65.0,40.0,8.8,0.5,61.6,Developing,0
PLR-2904,Victor Modric #2005,Ghana,Bundesliga,Bayer Leverkusen,Defender,29,173,73,Right,Medium,High,70.9,80.2,69.8,76.2,65.1,79.5,72.1,61.9,66.7,59.4,57.1,46.9,61.3,86.0,90.3,75.9,73.4,70.8,83.5,64.0,2120,27,0.0,0.02,72.0,86.1,8.5,8.48,79.8,Star,1
PLR-2905,Carlos Foden #2006,Uruguay,Serie A,Roma,Forward,28,178,68,Right,Medium,High,93.0,86.4,,72.9,79.0,78.6,78.8,89.5,82.2,64.1,66.4,88.9,85.7,51.4,43.9,35.6,72.9,81.7,74.8,75.0,2178,27,0.68,0.45,76.0,40.0,9.39,19.04,84.9,Elite,2
PLR-2906,Kaoru Kroos #2007,Germany,La Liga,Girona,Goalkeeper,20,182,80,Right,High,Medium,40.0,44.4,47.3,70.7,54.2,63.7,39.8,29.1,42.5,46.1,27.1,21.1,53.6,37.4,28.9,23.6,59.5,67.7,68.3,75.3,3060,38,0.0,0.01,48.0,50.0,3.82,11.21,77.2,Star,1
PLR-2907,Declan Hernandez #2008,Japan,Ligue 1,Monaco,Midfielder,26,181,74,Right,Medium,Medium,70.3,66.1,70.8,65.0,70.3,53.1,69.4,67.5,72.1,71.9,61.1,73.4,72.5,58.3,56.5,56.0,73.2,70.0,69.9,68.8,2544,32,0.2,0.46,75.0,52.0,9.8,4.74,70.3,Developing,0
PLR-2908,Kevin Saliba #2009,Uruguay,Premier League,Aston Villa,Midfielder,28,184,62,Right,Medium,High,70.5,83.6,94.9,67.1,84.4,77.5,88.9,90.5,90.5,91.5,81.3,75.3,84.0,69.0,68.1,61.3,96.7,79.5,80.0,70.3,2096,26,0.17,0.85,81.0,56.1,11.46,34.47,89.2,Elite,2
PLR-2909,Lucas Davies #2010,Portugal,Serie A,Napoli,Forward,26,177,84,Left,High,Medium,74.8,83.6,76.0,78.0,77.2,72.5,79.0,81.1,,63.1,60.0,87.6,82.8,42.6,48.3,36.1,70.3,69.9,54.5,82.2,2398,30,0.59,0.21,65.0,40.0,8.8,10.88,81.1,Star,1
PLR-2910,Marcus Oblak #2011,Portugal,Serie A,Napoli,Midfielder,30,172,71,Left,High,Low,72.0,62.3,,58.2,71.8,64.9,74.1,70.5,73.8,71.9,65.4,66.8,68.7,62.5,59.3,60.0,77.4,69.0,62.2,67.3,2009,25,0.14,0.6,75.0,53.1,10.76,3.45,73.5,Star,1
PLR-2911,Bukayo Van Dijk #2012,Germany,La Liga,Real Madrid,Defender,27,186,86,Right,Low,High,69.0,66.8,81.1,81.3,55.7,75.8,69.4,54.5,66.5,71.6,58.2,33.5,71.9,77.2,83.2,85.3,72.3,72.6,82.7,66.3,1489,19,0.04,0.14,72.0,73.7,8.83,9.18,79.7,Star,1
PLR-2912,Ederson Hernandez #2013,Colombia,Ligue 1,Nice,Goalkeeper,27,182,86,Left,Medium,Medium,39.1,45.8,43.1,66.2,52.0,60.2,33.1,35.5,42.5,46.8,25.0,15.0,45.6,27.9,19.2,16.3,63.8,54.8,60.4,82.1,2176,27,0.0,0.0,48.0,50.0,3.8,1.56,68.9,Developing,0
PLR-2913,Theo Modric #2014,Japan,Ligue 1,Monaco,Midfielder,24,175,81,Right,Medium,High,60.4,76.0,84.5,69.2,76.3,64.6,82.0,81.6,82.4,82.0,73.9,60.3,71.4,56.5,64.4,54.8,82.4,71.6,83.0,71.2,1958,25,0.03,0.71,77.1,57.3,11.22,14.98,80.6,Star,1
PLR-2914,Kevin Camavinga #2015,Senegal,Ligue 1,Lyon,Midfielder,22,179,73,Left,Medium,Medium,65.5,62.0,77.2,56.8,65.0,60.6,73.8,58.0,72.7,66.2,62.0,54.7,53.3,60.3,47.2,49.7,63.4,56.5,55.9,74.7,1599,20,0.02,0.37,75.0,52.0,9.93,2.5,66.4,Developing,0
PLR-2915,Gabriel Bellingham #2016,Canada,La Liga,Real Sociedad,Defender,18,189,80,Right,Medium,Medium,74.2,70.2,81.3,97.6,70.2,80.3,71.2,62.5,78.0,70.1,68.9,40.0,81.6,82.7,88.1,90.3,71.6,72.0,88.7,59.3,2250,28,0.0,0.11,72.0,74.8,9.83,27.22,84.9,Elite,2
PLR-2916,Federico Schmidt #2017,France,Bundesliga,Bayer Leverkusen,Defender,24,181,74,Left,Low,High,58.7,67.5,63.9,74.0,61.9,67.5,59.9,56.3,60.8,60.2,48.1,39.3,64.6,71.9,74.8,66.5,63.2,67.1,61.2,71.6,1753,22,0.05,0.06,72.0,68.4,8.5,5.9,70.8,Developing,0
PLR-2917,Jude Mueller #2018,Belgium,Bundesliga,Bayer Leverkusen,Midfielder,18,167,72,Right,Medium,Low,55.0,57.8,68.9,48.1,67.4,54.9,71.5,61.9,77.6,71.3,62.6,53.1,63.8,58.8,43.3,50.1,60.6,57.2,55.4,78.4,2145,27,0.02,0.43,75.0,52.0,9.8,2.94,66.8,Developing,0
PLR-2918,Luka Hernandez #2019,Senegal,Premier League,Arsenal,Midfielder,25,173,72,Right,Low,Medium,81.5,84.2,92.9,82.6,93.6,76.9,94.1,90.7,97.1,98.0,82.7,80.2,83.3,81.2,68.7,63.7,82.9,85.2,85.7,,2964,38,0.19,0.76,88.6,61.3,12.22,35.78,90.4,Elite,2
PLR-2919,Florian Rice #2020,Uruguay,Ligue 1,Rennes,Midfielder,29,189,76,Right,Low,High,82.5,70.9,86.9,72.7,66.6,62.4,72.6,75.3,73.5,82.3,64.0,57.5,63.1,50.9,58.5,54.4,71.0,67.1,67.8,69.5,1953,25,0.07,0.35,75.0,52.0,11.12,7.58,74.4,Star,1
PLR-2920,Darwin Silva #2021,Brazil,La Liga,Real Madrid,Defender,22,190,85,Left,Low,High,55.9,57.3,58.0,74.1,54.8,58.0,57.3,46.6,54.3,61.6,40.0,38.6,48.0,65.0,66.0,67.7,48.8,55.9,60.5,85.7,1674,21,0.01,0.03,72.0,62.0,8.5,1.82,65.1,Developing,0
PLR-2921,Nicolo Modric #2022,USA,Ligue 1,Rennes,Forward,29,179,77,Left,Medium,High,81.6,86.7,70.2,72.7,72.4,69.6,86.7,76.0,71.3,60.7,72.0,84.6,82.3,40.5,32.1,30.2,67.4,78.3,67.3,77.9,2203,28,0.58,0.28,65.0,40.0,,10.43,80.0,Star,1
PLR-2922,Gabriel Mueller #2023,England,Ligue 1,Lille,Midfielder,25,184,69,Left,Medium,Medium,61.8,69.3,65.0,62.1,63.9,45.0,62.7,58.0,72.6,68.6,58.8,56.7,69.0,53.2,55.1,53.0,63.2,63.4,62.3,62.8,2599,33,0.1,0.34,75.0,52.0,9.8,0.5,64.9,Developing,0
PLR-2923,Ruben Mendes #2024,Croatia,La Liga,Athletic Club,Midfielder,30,180,76,Right,Medium,Medium,62.4,70.8,83.5,61.0,72.2,62.5,78.8,71.9,79.4,80.3,60.7,70.9,70.7,57.2,58.7,62.1,81.0,82.4,68.0,79.6,3241,38,0.14,0.5,75.0,54.5,11.16,9.85,77.8,Star,1
PLR-2924,Khvicha Rice #2025,Nigeria,La Liga,Real Sociedad,Defender,25,185,94,Right,High,High,67.7,69.3,77.6,84.3,60.4,72.2,66.5,64.9,67.8,65.6,60.0,35.9,56.5,83.2,82.8,78.2,65.9,72.9,78.4,71.6,3117,38,0.01,0.04,72.0,76.3,9.34,10.94,79.2,Star,1
PLR-2925,Erling Williams #2026,Uruguay,Ligue 1,Rennes,Forward,26,184,64,Right,Medium,Medium,74.9,78.4,59.3,68.6,70.4,60.0,62.1,73.2,63.4,56.7,62.2,82.5,70.6,36.8,38.0,28.7,66.4,68.9,61.6,79.2,2232,28,0.37,0.04,65.0,40.0,8.8,5.65,72.1,Star,1
PLR-2926,Bruno Schmidt #2027,Canada,Ligue 1,Monaco,Midfielder,28,184,67,Right,High,Low,71.8,71.5,87.3,67.0,72.3,69.2,79.9,81.1,80.5,84.7,74.6,68.9,74.9,64.1,66.2,60.7,84.1,79.7,74.7,67.1,1836,23,0.15,0.71,75.0,52.7,11.37,8.94,79.0,Star,1
PLR-2927,Ruben Rodriguez #2028,France,Ligue 1,Nice,Midfielder,25,178,72,Right,Medium,Medium,74.7,65.9,80.6,59.5,78.3,68.5,76.8,83.1,85.4,78.2,80.8,65.3,76.1,67.6,58.2,66.8,92.2,75.0,76.0,64.8,2430,31,0.06,0.85,78.0,52.0,10.98,10.49,80.7,Star,1
PLR-2928,Antony Dias #2029,Croatia,Ligue 1,Lyon,Defender,24,188,68,Right,High,High,61.5,70.4,68.5,66.0,51.5,67.9,51.9,52.4,66.4,61.5,47.3,33.9,57.9,69.8,74.1,67.9,59.4,57.0,67.6,69.6,1175,15,0.02,0.06,72.0,69.4,8.5,5.09,67.9,Developing,0
PLR-2929,Jan Modric #2030,Italy,Serie A,AC Milan,Forward,30,185,72,Right,High,Low,89.5,95.4,73.4,84.3,89.7,71.4,85.8,94.4,76.3,70.6,77.4,97.1,84.5,36.1,44.6,44.7,72.0,78.8,70.4,66.0,1544,19,0.64,0.3,65.0,40.0,8.8,19.97,89.5,Elite,2
PLR-2930,Leo Traore #2031,Portugal,La Liga,Villarreal,Midfielder,24,167,74,Right,High,Medium,59.6,75.3,71.9,70.8,71.7,71.8,80.3,65.2,,81.0,65.9,69.4,73.0,60.8,60.4,55.2,78.7,67.8,76.4,74.0,3258,38,0.11,0.52,75.0,52.0,9.8,14.07,76.4,Star,1
PLR-2931,Nicolo Bastoni #2032,Germany,Premier League,Tottenham,Midfielder,27,175,71,Right,High,Medium,68.8,64.7,79.4,66.0,73.2,59.6,77.2,72.7,78.3,76.4,62.7,64.8,66.9,53.6,55.2,56.9,76.0,62.2,58.6,77.7,2142,27,0.04,0.57,75.0,52.0,10.91,6.88,74.6,Star,1
PLR-2932,Bruno Van Dijk #2033,Morocco,Serie A,Juventus,Midfielder,20,185,68,Right,Medium,High,75.6,79.4,91.2,70.3,82.7,70.2,89.0,85.8,89.2,88.4,79.7,70.2,82.6,60.3,68.1,65.3,78.3,68.3,68.4,78.7,1917,24,0.04,0.78,81.4,55.2,11.87,21.68,84.1,Elite,2
PLR-2933,Alejandro Rodri #2034,Portugal,Ligue 1,Lille,Midfielder,28,170,67,Left,High,High,71.3,67.1,74.8,60.8,66.8,54.8,68.6,63.7,76.7,67.8,69.3,61.7,71.7,47.4,58.5,48.9,74.0,70.3,60.8,77.9,2379,30,0.16,0.48,75.0,52.0,10.47,5.74,72.4,Star,1
PLR-2934,Takefusa Hernandez #2035,Germany,La Liga,Villarreal,Defender,29,181,77,Right,High,Low,64.7,74.2,76.4,85.7,65.9,81.1,63.9,64.9,72.7,73.9,65.6,58.8,74.8,87.0,92.1,91.2,66.8,76.0,77.8,71.3,1893,24,0.03,0.17,72.0,83.2,9.33,23.77,85.8,Elite,2
PLR-2935,Mateo Jones #2036,Portugal,Bundesliga,Bayern Munich,Defender,27,179,72,Right,Medium,Medium,66.9,67.0,72.0,70.6,60.5,80.8,57.4,51.7,64.0,66.4,64.9,32.6,70.4,77.6,79.0,80.3,61.8,62.4,86.4,61.7,1715,21,0.04,0.01,72.0,69.5,8.5,10.57,76.7,Star,1
PLR-2936,Thibaut Fernandez #2037,Ghana,Serie A,AC Milan,Forward,20,180,80,Right,Medium,Medium,90.0,88.8,79.4,79.5,88.9,77.6,91.9,95.6,79.7,77.1,76.1,87.7,84.9,44.1,47.4,31.2,70.2,72.4,88.5,73.6,1071,13,0.6,0.34,71.7,40.0,9.18,39.75,88.6,Elite,2
PLR-2937,Darwin Sato #2038,USA,Serie A,Juventus,Defender,27,194,81,Right,High,Medium,62.3,58.1,65.0,76.8,51.4,76.0,56.6,51.7,52.0,55.3,41.6,45.9,64.6,72.7,74.0,68.3,55.5,63.3,70.9,72.1,2877,36,0.02,0.01,72.0,69.6,8.5,3.33,73.6,Star,1
PLR-2938,Jude Donnarumma #2039,Brazil,Premier League,Liverpool,Midfielder,18,177,65,Right,High,Medium,72.6,85.0,87.7,63.7,75.3,70.2,87.5,91.7,85.7,85.4,81.0,73.0,76.3,69.2,62.2,61.0,69.0,70.3,79.5,69.0,2175,27,0.23,0.57,78.8,52.0,,16.04,78.7,Star,1
PLR-2939,Trent Maignan #2040,Japan,Bundesliga,VfB Stuttgart,Forward,30,171,80,Right,High,Medium,72.3,62.7,57.6,56.0,60.7,55.8,63.6,64.6,59.9,42.0,57.4,69.1,68.9,30.0,32.4,22.0,62.7,61.1,66.2,74.9,1804,23,0.37,0.08,65.0,40.0,8.8,3.99,64.1,Developing,0
PLR-2940,Takefusa Davies #2041,England,Bundesliga,Bayer Leverkusen,Forward,31,182,78,Right,Medium,Medium,72.1,69.1,57.8,71.9,75.6,73.0,71.0,77.5,67.3,62.3,62.7,84.4,77.5,43.4,42.7,27.3,67.8,73.2,70.1,85.5,2423,31,0.5,0.23,65.0,40.0,8.8,0.85,75.0,Star,1
PLR-2941,Khvicha Dias #2042,USA,Bundesliga,Borussia Dortmund,Midfielder,27,172,65,Right,High,Medium,77.0,81.0,84.6,75.0,84.5,67.2,83.9,86.0,91.4,93.5,75.9,79.1,82.3,69.3,70.7,63.2,85.5,74.9,64.2,67.8,2639,33,0.28,0.76,86.7,70.2,11.44,21.88,85.1,Elite,2
PLR-2942,Marcus Rice #2043,Argentina,Premier League,Chelsea,Defender,26,182,76,Left,Medium,Medium,75.4,80.0,94.3,94.4,74.6,91.1,74.8,72.3,78.4,71.8,57.2,54.6,72.4,92.6,93.6,97.8,79.6,85.4,86.1,72.5,2081,26,0.03,0.1,72.0,89.9,10.3,60.57,93.6,Elite,2
PLR-2943,Mateo Jones #2044,South Korea,Ligue 1,Nice,Defender,28,189,86,Right,Medium,High,59.7,59.3,65.9,76.7,66.7,75.2,59.4,52.7,57.1,60.3,56.4,43.2,57.0,69.2,73.0,73.0,58.0,64.0,61.8,73.8,2513,32,0.05,0.01,72.0,65.5,8.5,4.82,71.2,Star,1
PLR-2944,William Hakimi #2045,Norway,Ligue 1,Rennes,Defender,28,185,79,Right,High,High,61.4,67.0,61.8,75.0,63.0,70.2,67.0,59.1,63.3,67.8,58.3,45.0,64.9,74.2,80.0,78.6,60.3,70.8,70.0,78.0,1630,20,0.01,0.08,72.0,71.8,8.5,2.54,76.5,Star,1
PLR-2945,Noah Davies #2046,Uruguay,Ligue 1,Lille,Midfielder,19,174,78,Right,Medium,High,64.7,82.3,95.5,79.1,82.3,72.8,78.0,87.2,94.6,92.0,69.7,77.4,76.1,68.2,59.4,53.2,75.1,68.8,74.3,71.1,2742,35,0.13,0.72,84.8,54.8,11.96,21.6,83.3,Elite,2
PLR-2946,Alessandro Fernandez #2047,Ghana,Bundesliga,Bayer Leverkusen,Midfielder,19,168,80,Right,High,Medium,55.0,56.0,65.0,54.6,66.7,58.8,62.0,59.4,68.7,63.1,64.8,48.0,64.4,56.8,55.1,47.4,67.0,48.8,63.1,72.5,2253,28,0.04,0.45,75.0,52.0,9.8,0.57,61.5,Developing,0
PLR-2947,Moises Davies #2048,Argentina,Serie A,Fiorentina,Forward,28,175,72,Left,High,Medium,99.0,96.4,89.6,70.9,90.3,84.1,95.0,93.3,86.0,62.5,81.1,99.0,96.2,59.1,42.9,41.1,84.5,85.2,83.9,64.3,2003,25,0.78,0.47,68.0,40.0,10.51,60.93,94.5,Elite,2
PLR-2948,Trent Saliba #2049,Italy,Ligue 1,Lyon,Midfielder,22,174,77,Right,High,High,56.0,74.0,82.3,72.7,69.1,67.1,75.3,64.3,83.6,82.0,78.0,57.7,71.3,61.2,66.6,49.8,73.4,67.6,66.8,76.6,2385,30,0.05,0.49,75.0,52.0,10.62,8.1,74.1,Star,1
PLR-2949,Kylian Moreno #2050,Italy,Bundesliga,Borussia Dortmund,Midfielder,31,183,79,Right,High,High,77.1,75.6,86.4,72.6,84.0,65.6,83.1,81.0,88.0,90.2,89.9,76.3,78.4,56.7,68.3,60.1,86.1,77.4,78.6,72.4,2126,27,0.18,0.73,76.7,61.6,10.96,12.35,84.0,Elite,2
PLR-2950,Gabriel Garcia #2051,Ghana,Ligue 1,Rennes,Forward,25,174,74,Left,Low,Medium,80.8,84.8,72.4,72.3,74.9,68.3,72.5,72.8,69.6,60.2,59.7,87.3,81.9,30.7,34.2,36.2,69.8,75.2,57.4,75.4,2539,32,0.65,0.23,65.0,40.0,9.23,8.16,77.4,Star,1
PLR-2951,Bruno Schmidt #2052,Belgium,La Liga,Girona,Forward,26,187,86,Right,Medium,Medium,75.7,70.5,68.8,62.1,62.2,53.4,74.3,65.6,57.3,52.6,52.8,79.5,67.5,37.4,30.9,35.1,59.5,68.2,58.7,73.5,1331,17,0.61,0.1,65.0,40.0,8.8,2.16,70.0,Developing,0
PLR-2952,Julian Hernandez #2053,USA,Bundesliga,VfB Stuttgart,Midfielder,32,166,72,Right,High,Low,75.4,65.6,88.4,72.7,78.4,68.3,87.9,82.9,81.1,82.9,79.7,75.6,85.4,71.1,56.7,59.9,89.9,80.6,70.3,68.8,2569,32,0.16,0.75,75.0,54.5,11.89,9.92,83.9,Elite,2
PLR-2953,Trent Tanaka #2054,Belgium,Premier League,Chelsea,Defender,27,181,78,Right,Medium,Medium,67.1,72.4,89.1,86.5,70.5,72.5,76.3,70.8,73.8,73.4,57.7,43.0,81.9,86.2,95.7,94.5,77.0,77.7,79.8,73.0,2096,26,0.08,0.11,72.0,84.7,9.83,19.68,86.7,Elite,2
PLR-2954,Eduardo Barella #2055,Belgium,Ligue 1,Nice,Goalkeeper,28,185,82,Left,Medium,Medium,37.5,35.0,40.0,59.0,45.0,52.7,38.9,25.0,40.0,42.0,28.4,20.0,46.8,30.3,18.0,29.1,51.6,56.2,51.4,75.4,2182,27,0.0,0.01,48.0,50.0,3.8,2.0,62.2,Developing,0
PLR-2955,Carlos Camavinga #2056,Japan,Bundesliga,Eintracht Frankfurt,Goalkeeper,23,191,81,Left,Medium,Low,43.3,48.7,44.0,77.8,66.9,78.3,48.1,28.8,49.6,52.8,30.9,24.3,55.5,44.3,23.7,20.0,66.5,74.9,79.7,68.5,2574,33,0.0,0.0,48.0,50.0,,24.13,84.3,Elite,2
PLR-2956,Luka Mendes #2057,Brazil,Premier League,Arsenal,Defender,24,181,85,Right,High,Medium,75.5,64.0,74.5,87.7,59.7,69.1,68.4,57.3,65.3,68.3,56.0,44.1,73.0,86.8,87.1,86.1,60.0,73.4,66.3,69.7,2028,26,0.1,0.11,72.0,80.0,8.5,22.45,84.2,Elite,2
PLR-2957,Enzo Bastoni #2058,Uruguay,Bundesliga,Borussia Dortmund,Midfielder,21,179,74,Right,High,Medium,68.0,67.9,73.8,64.2,74.2,55.2,73.0,77.4,74.8,74.3,72.9,54.2,65.7,62.8,53.2,55.9,68.9,59.5,63.9,74.5,2014,25,0.02,0.53,75.0,52.0,10.49,5.04,71.0,Star,1
PLR-2958,Gavi Jones #2059,Croatia,Serie A,Lazio,Midfielder,26,174,70,Right,High,High,76.5,75.9,90.3,65.7,85.5,75.8,83.8,87.3,89.3,87.7,75.9,71.3,74.8,62.2,71.5,70.0,85.3,81.7,69.9,68.9,1523,19,0.23,0.64,81.0,60.9,11.53,23.26,85.1,Elite,2
PLR-2959,Marcus Mendes #2060,Ghana,Ligue 1,Lyon,Defender,28,182,74,Left,Low,High,69.0,62.9,76.4,68.8,66.3,82.8,66.3,62.4,68.1,67.6,57.6,46.9,64.1,79.9,86.6,82.1,71.0,79.8,77.6,71.3,2556,32,0.01,0.09,72.0,78.5,,9.22,77.8,Star,1
PLR-2960,Gianluigi Dias #2061,USA,Bundesliga,VfB Stuttgart,Forward,24,184,76,Left,Medium,Medium,70.4,73.6,66.9,67.0,73.1,60.2,72.6,71.7,67.0,57.1,58.5,82.9,73.6,40.7,34.4,32.0,62.6,65.5,69.2,72.9,2495,31,0.49,0.12,65.0,40.0,8.8,4.22,72.4,Star,1
PLR-2961,Alexis Tchouameni #2062,France,Premier League,Manchester City,Midfielder,18,175,70,Right,Medium,High,55.0,56.0,70.7,55.1,66.7,57.6,68.0,65.6,70.3,63.8,53.1,62.3,66.9,56.4,58.9,59.1,58.9,52.9,50.5,82.0,3043,38,0.05,0.35,75.0,52.0,9.8,1.54,65.8,Developing,0
PLR-2962,Mike Jones #2063,Nigeria,Bundesliga,Borussia Dortmund,Defender,26,179,80,Left,High,Medium,69.4,66.2,71.1,76.8,60.5,85.5,55.7,59.9,65.3,64.9,53.2,51.0,51.2,80.6,74.6,73.2,60.8,69.0,76.8,70.2,918,11,0.0,0.02,72.0,72.2,8.5,3.54,74.0,Star,1
PLR-2963,Jude Valverde #2064,Ghana,Serie A,Fiorentina,Midfielder,29,180,82,Right,Medium,Medium,63.9,61.8,65.0,54.0,69.2,57.5,72.2,63.1,70.1,68.6,54.3,56.0,61.4,55.3,52.8,57.2,67.0,60.2,56.0,81.0,2569,32,0.04,0.38,75.0,52.0,9.8,3.09,66.7,Developing,0
PLR-2964,Luka Alvarez #2065,France,Serie A,Fiorentina,Midfielder,26,172,82,Right,Medium,High,72.1,64.3,79.8,63.5,76.6,65.2,80.2,75.3,81.5,82.2,74.4,63.7,75.2,57.1,65.0,65.6,80.6,78.6,67.8,70.7,2176,27,0.16,0.69,76.8,56.2,10.9,9.0,77.8,Star,1
PLR-2965,Virgil Wirtz #2066,Belgium,Premier League,Manchester City,Midfielder,20,187,72,Left,Medium,Low,68.4,61.6,87.6,59.5,74.6,64.3,80.9,77.1,85.8,77.3,77.3,66.2,74.2,68.6,63.8,49.9,77.1,66.2,73.2,69.4,3334,38,0.1,0.62,75.6,52.9,11.14,21.72,81.7,Star,1
PLR-2966,Alphonso Rodri #2067,Morocco,Bundesliga,VfB Stuttgart,Forward,24,168,79,Right,Medium,High,84.9,85.0,78.0,72.1,80.0,65.7,76.7,80.3,78.1,48.7,71.1,85.0,80.1,32.5,37.7,43.5,62.1,68.1,69.4,72.5,2118,27,0.47,0.13,65.0,40.0,8.8,14.07,79.1,Star,1
PLR-2967,Bruno Smith #2068,Belgium,Serie A,Roma,Midfielder,19,186,76,Right,Medium,Medium,71.0,67.6,84.5,72.6,78.2,59.1,84.3,74.3,82.4,80.4,77.0,60.5,78.9,76.3,63.2,53.7,75.3,64.8,72.0,72.5,1886,24,0.04,0.52,75.0,52.0,10.48,11.0,77.8,Star,1
PLR-2968,Ruben Bellingham #2069,Norway,Bundesliga,VfB Stuttgart,Midfielder,23,184,82,Right,Low,Low,70.6,68.4,75.8,70.6,71.6,59.4,78.5,66.0,82.1,73.0,71.4,66.9,67.0,61.2,62.2,52.0,79.2,72.2,75.3,69.4,2763,35,0.05,0.64,75.0,52.0,10.11,4.72,77.1,Star,1
PLR-2969,Eduardo Tanaka #2070,Netherlands,La Liga,Girona,Forward,25,185,81,Right,High,Medium,88.1,95.0,77.5,69.2,80.7,85.3,84.7,87.9,75.7,60.1,74.4,99.0,84.6,34.9,46.1,37.2,73.4,75.0,82.8,67.2,1753,22,0.85,0.1,65.0,40.0,9.71,21.75,86.7,Elite,2
PLR-2970,Florian Courtois #2071,South Korea,Bundesliga,Bayer Leverkusen,Forward,25,181,66,Left,High,High,89.5,74.4,66.9,64.7,74.9,73.0,84.2,82.9,78.1,59.7,68.0,89.0,85.8,45.6,43.6,32.6,64.5,86.6,67.5,65.7,2914,37,0.48,0.34,65.0,40.0,9.11,18.06,84.7,Elite,2
PLR-2971,Ederson Bastoni #2072,Croatia,Bundesliga,Eintracht Frankfurt,Defender,27,191,80,Left,High,Medium,76.9,82.0,86.1,89.0,59.3,89.6,71.5,59.7,79.2,78.2,66.7,50.9,76.1,89.5,96.4,88.2,72.5,76.7,86.6,67.9,2052,26,0.03,0.11,72.1,93.0,9.28,29.41,88.4,Elite,2
PLR-2972,Ruben Garcia #2073,Senegal,La Liga,Villarreal,Forward,22,182,73,Left,Low,Low,74.5,90.3,71.7,71.9,80.0,78.7,85.5,88.8,77.1,67.3,71.4,92.6,88.7,45.3,40.7,30.0,71.3,80.2,75.8,64.8,2486,31,0.61,0.27,65.3,40.0,8.8,22.6,84.0,Elite,2
PLR-2973,Marcus Martinez #2074,England,Premier League,Manchester City,Midfielder,27,170,74,Right,Medium,High,83.6,85.4,90.9,83.2,84.5,76.2,95.1,81.9,99.0,90.9,91.1,80.5,77.3,73.8,69.0,76.1,93.6,88.4,83.3,68.4,2344,30,0.06,0.85,89.1,64.3,12.21,44.81,91.2,Elite,2
PLR-2974,Pedri Maignan #2075,Morocco,Serie A,Juventus,Midfielder,23,177,78,Left,Low,Medium,74.7,75.8,89.6,72.1,86.2,59.9,80.2,93.6,89.2,87.0,76.7,74.9,82.6,75.6,72.0,61.2,81.8,88.7,77.8,75.6,2435,31,0.27,0.63,82.3,59.5,11.31,27.9,85.1,Elite,2
PLR-2975,Jude Foden #2076,Belgium,La Liga,Villarreal,Goalkeeper,27,193,82,Right,High,High,46.2,48.2,40.0,74.5,57.6,73.0,42.2,25.0,49.8,46.3,25.1,32.4,55.3,31.6,26.0,26.0,65.2,70.7,69.4,76.4,2718,34,0.0,0.0,48.0,50.0,4.13,10.01,78.9,Star,1
PLR-2976,Takefusa Donnarumma #2077,Morocco,Ligue 1,Paris Saint-Germain,Forward,30,183,74,Right,High,Medium,88.7,89.5,79.2,77.7,81.6,76.3,82.3,79.3,85.5,71.4,71.9,95.4,83.4,49.4,56.0,42.5,79.6,80.0,83.6,84.1,2037,26,0.57,0.27,65.7,40.0,9.1,13.86,84.8,Elite,2
PLR-2977,Virgil Oblak #2078,England,Bundesliga,RB Leipzig,Midfielder,27,181,86,Left,High,Medium,70.3,76.8,82.1,77.5,80.7,67.4,75.1,76.8,80.7,83.4,75.6,68.4,73.7,66.0,63.2,67.0,85.6,71.8,76.3,64.9,685,8,0.09,0.68,75.0,52.0,10.78,8.2,78.1,Star,1
PLR-2978,Alessandro Kroos #2079,Brazil,Bundesliga,Borussia Dortmund,Defender,27,189,82,Right,Medium,Low,64.5,70.5,71.6,79.3,66.1,88.7,62.9,69.5,68.1,71.5,53.1,51.3,65.3,89.5,86.8,80.8,69.6,80.1,74.4,72.9,970,12,0.05,0.1,72.0,73.4,8.5,16.28,82.1,Elite,2
PLR-2979,Bukayo Sato #2080,Ghana,La Liga,Real Madrid,Defender,23,187,73,Left,Medium,Medium,61.8,65.4,64.2,72.0,53.5,68.2,65.1,44.8,62.6,66.8,56.6,38.7,62.3,71.0,78.9,78.7,62.6,56.8,74.1,70.1,2566,32,0.02,0.19,72.0,78.6,8.5,4.53,72.2,Star,1
PLR-2980,Takefusa Camavinga #2081,Argentina,Premier League,Newcastle,Forward,31,188,71,Right,Medium,Low,66.2,68.8,60.0,53.0,70.9,58.9,60.5,62.9,56.4,42.4,59.1,72.0,58.0,38.8,28.5,25.1,59.7,58.9,60.5,80.6,2454,31,0.4,0.15,65.0,40.0,8.8,2.17,64.1,Developing,0
PLR-2981,Thibaut Hernandez #2082,France,Serie A,Lazio,Defender,31,186,77,Right,Low,Medium,90.4,73.6,77.8,91.4,71.3,98.0,73.9,68.8,83.0,86.5,66.7,64.9,71.4,95.9,97.8,92.4,79.5,80.0,89.2,66.7,2225,28,0.01,0.12,74.5,91.1,9.44,41.52,94.5,Elite,2
PLR-2982,Gabriel Courtois #2083,England,Ligue 1,Lyon,Midfielder,26,169,72,Left,Medium,High,67.0,70.0,90.5,63.7,74.5,71.3,82.6,81.1,89.2,82.6,64.7,73.0,72.8,73.8,64.1,59.3,80.5,73.0,77.6,71.8,1495,19,0.21,0.65,79.0,57.3,11.94,14.22,80.8,Star,1
PLR-2983,Marcus Dias #2084,Senegal,Serie A,Fiorentina,Midfielder,23,173,67,Right,Medium,Medium,68.6,65.1,69.2,54.4,62.5,54.4,67.1,67.8,67.4,72.4,77.3,58.1,64.3,45.6,55.2,48.2,61.9,64.5,50.5,80.9,2458,31,0.02,0.24,75.0,52.0,9.8,0.5,66.6,Developing,0
PLR-2984,Dominik Tanaka #2085,South Korea,La Liga,Real Sociedad,Forward,31,179,77,Right,High,High,68.5,65.9,63.2,56.4,71.4,63.3,65.1,73.5,59.1,57.6,59.5,65.6,70.6,35.7,35.6,29.8,61.0,72.5,68.7,68.9,1733,22,0.33,0.07,65.0,40.0,8.8,3.01,68.8,Developing,0
PLR-2985,Vinicius Williams #2086,Germany,Bundesliga,Borussia Dortmund,Forward,25,181,70,Left,Medium,Low,85.8,86.3,71.1,69.6,79.0,70.0,75.6,73.4,63.3,64.3,76.6,84.9,76.8,41.8,37.3,24.1,70.2,70.3,57.2,72.4,1938,24,0.61,0.2,65.0,40.0,9.05,12.09,80.4,Star,1
PLR-2986,Ruben Davies #2087,Netherlands,Ligue 1,Lyon,Defender,24,192,68,Right,Medium,Medium,53.7,58.0,65.7,67.1,57.0,59.4,53.2,55.8,60.3,51.6,50.6,30.0,48.4,68.0,71.0,64.2,60.0,64.2,64.8,75.5,2431,31,0.09,0.01,72.0,62.4,,2.94,67.5,Developing,0
PLR-2987,William Valverde #2088,Brazil,Bundesliga,Bayer Leverkusen,Midfielder,28,180,72,Left,Low,Medium,76.0,64.9,79.7,77.4,73.1,62.8,77.3,72.4,76.4,70.6,67.5,64.1,73.6,61.2,62.2,51.5,71.6,75.9,75.2,65.9,2719,34,0.09,0.46,75.0,52.6,10.73,6.04,75.1,Star,1
PLR-2988,Marcus Barella #2089,Spain,Bundesliga,Eintracht Frankfurt,Midfielder,33,185,83,Right,Medium,Low,55.0,60.2,69.1,53.1,65.8,51.6,73.2,61.4,66.2,69.3,65.2,48.0,66.6,49.6,60.9,44.0,64.2,66.0,52.3,89.0,3287,38,0.03,0.22,75.0,55.9,9.8,2.26,66.3,Developing,0
PLR-2989,Florian Van Dijk #2090,Brazil,Bundesliga,VfB Stuttgart,Defender,24,175,89,Right,Medium,Medium,70.1,66.9,65.9,79.6,61.4,74.0,68.8,60.0,63.5,65.6,57.6,35.9,63.9,77.5,80.6,81.0,67.1,60.2,76.7,76.6,1702,21,0.11,0.06,72.0,77.0,8.5,6.4,77.0,Star,1
PLR-2990,Son Fernandez #2091,Colombia,Premier League,Liverpool,Defender,25,187,73,Left,Medium,High,59.6,71.8,74.7,70.4,58.6,75.8,61.7,57.2,69.4,62.9,50.5,46.7,55.9,76.9,76.2,70.9,61.5,69.5,72.5,72.9,1677,21,0.06,0.07,72.0,77.3,,3.28,71.0,Developing,0
PLR-2991,Cole Williams #2092,Ghana,Serie A,Fiorentina,Forward,32,186,79,Right,Low,High,84.4,89.3,83.8,81.4,79.4,83.1,81.7,88.6,79.6,58.9,78.2,85.6,84.8,51.0,48.4,40.6,73.9,79.7,74.1,64.3,1957,25,0.46,0.3,65.0,40.0,9.48,14.67,82.8,Elite,2
PLR-2992,Eduardo Kroos #2093,Brazil,Bundesliga,Bayern Munich,Midfielder,22,184,77,Left,High,High,72.4,79.0,80.2,64.6,79.7,65.1,78.8,77.3,81.6,92.1,70.6,69.6,76.6,70.5,58.9,62.2,70.9,70.2,61.6,75.5,2527,32,0.13,0.61,75.0,52.0,10.38,10.25,77.5,Star,1
PLR-2993,Theo Barella #2094,Brazil,Premier League,Arsenal,Forward,26,196,88,Right,Medium,High,78.3,67.8,58.1,58.5,69.7,71.7,67.4,71.4,63.6,48.7,61.3,72.7,77.0,34.3,35.2,28.2,59.2,65.1,54.8,84.0,2506,32,0.38,0.16,65.0,40.0,8.8,2.73,71.0,Developing,0
PLR-2994,Virgil Mbappe #2095,Morocco,Premier League,Aston Villa,Defender,25,189,79,Right,Medium,Medium,82.9,82.8,81.0,86.4,61.1,68.7,70.6,61.1,70.5,72.3,54.1,53.3,77.6,90.0,88.0,83.6,72.1,80.0,79.8,60.6,2308,29,0.02,0.12,72.0,81.8,9.02,19.72,85.1,Elite,2
PLR-2995,Virgil Traore #2096,Norway,Serie A,AC Milan,Defender,26,181,79,Left,High,Medium,68.3,61.8,64.5,73.9,57.4,64.5,61.6,62.4,59.7,59.8,50.0,32.5,48.0,74.4,75.9,79.6,65.5,66.7,70.1,74.7,1866,23,0.01,0.05,72.0,68.3,8.5,5.9,74.6,Star,1
PLR-2996,Alessandro Camavinga #2097,USA,Ligue 1,Paris Saint-Germain,Goalkeeper,22,186,78,Right,Medium,Low,38.9,46.1,40.3,67.0,55.9,57.7,37.6,25.0,51.4,46.9,20.0,23.0,56.8,32.1,18.0,24.2,63.4,64.2,70.7,65.2,2231,28,0.0,0.0,48.0,50.0,3.84,2.38,66.1,Developing,0
PLR-2997,Aurélien Dias #2098,South Korea,La Liga,Real Madrid,Forward,30,167,73,Left,High,Medium,90.7,98.5,79.2,77.6,84.5,83.6,85.7,91.2,80.4,61.3,77.7,96.3,86.1,59.2,40.6,41.7,72.8,86.6,70.3,64.7,2374,30,0.67,0.36,65.0,40.0,9.14,20.83,89.2,Elite,2
PLR-2998,Rafael De Bruyne #2099,Uruguay,Ligue 1,Monaco,Forward,20,175,81,Right,High,Medium,69.4,63.6,64.3,62.1,63.8,53.2,69.5,66.8,63.4,57.4,69.0,66.3,71.5,31.1,35.9,30.0,55.8,63.2,52.4,79.6,2423,31,0.29,0.08,65.0,40.0,8.8,0.5,70.2,Developing,0
PLR-2999,Trent Santos #2100,Argentina,Serie A,Inter Milan,Midfielder,24,185,75,Right,Medium,High,65.1,72.7,69.2,59.1,66.1,64.6,63.2,73.1,78.0,72.5,70.5,66.7,66.3,52.8,56.5,60.7,71.3,67.0,50.1,85.1,1011,12,0.1,0.65,75.0,52.0,9.9,4.07,68.1,Developing,0
PLR-3000,Alejandro Donnarumma #2101,USA,Bundesliga,Borussia Dortmund,Forward,21,187,64,Right,Medium,Medium,79.4,77.2,75.7,59.6,78.6,71.5,79.7,82.9,72.3,57.9,64.7,85.2,81.5,43.7,29.8,33.8,62.7,71.3,70.8,79.4,3090,38,0.76,0.31,65.0,40.0,9.29,14.21,80.2,Star,1
PLR-3001,Antony De Bruyne #2102,Argentina,Premier League,Manchester City,Forward,21,184,71,Right,Medium,High,71.3,72.1,61.8,55.3,72.1,62.0,73.3,70.8,66.8,58.5,72.6,74.3,70.0,37.4,40.7,30.5,53.3,60.5,63.0,82.6,2097,26,0.34,0.02,65.0,40.0,8.8,2.66,70.3,Developing,0
PLR-3002,Kaoru Diallo #2103,Norway,Premier League,Newcastle,Goalkeeper,23,186,92,Left,Medium,Low,48.0,51.5,40.0,76.5,58.2,73.9,40.0,29.0,41.3,51.8,23.5,16.6,71.4,35.6,20.9,17.9,68.3,64.1,65.3,79.6,2582,33,0.0,0.0,48.0,50.0,3.8,7.84,77.0,Star,1
PLR-3003,Julian Alvarez #2104,Germany,La Liga,Barcelona,Forward,33,176,75,Right,High,High,75.5,67.3,67.6,57.2,70.9,61.0,73.6,74.5,66.8,55.9,61.0,79.3,68.2,33.7,40.7,35.2,66.8,72.1,52.9,76.3,2759,35,0.47,0.18,65.0,40.0,8.8,1.56,74.6,Star,1
PLR-3004,Takefusa Modric #2105,Colombia,Serie A,Napoli,Forward,32,182,75,Right,Low,Low,61.6,62.0,55.0,64.1,63.3,55.2,58.0,65.3,56.2,47.0,51.1,72.6,67.4,36.8,25.0,25.0,53.0,54.9,46.4,78.2,3420,38,0.33,0.04,65.0,40.0,8.8,1.59,64.4,Developing,0
PLR-3005,Rodri Barella #2106,Nigeria,La Liga,Real Madrid,Defender,27,178,80,Right,Medium,High,67.6,66.6,63.6,82.1,56.5,71.9,67.5,57.1,59.6,57.1,50.4,40.9,62.1,85.0,75.0,81.3,67.5,69.3,78.4,77.9,2008,25,0.04,0.03,72.0,64.2,8.5,9.49,76.0,Star,1
PLR-3006,Enzo Valverde #2107,Norway,Serie A,Napoli,Midfielder,22,182,71,Right,Medium,Medium,60.6,70.2,67.7,56.5,58.0,60.9,73.7,65.6,,73.8,70.9,64.6,63.4,60.5,52.1,57.4,59.2,56.5,58.0,72.1,1005,12,0.13,0.31,75.0,52.0,9.8,0.5,69.4,Developing,0
PLR-3007,Leo Bellingham #2108,Norway,Serie A,Fiorentina,Defender,26,182,73,Left,Medium,Medium,74.7,76.1,85.6,89.1,69.8,81.3,76.2,62.9,78.5,75.8,68.8,41.3,69.0,91.3,91.8,87.1,75.8,73.9,81.4,63.9,2184,28,0.05,0.08,72.0,81.9,9.41,32.94,88.8,Elite,2
PLR-3008,Rafael Foden #2109,Netherlands,Ligue 1,Lille,Forward,20,182,64,Right,High,Medium,73.6,77.0,81.6,74.8,73.7,65.0,76.7,76.1,75.9,67.9,62.2,82.2,76.4,38.4,37.0,28.3,57.2,61.6,58.9,78.2,1659,21,0.6,0.21,65.0,40.0,8.8,10.87,76.8,Star,1
PLR-3009,Carlos Donnarumma #2110,Portugal,Serie A,Inter Milan,Midfielder,26,182,78,Right,Medium,Medium,72.5,75.1,82.0,75.2,84.4,58.9,86.8,78.7,90.7,85.9,80.8,69.4,76.1,71.8,77.8,58.4,83.8,80.8,63.6,78.8,2645,33,0.08,0.67,82.8,68.1,10.78,17.3,83.1,Elite,2
PLR-3010,Virgil Foden #2111,USA,La Liga,Athletic Club,Forward,26,178,71,Right,Medium,High,71.1,73.8,55.0,51.0,64.7,53.6,59.4,71.3,52.5,44.2,55.1,64.3,59.4,30.0,26.0,28.4,60.8,63.2,52.5,84.6,2751,35,0.31,0.08,65.0,40.0,8.8,0.5,64.8,Developing,0
PLR-3011,Son Smith #2112,Portugal,Serie A,Inter Milan,Forward,23,186,83,Right,High,Low,71.8,65.3,62.8,55.2,69.3,61.3,71.6,60.8,55.6,51.0,61.3,64.4,66.2,36.4,27.5,22.0,61.9,50.2,58.2,75.8,2600,33,0.13,0.04,65.0,40.0,8.8,2.73,63.7,Developing,0
PLR-3012,Declan Kim #2113,Portugal,Ligue 1,Paris Saint-Germain,Goalkeeper,23,189,77,Left,High,Medium,45.1,45.4,40.0,64.9,54.3,72.4,36.9,25.0,56.2,45.0,26.3,30.4,58.4,38.7,28.7,15.0,63.8,66.1,63.0,77.3,2187,28,0.0,0.02,48.0,50.0,3.8,4.74,74.3,Star,1
PLR-3013,Gianluigi Mendes #2114,Japan,La Liga,Barcelona,Forward,26,184,79,Right,High,Medium,86.8,90.1,80.2,77.7,84.5,75.6,89.6,82.6,72.4,67.7,74.3,89.9,78.5,49.0,33.6,33.0,77.8,75.7,72.8,73.7,1586,20,0.6,0.38,65.0,40.0,9.71,22.66,85.2,Elite,2
PLR-3014,Bruno Wirtz #2115,Netherlands,Bundesliga,RB Leipzig,Midfielder,28,170,68,Left,High,High,64.5,64.3,78.0,60.4,76.0,67.4,75.6,70.7,78.2,78.5,70.7,69.3,73.8,52.7,61.6,53.0,77.1,67.3,55.6,75.9,1689,21,0.1,0.52,75.0,53.0,10.93,2.53,73.8,Star,1
PLR-3015,Kaoru Bellingham #2116,Canada,La Liga,Real Madrid,Midfielder,31,176,70,Right,High,Medium,69.4,66.5,87.2,69.3,77.5,71.9,85.9,74.4,84.4,87.8,78.6,72.6,77.7,69.4,65.7,64.2,82.5,81.4,73.9,72.0,1319,16,0.04,0.58,79.3,52.6,11.79,10.08,82.3,Elite,2
PLR-3016,Eduardo Courtois #2117,Morocco,Serie A,Fiorentina,Midfielder,24,180,75,Right,Medium,High,77.5,78.2,88.1,73.5,80.5,66.9,85.8,81.8,84.3,83.4,71.3,70.6,77.6,64.2,74.3,45.7,85.2,79.3,81.4,66.9,2026,25,0.17,0.69,78.5,62.8,10.96,23.03,84.6,Elite,2
PLR-3017,Rodri Sato #2118,Brazil,Serie A,Inter Milan,Defender,31,179,76,Left,High,Low,71.5,74.9,80.2,85.3,67.7,84.8,70.0,59.1,72.6,73.2,55.4,51.0,74.6,95.4,89.0,86.0,67.4,73.7,79.2,60.1,2145,27,0.08,0.06,72.0,78.6,9.28,17.14,86.8,Elite,2
PLR-3018,Alisson Martinez #2119,Morocco,Premier League,Manchester United,Forward,22,176,75,Right,Medium,High,68.7,84.9,65.8,56.4,70.5,73.3,71.3,76.9,66.1,60.0,66.4,78.2,79.8,42.1,42.1,29.5,60.7,61.8,66.1,75.6,2857,36,0.48,0.19,65.0,40.0,8.8,5.79,72.1,Star,1
PLR-3019,Son Musiala #2120,Morocco,Bundesliga,Bayer Leverkusen,Defender,25,180,77,Right,High,Medium,81.9,73.9,84.3,82.4,71.1,79.7,75.7,59.1,70.9,72.5,57.7,50.0,71.2,96.4,93.9,87.8,71.5,73.8,73.1,71.2,2310,29,0.03,0.09,72.0,89.1,9.06,26.03,87.8,Elite,2
PLR-3020,Pedri Jones #2121,Nigeria,Serie A,Inter Milan,Goalkeeper,18,189,81,Left,Low,Medium,37.2,40.0,40.0,74.3,55.8,64.8,38.6,25.0,40.0,42.1,22.8,30.6,53.0,36.1,30.2,23.8,55.9,60.0,44.9,80.6,1958,25,0.0,0.01,48.0,50.0,3.8,2.21,65.5,Developing,0
PLR-3021,Kevin Mueller #2122,England,Ligue 1,Monaco,Midfielder,23,172,79,Right,Medium,Medium,77.2,74.6,87.6,71.4,85.5,71.7,88.8,82.7,92.0,90.2,74.0,77.8,81.3,70.4,67.2,60.5,81.0,81.5,82.3,61.0,1038,13,0.18,0.76,85.0,57.1,11.06,29.74,85.7,Elite,2
PLR-3022,Rafael Rodriguez #2123,Croatia,Serie A,Napoli,Goalkeeper,28,190,86,Right,High,High,41.1,42.5,40.0,67.1,51.9,57.9,38.7,25.0,46.5,46.8,24.4,16.2,47.6,27.2,24.8,19.0,60.9,54.6,56.7,75.1,1348,17,0.0,0.01,48.0,50.0,3.8,0.6,64.7,Developing,0
PLR-3023,Kylian Camavinga #2124,France,Serie A,Fiorentina,Forward,26,172,75,Left,Medium,Medium,66.3,68.7,68.4,61.4,63.4,54.1,59.8,69.0,64.6,43.4,46.0,64.6,73.9,38.4,29.5,22.0,57.0,60.2,52.5,88.6,2177,27,0.15,0.24,65.0,40.0,8.8,1.38,64.8,Developing,0
PLR-3024,Rodri Saliba #2125,Argentina,Premier League,Tottenham,Midfielder,32,185,63,Right,Low,Medium,64.2,65.7,76.7,52.8,78.1,63.0,72.8,69.7,73.7,71.1,79.1,57.2,64.1,57.2,54.0,53.7,74.9,64.8,65.9,75.3,2663,34,0.04,0.49,75.0,52.0,9.8,4.59,73.1,Star,1
PLR-3025,Noah Barella #2126,Argentina,Ligue 1,Marseille,Forward,26,171,80,Right,Medium,Low,72.9,75.7,59.9,71.7,66.8,62.9,63.6,78.3,55.8,49.4,66.6,71.2,67.2,33.8,37.5,31.6,61.5,66.8,62.1,78.3,2615,33,0.39,0.14,65.0,41.0,8.8,3.08,69.3,Developing,0
PLR-3026,Aurélien Kim #2127,Ghana,Serie A,Juventus,Defender,31,182,82,Left,High,Low,58.5,66.9,69.5,77.9,56.6,71.1,64.5,58.4,59.1,57.4,55.9,37.6,61.2,78.0,76.3,77.5,63.6,62.4,69.0,73.9,1657,21,0.01,0.07,72.0,68.8,8.5,4.14,73.8,Star,1
PLR-3027,Virgil Maignan #2128,Portugal,Serie A,Inter Milan,Goalkeeper,29,188,90,Right,High,High,42.2,44.5,40.0,67.1,54.8,55.3,30.0,27.9,41.8,44.6,20.0,15.0,49.0,25.0,18.0,18.4,56.5,50.6,47.0,73.1,2929,37,0.0,0.01,48.0,50.0,3.8,0.5,59.8,Developing,0
PLR-3028,Pedri Kim #2129,Argentina,Serie A,Napoli,Forward,23,182,83,Right,High,Medium,83.2,79.0,74.4,61.2,76.3,67.3,75.7,70.6,,57.7,67.1,89.4,80.3,37.2,38.2,29.6,61.5,62.4,62.2,81.0,1668,21,0.45,0.02,65.0,40.0,8.8,13.97,78.7,Star,1
PLR-3029,Moises Traore #2130,Norway,Bundesliga,Borussia Dortmund,Defender,24,173,91,Right,Medium,Medium,78.9,85.7,85.6,91.8,70.4,92.6,73.2,72.2,78.4,77.6,74.1,46.9,67.4,90.6,94.4,91.3,77.4,80.7,81.6,73.6,2480,31,0.1,0.12,72.0,89.2,9.0,36.8,88.7,Elite,2
PLR-3030,Kevin Schmidt #2131,Italy,Premier League,Liverpool,Forward,18,183,86,Left,High,High,62.2,73.6,70.2,66.8,75.5,62.5,68.2,73.9,61.8,66.1,69.4,73.9,63.5,40.6,35.7,33.0,52.4,48.5,48.2,84.5,1926,24,0.49,0.07,65.0,40.0,8.8,2.09,67.2,Developing,0
PLR-3031,Cole Barella #2132,USA,Ligue 1,Marseille,Midfielder,21,172,80,Right,High,Low,55.0,67.0,69.3,59.4,64.3,48.4,71.8,65.6,71.9,72.7,66.7,61.0,62.4,51.5,59.9,43.8,67.0,63.3,51.7,80.6,1470,18,0.1,0.35,75.0,52.0,9.8,2.0,66.7,Developing,0
PLR-3032,Kevin Williams #2133,Croatia,La Liga,Real Madrid,Midfielder,24,174,73,Right,High,Medium,55.0,57.6,71.8,59.7,63.5,57.2,68.1,66.0,71.8,68.9,60.9,60.2,66.3,55.7,48.0,46.2,72.2,71.4,55.3,83.7,2094,26,0.08,0.43,75.0,52.0,9.8,2.56,67.2,Developing,0
PLR-3033,Alexis Davies #2134,Colombia,La Liga,Girona,Goalkeeper,27,195,83,Right,High,High,47.2,44.7,40.0,76.1,54.7,70.6,46.7,37.1,43.2,42.0,20.0,22.0,53.7,32.9,21.7,20.3,64.7,70.5,64.2,71.3,2905,37,0.0,0.01,48.0,50.0,3.8,7.28,74.7,Star,1
PLR-3034,Federico Dias #2135,Germany,Bundesliga,Bayern Munich,Midfielder,35,182,81,Right,Medium,Low,65.8,64.7,83.2,76.1,75.8,66.3,86.6,78.0,84.4,81.9,76.5,67.0,72.8,64.6,73.4,61.8,93.7,84.2,72.9,74.4,2846,36,0.07,0.8,75.0,58.9,10.24,11.03,84.6,Elite,2
PLR-3035,Marcus Donnarumma #2136,Portugal,Serie A,Roma,Midfielder,23,182,70,Right,High,Medium,75.8,86.5,94.4,71.2,82.1,65.8,83.0,82.0,90.3,86.3,87.4,73.8,78.7,69.1,70.4,58.8,89.8,81.2,74.0,68.2,1323,16,0.16,0.85,82.9,59.7,11.98,26.69,85.2,Elite,2
PLR-3036,Pedri Courtois #2137,USA,Serie A,Juventus,Forward,18,176,70,Right,Low,Medium,85.0,79.8,63.3,62.4,79.8,80.1,81.6,82.2,71.1,58.1,75.8,87.9,90.5,52.8,49.7,34.3,62.5,66.1,71.4,65.4,1838,23,0.51,0.08,65.0,40.3,8.8,15.34,81.0,Star,1
PLR-3037,Enzo Valverde #2138,Italy,Bundesliga,Bayer Leverkusen,Forward,19,187,79,Right,Medium,High,83.2,79.9,78.1,72.1,85.2,74.9,86.7,81.2,77.4,58.8,74.3,93.0,80.0,46.7,43.2,38.2,62.5,67.9,64.2,71.9,2298,29,0.59,0.26,67.1,40.0,9.13,18.64,83.1,Elite,2
PLR-3038,Gavi Donnarumma #2139,Ghana,La Liga,Girona,Forward,22,185,81,Right,Medium,Medium,96.2,95.1,85.9,88.8,92.8,82.1,88.3,98.5,92.0,66.8,84.3,99.0,89.5,54.4,56.6,45.0,70.5,79.7,80.4,66.2,2145,27,0.81,0.39,73.5,40.0,10.0,52.84,91.0,Elite,2
PLR-3039,Jude Bastoni #2140,Canada,La Liga,Real Sociedad,Forward,25,188,81,Left,Medium,High,60.0,62.0,55.0,50.0,60.0,52.3,58.0,60.0,50.0,42.0,47.6,62.0,58.0,30.2,25.0,32.2,53.2,53.3,40.0,74.4,829,10,0.2,0.02,65.0,40.0,8.8,2.06,59.6,Developing,0
PLR-3040,Takefusa Jones #2141,Canada,Bundesliga,RB Leipzig,Defender,19,181,84,Right,High,Low,73.0,57.2,73.0,86.7,57.0,85.1,57.7,62.5,67.2,67.5,57.8,36.8,67.1,73.6,86.1,78.6,62.1,56.8,83.2,72.4,2604,33,0.01,0.07,72.0,79.2,8.81,17.47,80.2,Star,1
PLR-3041,Eduardo Hakimi #2142,Spain,Bundesliga,Bayer Leverkusen,Midfielder,29,171,78,Left,Medium,High,56.3,56.0,66.4,56.4,62.2,56.3,66.5,63.1,65.0,68.1,58.6,56.5,60.5,54.3,56.5,45.9,69.4,61.5,62.4,79.1,2289,29,0.08,0.25,75.0,52.0,9.8,0.5,66.2,Developing,0
PLR-3042,Antony Bellingham #2143,South Korea,Bundesliga,Eintracht Frankfurt,Midfielder,23,178,62,Right,High,Medium,71.1,71.5,95.3,56.6,75.4,59.2,82.2,78.5,86.4,85.1,76.7,52.6,76.6,71.7,59.7,52.1,86.2,81.7,71.0,70.3,2390,30,0.02,0.8,78.3,52.0,12.72,22.52,83.7,Elite,2
PLR-3043,Declan Alvarez #2144,USA,Bundesliga,VfB Stuttgart,Forward,27,179,82,Left,Medium,Medium,90.5,91.0,79.4,75.9,82.2,68.1,78.6,89.9,82.4,53.7,74.9,94.9,83.3,31.2,50.1,33.2,72.7,82.6,65.1,74.5,1647,21,0.78,0.34,67.3,40.0,9.9,18.64,84.7,Elite,2
PLR-3044,Leo Modric #2145,Brazil,Serie A,Juventus,Defender,25,190,78,Left,High,Low,79.2,83.8,77.5,93.1,73.7,86.5,74.3,69.6,77.9,69.7,69.7,58.3,65.3,90.6,99.0,88.5,76.3,85.6,83.4,71.1,2330,29,0.05,0.07,72.0,92.9,9.28,40.26,90.6,Elite,2
PLR-3045,Vinicius Fernandez #2146,Italy,Serie A,Juventus,Defender,21,180,78,Right,Medium,High,67.3,74.8,84.1,85.1,58.9,73.3,71.6,58.8,70.2,69.7,59.5,41.5,60.8,81.8,86.0,86.6,62.5,67.1,81.0,66.2,2174,27,0.13,0.05,72.0,79.6,9.42,13.45,80.8,Star,1
PLR-3046,Rafael Alvarez #2147,Ghana,Serie A,AC Milan,Forward,26,180,84,Right,High,Medium,81.1,85.0,67.4,65.7,65.9,66.5,72.3,69.2,57.5,53.9,60.4,73.0,75.2,49.7,39.2,27.1,66.1,62.6,61.1,73.0,3386,38,0.3,0.19,65.0,40.0,9.07,3.31,71.1,Star,1
PLR-3047,Takefusa Valverde #2148,France,Premier League,Chelsea,Defender,18,193,81,Right,Medium,Medium,66.1,72.0,95.7,89.0,71.8,87.3,72.1,62.1,77.4,75.9,64.0,42.9,69.6,77.7,95.1,90.9,57.3,78.6,84.4,72.5,1499,19,0.0,0.08,72.0,85.0,9.83,29.15,85.7,Elite,2
PLR-3048,Khvicha Bellingham #2149,Netherlands,Ligue 1,Nice,Midfielder,31,180,80,Right,High,Medium,56.5,56.0,67.5,63.5,63.3,49.2,67.9,72.7,77.1,64.5,55.5,53.7,59.6,52.8,45.3,51.0,69.4,62.5,56.6,74.5,1635,20,0.02,0.51,75.0,52.0,9.8,0.5,70.2,Developing,0
PLR-3049,Gabriel Fernandez #2150,Senegal,Bundesliga,VfB Stuttgart,Forward,24,175,71,Right,Medium,Low,92.1,79.6,75.8,72.8,81.9,74.5,85.5,87.0,66.5,64.0,65.8,92.0,81.8,47.8,26.1,34.0,79.0,79.0,72.4,71.8,1220,15,0.79,0.34,65.0,40.0,9.15,34.8,87.4,Elite,2
PLR-3050,Moises Diallo #2151,Brazil,Bundesliga,Bayern Munich,Midfielder,25,180,86,Left,High,High,64.5,60.1,65.0,60.4,60.9,54.4,68.8,58.0,66.7,64.9,59.6,48.1,60.8,47.2,45.8,53.5,68.1,62.0,50.9,82.8,1537,19,0.02,0.36,75.0,52.0,9.8,5.66,64.1,Developing,0
PLR-3051,Cole Sato #2152,England,Premier League,Tottenham,Midfielder,29,174,81,Left,Medium,Medium,65.4,69.2,74.5,58.9,66.3,67.4,74.8,68.1,81.6,79.5,65.8,61.5,66.1,61.0,56.0,58.7,74.7,68.0,65.5,76.3,3096,38,0.02,0.57,75.0,52.0,10.37,5.87,75.2,Star,1
PLR-3052,Rodri Donnarumma #2153,Portugal,Serie A,Lazio,Forward,22,184,88,Right,Low,Medium,89.7,82.9,74.7,72.3,82.2,71.1,83.8,84.2,73.3,57.6,74.1,91.5,85.6,42.0,40.0,34.7,59.4,82.5,75.9,73.2,1144,14,0.59,0.17,65.0,40.0,9.31,18.44,81.6,Star,1
PLR-3053,Virgil Silva #2154,Canada,Bundesliga,Bayer Leverkusen,Goalkeeper,29,192,90,Right,Medium,High,41.2,46.3,42.2,68.9,56.6,67.1,41.1,34.3,41.1,51.9,28.2,22.1,45.0,29.6,19.5,22.5,62.8,62.8,55.0,74.1,1623,20,0.0,0.01,48.0,50.0,3.8,1.98,70.3,Developing,0
PLR-3054,Lucas Williams #2155,Netherlands,La Liga,Atletico Madrid,Defender,25,185,77,Right,Low,High,76.4,64.3,67.4,78.9,60.1,72.5,68.9,60.3,72.8,61.0,47.7,37.2,69.1,79.6,88.9,78.3,68.2,75.7,73.7,70.8,1437,18,0.02,0.01,72.0,84.0,8.5,7.56,80.4,Star,1
PLR-3055,Gavi Van Dijk #2156,Belgium,Serie A,Lazio,Defender,27,191,73,Right,High,Medium,69.5,65.0,65.6,77.2,57.2,75.7,61.1,53.7,69.3,72.5,53.1,35.6,61.0,79.5,74.2,73.7,57.7,68.5,75.4,63.2,1710,21,0.0,0.04,72.0,71.9,8.5,1.82,76.5,Star,1
PLR-3056,Mateo Williams #2157,Nigeria,La Liga,Real Madrid,Midfielder,21,185,76,Right,High,Medium,70.9,67.1,86.6,60.6,74.0,66.0,77.7,70.9,,80.7,72.2,62.6,76.7,59.0,62.4,66.9,81.8,64.7,65.8,,1996,25,0.06,0.58,80.0,53.5,11.29,11.73,78.1,Star,1
PLR-3057,Enzo Silva #2158,Netherlands,Serie A,Inter Milan,Midfielder,23,173,71,Right,High,High,56.3,66.7,67.8,67.3,69.4,61.7,74.0,71.1,75.1,76.6,63.4,64.3,69.3,62.5,58.3,60.0,74.9,65.2,67.1,76.9,2144,27,0.15,0.55,75.0,52.0,9.8,5.26,73.2,Star,1
PLR-3058,Leo Rodriguez #2159,Belgium,Ligue 1,Lyon,Defender,23,181,81,Right,Low,Medium,64.6,71.1,73.7,78.5,66.5,74.4,60.0,55.0,59.1,65.2,49.6,39.8,52.8,77.9,85.5,79.1,62.3,65.3,75.6,72.0,2675,34,0.03,0.02,72.0,72.5,8.5,10.16,78.6,Star,1
PLR-3059,Antony Foden #2160,Norway,Bundesliga,Bayer Leverkusen,Midfielder,25,174,76,Right,High,High,77.4,89.1,87.2,58.7,74.8,77.4,83.8,76.9,87.7,78.4,71.0,62.8,74.4,75.0,68.4,63.4,80.6,79.1,69.3,65.4,2004,25,0.03,0.67,75.8,62.3,11.36,14.89,81.7,Star,1
PLR-3060,Liam Bastoni #2161,Italy,Serie A,Lazio,Forward,26,189,67,Right,Medium,Low,78.7,92.6,79.0,72.6,83.5,82.9,83.0,84.3,67.6,58.3,70.7,90.1,81.3,42.7,34.1,40.7,74.8,72.9,71.4,68.5,2212,28,0.51,0.27,65.0,40.0,9.15,13.07,81.4,Star,1
PLR-3061,Thibaut Dias #2162,Japan,Premier League,Aston Villa,Midfielder,25,179,76,Right,Medium,Low,80.7,65.0,76.7,74.0,70.8,55.6,75.8,71.4,80.9,78.2,71.6,58.6,65.2,60.1,64.0,56.8,75.2,76.8,75.3,75.1,1041,13,0.07,0.49,75.0,55.8,10.47,7.94,75.9,Star,1
PLR-3062,Trent Hernandez #2163,USA,La Liga,Real Madrid,Defender,30,181,82,Left,High,Medium,72.0,72.9,76.4,86.9,69.6,78.4,71.0,54.5,74.9,68.6,55.4,49.8,60.9,92.5,92.6,84.3,78.3,80.1,86.0,63.8,2241,28,0.08,0.01,72.0,84.8,8.73,18.17,88.4,Elite,2
PLR-3063,Gabriel Hernandez #2164,Spain,Bundesliga,Bayer Leverkusen,Midfielder,30,185,75,Right,Medium,Medium,78.5,73.8,88.6,70.9,85.9,82.0,88.3,85.3,91.1,94.9,83.9,80.7,78.5,72.7,70.1,65.5,89.7,76.1,68.7,69.6,1388,17,0.24,0.85,83.3,60.0,11.43,15.85,86.7,Elite,2
PLR-3064,Antony Sato #2165,Belgium,La Liga,Athletic Club,Forward,32,184,79,Right,Medium,High,87.0,87.2,65.1,75.2,86.4,80.8,86.8,88.0,69.5,63.9,71.0,90.3,87.1,51.7,38.1,39.9,79.7,82.2,76.6,68.5,816,10,0.63,0.33,65.0,40.0,8.8,17.33,86.2,Elite,2
PLR-3065,Alexis Musiala #2166,Senegal,Ligue 1,Marseille,Defender,22,185,85,Right,Low,Medium,63.2,55.9,62.4,68.4,63.7,65.3,66.1,55.7,,54.1,53.6,50.6,57.6,68.5,80.7,79.7,57.6,61.1,68.9,69.7,1873,24,0.02,0.04,72.0,76.8,8.5,7.1,71.7,Star,1
PLR-3066,Khvicha Courtois #2167,Netherlands,La Liga,Real Madrid,Forward,27,181,77,Right,High,Medium,88.0,92.8,79.2,77.5,90.2,74.0,85.0,89.0,70.4,56.3,71.4,90.4,81.4,46.9,29.7,28.4,73.8,74.3,70.1,67.6,2611,33,0.72,0.25,65.0,40.0,10.06,19.62,86.2,Elite,2
PLR-3067,Osimhen Courtois #2168,Croatia,Serie A,Lazio,Forward,19,189,68,Left,Medium,Low,66.9,66.5,55.0,54.8,64.6,55.0,58.0,67.9,63.5,42.0,55.9,62.0,68.3,41.8,30.5,31.2,51.3,58.8,55.3,76.3,2548,32,0.28,0.06,65.0,40.0,8.8,2.13,62.4,Developing,0
PLR-3068,Gabriel Diallo #2169,Argentina,Bundesliga,Bayer Leverkusen,Forward,22,177,77,Right,High,High,82.7,94.4,77.2,74.6,79.7,70.0,78.4,90.8,76.9,65.9,73.0,95.7,84.1,45.2,45.5,32.9,67.7,74.9,73.7,67.1,1787,22,0.66,0.26,65.0,40.0,,26.1,84.8,Elite,2
PLR-3069,Cole Oblak #2170,Japan,Bundesliga,RB Leipzig,Midfielder,26,184,67,Right,Medium,Medium,59.7,56.0,65.0,51.6,58.7,56.3,62.0,63.2,65.0,69.8,58.1,60.7,58.4,57.1,56.3,47.7,63.5,57.8,42.9,80.2,2241,28,0.05,0.25,75.0,52.0,9.85,2.22,61.8,Developing,0
PLR-3070,Noah Oblak #2171,Spain,Premier League,Arsenal,Defender,28,185,75,Right,Medium,Medium,73.9,77.5,66.1,80.9,66.7,85.6,68.5,64.2,70.4,69.3,58.5,42.5,67.6,91.3,89.2,84.0,71.1,76.0,77.9,64.3,2505,32,0.22,0.06,72.0,74.6,8.5,18.14,82.1,Elite,2
PLR-3071,Takefusa Bastoni #2172,Canada,Serie A,Atalanta,Midfielder,25,181,81,Right,High,Medium,80.8,70.3,85.7,77.0,86.8,68.4,79.8,73.9,80.9,88.7,81.3,67.3,80.5,61.8,70.7,54.1,92.2,78.9,73.6,76.3,1890,24,0.14,0.8,75.0,56.2,11.32,14.55,82.6,Elite,2
PLR-3072,Cole Sato #2173,Japan,La Liga,Real Madrid,Forward,29,189,67,Right,High,High,64.1,72.9,59.6,59.5,66.4,59.4,63.0,66.6,57.0,53.1,56.0,72.8,68.1,34.9,28.5,22.2,56.6,58.6,73.6,65.8,1562,20,0.27,0.02,65.0,40.0,8.8,0.5,65.5,Developing,0
PLR-3073,Liam Fernandez #2174,Japan,Bundesliga,Borussia Dortmund,Defender,30,181,83,Right,High,Medium,74.2,62.3,72.1,90.3,73.0,75.3,74.8,55.6,71.9,72.6,59.9,46.8,65.5,90.0,88.5,86.0,71.0,71.2,72.4,74.0,1688,21,0.0,0.03,72.0,77.2,8.5,10.94,84.2,Elite,2
PLR-3074,Marcus Kim #2175,USA,Bundesliga,Eintracht Frankfurt,Defender,23,180,85,Right,High,Low,77.2,72.2,87.5,95.7,66.8,84.7,72.4,66.6,77.4,74.0,63.6,42.4,75.2,89.4,96.7,96.1,71.5,81.7,89.0,70.5,2434,31,0.01,0.06,72.0,87.9,9.37,43.9,89.5,Elite,2
PLR-3075,Julian Rodri #2176,England,Bundesliga,RB Leipzig,Defender,25,176,88,Left,Medium,Low,67.7,64.6,76.6,88.9,59.7,77.5,62.3,56.1,66.4,69.2,59.1,47.1,64.2,77.0,87.6,84.0,72.7,67.8,72.9,69.2,3420,38,0.03,0.04,72.0,85.1,8.5,14.8,81.5,Star,1
PLR-3076,Luka Williams #2177,Colombia,La Liga,Real Madrid,Forward,19,186,83,Left,Low,Low,68.5,67.6,55.0,65.9,64.1,53.1,58.3,66.5,60.3,48.3,55.2,67.4,64.2,34.6,25.0,26.6,45.0,49.0,58.9,77.0,1934,24,0.23,0.02,65.0,40.0,8.8,2.53,61.5,Developing,0
PLR-3077,Rafael De Bruyne #2178,Japan,La Liga,Real Madrid,Midfielder,23,185,74,Right,Medium,Medium,63.2,73.1,79.1,53.8,64.3,59.1,69.9,65.9,75.5,69.9,65.8,58.4,67.3,45.1,55.0,43.5,72.9,58.1,57.5,66.0,2208,28,0.14,0.49,75.0,52.0,10.66,2.37,69.2,Developing,0
PLR-3078,Liam Musiala #2179,Belgium,La Liga,Girona,Goalkeeper,22,188,86,Left,High,Medium,44.1,42.3,42.4,79.5,70.1,70.3,38.9,32.2,51.4,50.2,32.2,18.9,62.3,42.6,24.7,15.0,60.0,66.1,68.5,72.5,764,9,0.0,0.01,48.0,50.0,3.8,8.04,76.2,Star,1
PLR-3079,Rafael Bellingham #2180,Brazil,La Liga,Atletico Madrid,Defender,28,186,83,Right,High,Medium,75.4,74.8,78.4,88.6,70.6,75.2,74.4,68.3,79.5,71.2,63.1,51.5,65.8,90.7,87.9,89.5,73.2,77.5,93.1,63.6,2181,27,0.02,0.08,74.5,85.4,9.68,26.64,85.5,Elite,2
PLR-3080,William Fernandez #2181,Portugal,Ligue 1,Marseille,Forward,29,185,74,Right,High,High,81.7,83.7,70.7,66.5,83.1,69.8,80.6,80.4,62.8,72.5,74.3,93.7,82.4,41.9,40.7,30.1,64.7,74.7,68.9,,2381,30,0.7,0.02,65.0,40.0,8.8,14.24,83.0,Elite,2
PLR-3081,Declan Saka #2182,Colombia,La Liga,Atletico Madrid,Forward,26,181,71,Right,Medium,Medium,76.2,73.2,60.0,58.6,71.3,63.8,63.9,71.4,58.3,53.1,69.2,79.7,68.1,37.7,38.6,24.9,56.4,66.3,48.9,78.8,3263,38,0.4,0.02,65.0,40.0,8.8,6.38,72.2,Star,1
PLR-3082,Trent Traore #2183,Belgium,Ligue 1,Paris Saint-Germain,Midfielder,29,175,70,Right,Medium,Low,78.1,80.9,93.7,71.4,83.5,70.6,85.0,79.4,92.7,92.9,72.7,72.3,80.4,63.8,70.5,63.3,84.7,75.5,73.4,75.2,1166,14,0.26,0.73,85.0,67.3,11.68,21.19,83.9,Elite,2
PLR-3083,Gavi Bellingham #2184,Italy,Ligue 1,Lyon,Goalkeeper,22,196,84,Left,Medium,Medium,49.5,46.9,45.7,79.4,59.4,81.5,45.1,33.9,43.6,50.8,25.8,24.8,66.5,38.8,26.3,21.3,70.5,68.6,63.9,74.6,1791,22,0.0,0.01,48.0,50.0,3.8,21.37,83.8,Elite,2
PLR-3084,Dominik Wirtz #2185,Netherlands,La Liga,Barcelona,Midfielder,25,175,67,Right,High,High,61.3,60.6,73.3,60.1,68.5,59.7,74.5,68.6,,79.3,73.2,54.0,65.6,55.1,59.9,55.4,62.6,69.8,63.6,75.5,2545,32,0.06,0.26,75.0,52.0,10.5,5.23,68.9,Developing,0
PLR-3085,Carlos Martinez #2186,Spain,Serie A,Napoli,Midfielder,26,179,85,Right,Medium,High,59.2,65.3,70.9,60.6,67.0,61.6,70.2,69.0,80.1,72.7,57.9,61.8,71.5,48.0,50.6,53.6,69.4,69.0,63.8,73.0,2272,29,0.02,0.55,75.0,52.0,9.95,2.88,70.2,Developing,0
PLR-3086,Moises Hernandez #2187,Japan,Premier League,Liverpool,Forward,29,190,75,Right,High,High,74.6,76.7,65.2,57.2,65.5,62.9,63.5,73.2,60.8,56.7,59.4,69.5,68.1,39.1,38.7,28.5,63.2,66.7,56.6,76.9,2013,25,0.41,0.05,65.0,40.0,8.8,2.48,68.1,Developing,0
PLR-3087,Antony Davies #2188,USA,Premier League,Chelsea,Defender,20,181,83,Right,High,High,61.1,56.6,68.3,79.0,59.2,69.9,65.5,56.3,66.1,70.2,50.1,43.3,68.9,73.7,82.3,75.9,59.5,68.6,79.9,70.1,1671,21,0.04,0.1,72.0,73.1,8.5,8.61,75.9,Star,1
PLR-3088,Son Foden #2189,Belgium,Bundesliga,Eintracht Frankfurt,Defender,21,182,75,Right,High,Medium,57.9,50.0,59.7,60.0,51.1,65.1,50.0,42.0,52.0,52.6,52.4,32.8,52.7,65.0,66.0,63.8,52.5,53.9,50.9,87.3,1604,20,0.13,0.01,72.0,62.0,8.5,7.87,63.4,Developing,0
PLR-3089,Noah Camavinga #2190,Colombia,La Liga,Villarreal,Midfielder,22,189,77,Left,High,Medium,61.0,64.9,72.8,56.4,65.6,50.3,71.6,66.5,65.7,76.4,54.5,51.8,58.4,57.4,54.8,52.0,64.0,60.2,51.4,76.6,2811,36,0.02,0.36,75.0,52.0,9.8,5.19,65.8,Developing,0
PLR-3090,Carlos Kroos #2191,Brazil,Bundesliga,Borussia Dortmund,Defender,24,182,75,Right,Medium,High,56.1,57.0,68.1,64.1,52.9,65.6,62.7,55.9,54.7,62.2,47.8,40.6,52.9,72.4,71.1,71.1,53.8,60.8,59.6,74.7,1913,24,0.03,0.01,72.0,65.5,8.5,3.41,68.0,Developing,0
PLR-3091,David Mendes #2192,Germany,Premier League,Liverpool,Goalkeeper,26,187,85,Right,High,High,36.7,43.1,40.0,70.5,54.0,69.2,34.4,30.1,43.3,51.8,22.6,15.0,49.2,37.0,22.6,18.6,57.9,58.5,61.4,76.1,1953,25,0.0,0.01,48.0,50.0,3.8,1.41,66.3,Developing,0
PLR-3092,David Musiala #2193,Spain,Bundesliga,Borussia Dortmund,Forward,21,179,72,Right,Medium,Medium,80.8,76.3,70.0,74.5,77.5,72.9,70.4,71.8,69.7,48.3,62.6,88.0,75.5,48.1,34.0,34.3,68.0,66.6,68.0,72.6,1856,23,0.59,0.14,65.0,40.0,8.8,7.71,77.3,Star,1
PLR-3093,Darwin Jones #2194,Spain,Bundesliga,RB Leipzig,Midfielder,18,177,73,Right,Low,Medium,80.0,76.5,92.2,75.6,76.6,77.8,85.6,87.6,88.9,87.8,76.4,66.2,82.8,69.9,67.5,66.6,77.4,72.0,73.6,61.6,903,11,0.14,0.71,83.6,60.3,11.95,21.04,83.2,Elite,2
PLR-3094,Nicolo Alvarez #2195,Croatia,La Liga,Athletic Club,Midfielder,24,178,74,Right,Medium,Low,72.0,73.8,90.5,69.6,81.9,70.8,91.3,81.4,93.1,90.4,72.4,69.1,76.9,71.6,71.2,66.0,82.5,71.3,75.1,71.5,2098,26,0.14,0.8,86.1,59.6,11.52,33.96,86.7,Elite,2
PLR-3095,Osimhen Dias #2196,Canada,Serie A,Roma,Defender,28,191,81,Right,High,High,67.8,77.3,81.8,88.1,70.8,67.3,69.9,69.1,72.4,75.3,70.7,42.0,72.3,86.7,88.7,88.8,72.9,73.2,74.7,70.0,1733,22,0.02,0.1,72.0,80.5,9.33,10.25,81.1,Star,1
PLR-3096,Leo Martinez #2197,Brazil,La Liga,Girona,Midfielder,26,175,76,Right,Medium,Medium,62.9,71.0,75.9,61.7,69.4,63.6,68.8,62.8,74.2,75.8,67.2,71.3,55.3,55.2,53.7,44.5,74.2,70.4,62.4,68.7,2047,26,0.1,0.55,75.0,52.0,10.07,4.28,69.1,Developing,0
PLR-3097,Noah Van Dijk #2198,Netherlands,La Liga,Villarreal,Midfielder,25,172,77,Right,Medium,Medium,91.4,81.0,96.9,81.0,84.2,68.6,99.0,83.9,93.3,83.7,79.0,79.8,81.2,85.5,72.0,62.8,96.7,78.1,77.1,67.9,2951,37,0.17,0.85,86.4,62.3,12.61,48.26,92.2,Elite,2
PLR-3098,Florian Rodriguez #2199,Argentina,Bundesliga,RB Leipzig,Defender,21,183,84,Left,Medium,High,52.0,52.8,58.0,70.8,48.4,63.8,55.7,52.9,60.4,52.0,53.7,35.2,49.7,67.6,75.8,69.4,52.5,52.1,56.5,81.7,2771,35,0.01,0.04,72.0,67.8,8.5,1.09,68.1,Developing,0
PLR-3099,Mike Tchouameni #2200,Norway,Serie A,AC Milan,Midfielder,19,179,72,Right,Medium,Medium,71.6,70.3,79.6,78.3,79.2,57.1,86.5,72.9,85.2,89.1,71.2,67.4,76.4,59.8,73.3,61.3,86.6,66.8,67.2,70.7,1743,22,0.13,0.81,75.7,61.2,10.46,18.07,82.1,Elite,2
PLR-3100,Rafael Bastoni #2201,Belgium,Premier League,Tottenham,Goalkeeper,24,190,85,Left,Medium,Medium,38.0,35.4,40.0,71.2,50.9,56.2,30.0,25.0,40.0,42.0,21.1,15.1,45.0,29.9,22.0,18.3,51.9,61.5,51.3,79.3,2279,29,0.0,0.0,48.0,50.0,3.8,0.5,62.5,Developing,0
PLR-3101,Ederson Van Dijk #2202,Italy,Bundesliga,Bayer Leverkusen,Midfielder,33,182,74,Left,Medium,Medium,66.1,56.0,82.0,67.2,75.2,72.1,80.7,79.0,80.4,85.4,68.5,72.5,78.9,58.7,74.3,58.0,87.1,78.3,69.4,69.0,2855,36,0.22,0.76,75.0,67.1,10.65,9.01,81.3,Star,1
PLR-3102,Mateo Haaland #2203,Senegal,Bundesliga,Bayern Munich,Forward,18,177,81,Right,Medium,Medium,95.6,83.5,90.7,85.3,84.1,81.8,82.8,88.8,82.6,66.6,69.5,87.3,84.2,46.8,48.7,33.0,70.4,66.6,70.7,71.4,3420,38,0.57,0.4,66.4,40.0,10.2,27.33,84.9,Elite,2
PLR-3103,Gavi Moreno #2204,Argentina,Serie A,Atalanta,Defender,24,191,73,Right,Medium,High,94.0,78.9,93.4,92.5,84.5,92.0,76.5,67.2,83.7,81.5,74.8,50.0,79.7,99.0,99.0,92.7,85.4,84.2,98.0,56.6,1911,24,0.03,0.15,77.4,86.5,10.68,66.32,92.9,Elite,2
PLR-3104,Kylian Saka #2205,Japan,Bundesliga,Bayern Munich,Defender,23,187,85,Left,High,High,70.8,73.9,78.9,86.9,69.9,75.2,75.1,69.1,72.6,76.2,59.2,41.5,70.2,87.2,84.1,80.2,65.2,72.6,88.6,68.9,1780,22,0.05,0.08,72.0,77.1,9.16,19.92,81.7,Star,1
PLR-3105,Pedri Silva #2206,England,Ligue 1,Lille,Midfielder,26,185,65,Right,Medium,Medium,57.2,68.0,72.2,60.4,67.5,57.0,71.1,62.5,70.9,69.2,67.8,56.7,70.1,57.1,57.6,50.0,74.2,57.7,63.3,81.2,2998,38,0.07,0.5,75.0,52.0,9.8,0.64,68.9,Developing,0
PLR-3106,Alexis Dias #2207,Brazil,Premier League,Newcastle,Defender,27,182,82,Right,Medium,Medium,68.5,61.7,65.8,70.4,51.6,64.0,50.0,54.1,60.9,50.0,50.8,30.0,65.6,68.4,69.8,72.2,52.8,61.4,66.9,70.3,2492,31,0.01,0.01,72.0,63.0,8.5,5.59,69.4,Developing,0
PLR-3107,Lucas Santos #2208,France,La Liga,Real Madrid,Goalkeeper,32,193,84,Right,High,Medium,53.5,50.6,54.6,83.4,67.4,78.1,42.9,35.9,44.7,66.5,20.0,29.6,70.6,45.0,24.0,22.3,69.8,86.4,73.1,66.4,2534,32,0.0,0.0,50.9,50.0,4.3,17.0,87.4,Elite,2
PLR-3108,Alisson Mbappe #2209,Germany,Serie A,Napoli,Forward,28,178,77,Right,Medium,Medium,77.8,77.3,70.5,78.0,73.9,72.1,82.4,81.3,71.6,57.2,64.8,76.8,81.5,40.3,34.5,36.2,67.3,70.0,67.7,75.9,1607,20,0.47,0.23,65.0,40.0,8.8,11.72,77.7,Star,1
PLR-3109,Thibaut Saka #2210,Nigeria,Bundesliga,Bayern Munich,Goalkeeper,25,188,85,Right,Medium,Medium,43.3,53.9,40.0,78.0,52.5,71.2,37.7,27.3,40.0,47.4,28.5,17.6,55.8,25.7,18.0,18.3,62.4,59.8,61.5,71.2,2076,26,0.0,0.0,48.0,50.0,3.8,7.77,71.6,Star,1
PLR-3110,Erling Jones #2211,Belgium,Serie A,Juventus,Forward,30,190,76,Right,Medium,Medium,84.4,81.1,64.4,59.2,75.7,69.4,74.1,83.2,,51.7,67.3,83.1,79.7,44.0,41.3,35.7,78.2,76.2,53.3,74.4,2518,32,0.47,0.4,67.4,40.0,8.8,5.1,78.4,Star,1
PLR-3111,Enzo Moreno #2212,Senegal,Serie A,AC Milan,Forward,23,177,71,Right,High,Low,63.6,67.7,55.1,50.0,65.1,52.3,60.0,60.7,51.2,43.4,52.8,62.0,61.3,30.0,34.0,26.9,53.6,48.0,53.1,83.1,2558,32,0.16,0.09,65.0,40.0,8.8,2.08,60.5,Developing,0
PLR-3112,Khvicha Maignan #2213,Ghana,La Liga,Real Sociedad,Forward,27,184,66,Left,High,Low,82.7,72.7,76.4,66.8,64.7,65.3,66.5,61.6,57.3,54.6,57.1,77.1,69.5,38.5,37.0,29.6,66.0,65.2,68.7,68.0,2261,28,0.43,0.17,65.0,40.0,9.0,5.15,71.7,Star,1
PLR-3113,Achraf Courtois #2214,South Korea,Serie A,Fiorentina,Defender,26,190,77,Right,Medium,High,76.6,64.7,78.8,83.6,63.9,78.6,71.9,59.5,70.9,72.3,58.9,45.1,67.0,90.4,88.6,78.5,70.6,68.1,79.8,56.6,2737,35,0.03,0.14,72.0,82.8,8.51,14.18,81.7,Star,1
PLR-3114,Carlos Mendes #2215,Japan,La Liga,Barcelona,Defender,30,177,76,Right,Medium,Low,64.6,68.9,74.7,88.1,60.9,81.5,68.4,55.9,70.7,62.4,59.3,41.8,70.6,83.2,78.5,81.1,72.2,73.0,80.6,68.5,3127,38,0.04,0.05,72.0,74.0,8.5,4.36,80.6,Star,1
PLR-3115,Rafael Maignan #2216,Italy,Ligue 1,Marseille,Forward,33,171,81,Right,Medium,High,79.8,93.2,68.7,70.1,85.0,76.5,80.7,81.9,69.5,69.2,72.0,93.4,77.8,51.5,43.4,31.6,73.8,84.5,64.3,79.1,1851,23,0.65,0.21,65.0,40.0,8.8,6.31,81.9,Star,1
PLR-3116,Noah Hernandez #2217,Spain,Bundesliga,Bayer Leverkusen,Midfielder,24,177,78,Left,High,High,57.2,61.6,72.6,55.1,61.8,63.5,66.4,62.5,70.0,60.0,63.2,56.3,65.5,48.7,50.5,49.0,66.8,62.9,63.3,75.0,2032,26,0.02,0.35,75.0,52.0,10.55,0.5,66.8,Developing,0
PLR-3117,Virgil Kroos #2218,Italy,Ligue 1,Rennes,Midfielder,35,177,71,Right,Medium,Medium,56.8,56.0,72.7,67.2,63.3,62.1,71.1,62.7,73.6,67.8,68.1,64.6,62.1,50.8,57.0,49.1,74.3,67.7,50.6,80.4,2496,32,0.06,0.45,75.0,52.0,9.8,2.58,68.9,Developing,0
PLR-3118,Achraf Davies #2219,Spain,Ligue 1,Rennes,Forward,21,188,84,Right,High,High,97.2,88.8,84.9,86.1,94.6,75.4,93.3,90.7,76.2,73.7,78.5,97.7,84.3,48.4,35.4,42.1,75.7,81.1,82.7,69.0,3112,38,0.63,0.29,65.0,40.0,9.88,74.84,93.4,Elite,2
PLR-3119,Osimhen Oblak #2220,England,Bundesliga,Bayern Munich,Defender,28,184,88,Right,Medium,Medium,56.9,61.3,58.7,70.8,57.2,59.6,51.9,55.5,52.0,57.5,47.4,37.5,53.2,65.0,66.0,62.0,54.5,57.4,59.7,64.3,2151,27,0.07,0.05,72.0,62.0,8.5,1.57,64.1,Developing,0
PLR-3120,Kylian Kroos #2221,Morocco,La Liga,Real Madrid,Defender,22,180,80,Right,Medium,Medium,54.4,63.1,61.4,61.7,51.9,75.4,59.2,59.2,67.4,60.5,48.3,31.1,57.1,67.5,70.9,69.8,59.9,60.4,75.5,72.2,1590,20,0.03,0.06,72.0,62.3,8.5,3.15,65.3,Developing,0
PLR-3121,Jamal Foden #2222,Morocco,Ligue 1,Lille,Midfielder,26,175,81,Right,High,Medium,72.3,58.3,78.4,66.8,68.4,68.2,82.2,73.7,79.6,74.3,67.7,69.7,72.7,61.9,57.1,63.4,75.0,65.8,68.5,71.6,1658,21,0.1,0.49,75.0,52.0,10.32,10.53,75.3,Star,1
PLR-3122,Gianluigi Mendes #2223,Ghana,Premier League,Manchester City,Goalkeeper,32,200,84,Right,Medium,High,38.6,52.8,40.6,77.0,64.5,67.4,37.9,35.8,53.7,56.9,20.0,24.5,52.4,44.3,18.0,23.1,64.2,75.4,67.7,68.3,2119,27,0.0,0.03,48.0,50.0,3.8,4.72,76.5,Star,1
PLR-3123,Ruben Van Dijk #2224,England,Ligue 1,Marseille,Midfielder,28,180,69,Right,Medium,Low,67.7,65.2,73.8,54.3,70.3,59.6,72.6,78.4,76.0,85.0,68.8,56.7,69.1,63.6,56.0,58.4,78.9,75.8,65.0,71.4,2442,31,0.09,0.53,75.0,52.0,10.23,6.15,72.9,Star,1
PLR-3124,Khvicha Martinez #2225,England,La Liga,Villarreal,Goalkeeper,29,190,82,Right,Low,High,35.0,46.3,40.0,68.0,49.3,57.9,30.0,30.0,,46.7,24.9,15.3,54.3,30.7,23.4,28.6,53.6,65.5,61.6,76.0,1879,24,0.0,0.0,48.0,50.0,3.8,1.0,72.4,Star,1
PLR-3125,David Schmidt #2226,Belgium,Premier League,Newcastle,Defender,23,180,88,Left,High,Medium,65.4,69.0,69.2,96.6,68.7,82.1,64.2,58.7,76.6,70.7,68.5,43.0,63.4,87.4,93.0,82.3,62.0,77.0,85.9,78.7,3339,38,0.03,0.07,72.0,85.5,8.57,31.9,86.8,Elite,2
PLR-3126,Gianluigi Haaland #2227,Canada,Bundesliga,Bayer Leverkusen,Midfielder,29,172,77,Right,High,Medium,67.1,68.6,71.8,49.4,68.0,70.4,74.4,64.9,67.5,69.9,68.5,58.3,69.5,52.3,51.1,48.4,68.3,59.8,53.0,69.1,2182,27,0.11,0.33,75.0,52.0,10.42,0.76,67.5,Developing,0
PLR-3127,Carlos Oblak #2228,Norway,La Liga,Villarreal,Forward,33,185,77,Right,Medium,High,68.2,68.2,62.7,60.7,73.0,69.4,74.2,75.3,63.9,53.0,67.7,83.8,80.1,40.0,39.0,38.1,55.9,73.3,80.6,65.6,2455,31,0.35,0.12,65.0,40.0,8.8,1.08,74.3,Star,1
PLR-3128,Alphonso Mendes #2229,Netherlands,Premier League,Manchester City,Defender,30,175,86,Right,High,Low,82.1,66.6,81.4,83.3,72.0,78.1,69.3,66.5,73.0,71.5,61.3,55.6,61.8,87.8,89.0,82.4,71.9,77.9,89.9,65.7,2138,27,0.02,0.1,72.0,77.4,9.26,10.95,84.8,Elite,2
PLR-3129,Liam Bastoni #2230,Ghana,La Liga,Real Sociedad,Midfielder,28,185,78,Right,High,Medium,83.8,66.9,82.6,77.0,86.0,65.2,83.8,77.1,82.6,84.1,75.3,78.2,79.0,67.6,73.8,66.8,78.5,74.8,70.2,70.5,1942,24,0.22,0.69,75.0,58.5,10.61,12.95,81.6,Star,1
PLR-3130,Alexis Santos #2231,Croatia,Serie A,Napoli,Forward,27,180,70,Left,Low,Medium,78.8,84.5,58.6,62.8,78.3,71.3,72.4,79.5,63.7,58.1,74.2,88.0,81.7,31.0,38.9,29.8,72.8,71.3,73.6,68.9,1989,25,0.56,0.17,65.0,40.0,8.8,8.08,77.2,Star,1
PLR-3131,Takefusa Moreno #2232,USA,Ligue 1,Nice,Forward,20,177,73,Right,High,High,69.8,78.2,64.6,65.8,74.9,71.1,76.7,75.0,65.4,64.3,59.9,81.9,71.8,39.6,45.8,23.7,56.4,64.5,68.5,75.7,1803,23,0.59,0.12,65.0,40.0,8.8,6.0,73.0,Star,1
PLR-3132,Moises Rice #2233,Ghana,La Liga,Barcelona,Midfielder,26,170,74,Left,High,Low,85.7,87.4,91.8,73.9,87.2,71.9,89.5,82.1,95.1,88.4,74.0,82.0,80.4,68.9,70.7,57.8,93.4,84.2,74.2,63.4,1323,16,0.17,0.85,84.4,58.1,11.45,23.87,87.8,Elite,2
PLR-3133,Liam Davies #2234,Ghana,Premier League,Newcastle,Midfielder,23,183,76,Left,Low,High,74.6,68.0,69.8,67.5,76.0,61.8,76.5,65.8,82.6,84.1,63.2,61.6,67.6,52.3,62.7,51.1,77.0,63.5,61.9,68.5,1452,18,0.11,0.53,75.0,52.8,9.8,6.94,73.0,Star,1
PLR-3134,Theo Wirtz #2235,Netherlands,La Liga,Real Madrid,Defender,27,187,75,Right,High,Medium,75.3,78.8,83.9,81.5,68.7,80.8,62.5,63.4,64.0,68.4,64.2,50.6,66.8,93.2,86.4,79.7,73.1,81.1,70.5,71.1,3165,38,0.0,0.05,72.0,77.8,9.17,15.92,82.4,Elite,2
PLR-3135,Declan Haaland #2236,England,Premier League,Chelsea,Defender,27,173,77,Left,Medium,Medium,67.7,68.0,75.1,71.0,61.9,66.6,56.1,56.2,58.9,60.9,51.8,34.2,63.5,75.2,76.6,71.7,70.3,66.4,69.2,72.9,2601,33,0.03,0.07,72.0,72.1,8.76,3.95,72.4,Star,1
PLR-3136,Thibaut Moreno #2237,France,Premier League,Arsenal,Forward,25,178,68,Right,High,High,75.6,79.4,59.6,62.7,75.1,64.6,76.5,74.4,67.2,52.8,64.1,76.4,72.6,41.2,29.0,30.0,70.6,59.3,67.6,70.5,1837,23,0.33,0.16,65.0,40.0,8.8,5.15,72.7,Star,1
PLR-3137,Aurélien Maignan #2238,Croatia,Ligue 1,Monaco,Defender,31,182,82,Left,High,High,77.6,75.5,90.3,87.1,71.3,78.7,70.5,66.2,77.3,67.4,65.3,39.8,68.0,93.0,85.7,86.7,66.8,77.0,88.8,69.6,2557,32,0.02,0.05,72.0,81.0,9.75,18.28,85.0,Elite,2
PLR-3138,Rodri Barella #2239,Morocco,Serie A,Napoli,Forward,31,191,78,Right,High,Low,89.0,86.5,73.3,79.3,83.0,81.0,92.1,97.3,78.5,73.0,75.2,90.1,90.3,49.8,43.5,33.3,81.0,86.5,72.2,70.5,1549,19,0.6,0.35,65.0,40.0,8.8,21.19,89.4,Elite,2
PLR-3139,Federico Haaland #2240,Brazil,Serie A,Inter Milan,Defender,27,189,80,Right,Medium,Medium,61.4,55.9,67.6,65.2,51.3,61.9,55.3,49.6,52.1,59.8,45.9,31.5,54.2,72.9,66.0,66.1,53.6,56.5,71.3,,2639,33,0.04,0.01,72.0,62.0,8.59,3.24,67.7,Developing,0
PLR-3140,Vinicius Schmidt #2241,Nigeria,Serie A,AC Milan,Defender,18,189,80,Right,Medium,High,70.9,59.9,74.8,83.6,62.4,78.7,57.3,56.2,64.7,72.6,59.6,30.0,72.0,77.1,87.1,85.9,60.4,59.2,79.7,65.7,2289,29,0.02,0.13,72.0,75.0,8.66,9.39,78.2,Star,1
PLR-3141,Son Hakimi #2242,Norway,Bundesliga,Bayer Leverkusen,Midfielder,22,183,70,Right,Medium,Medium,77.5,80.3,90.6,62.9,87.0,76.0,93.4,76.7,84.6,88.9,73.9,72.1,78.6,70.1,62.8,60.5,84.1,74.4,75.2,65.8,2166,27,0.16,0.78,77.0,52.0,12.08,27.07,85.3,Elite,2
PLR-3142,David De Bruyne #2243,Portugal,Ligue 1,Lille,Defender,22,183,75,Left,High,Medium,57.9,55.2,,63.6,53.1,58.0,56.8,48.8,61.9,59.1,54.1,30.0,54.7,65.0,72.8,70.7,47.9,52.6,68.2,70.5,2112,27,0.02,0.01,72.0,70.6,8.5,1.43,64.4,Developing,0
PLR-3143,Dominik Alvarez #2244,Brazil,La Liga,Villarreal,Midfielder,21,178,67,Left,High,High,58.4,67.6,66.4,64.3,72.0,66.1,69.2,65.5,69.1,66.5,67.5,58.1,64.9,57.7,47.9,44.6,70.4,53.4,62.1,73.7,1797,23,0.14,0.37,75.0,52.0,9.8,0.94,67.0,Developing,0
PLR-3144,Thibaut Martinez #2245,Uruguay,Serie A,Inter Milan,Midfielder,22,172,71,Right,High,High,76.1,71.1,83.2,71.1,74.4,67.3,82.7,71.9,87.5,87.9,67.2,66.4,76.9,67.6,56.5,62.3,85.6,74.0,58.8,82.3,2615,33,0.14,0.68,75.4,52.0,10.32,22.43,82.7,Elite,2
PLR-3145,Thibaut Musiala #2246,Norway,La Liga,Girona,Defender,28,185,69,Right,High,Low,77.3,78.7,69.8,84.8,71.2,68.2,61.9,55.0,75.7,68.8,59.3,52.2,64.3,86.5,82.8,87.2,70.0,75.7,86.8,67.2,2288,29,0.06,0.01,72.0,80.7,8.51,17.91,83.3,Elite,2
PLR-3146,Rodri Fernandez #2247,Senegal,La Liga,Atletico Madrid,Midfielder,25,174,73,Right,High,Medium,83.0,74.8,88.4,74.6,78.3,69.6,80.6,77.2,87.1,81.7,80.9,67.5,78.0,73.5,60.6,60.5,83.0,73.6,75.4,68.1,1976,25,0.15,0.72,78.9,52.0,11.56,14.09,81.1,Star,1
PLR-3147,Julian Kim #2248,Nigeria,Serie A,Napoli,Midfielder,28,184,72,Right,Medium,Low,64.6,66.0,78.7,64.5,66.8,52.1,78.6,70.4,77.4,78.0,65.6,63.8,72.1,61.4,59.4,50.7,74.9,69.6,57.8,77.3,1718,22,0.1,0.46,75.0,52.0,10.5,8.55,76.1,Star,1
PLR-3148,Antony Barella #2249,Nigeria,Premier League,Chelsea,Midfielder,23,179,71,Right,Medium,High,61.0,70.5,77.0,64.2,64.5,62.8,71.5,64.2,74.0,78.8,67.0,67.2,73.3,57.2,60.0,50.7,65.5,71.3,69.3,71.0,1555,19,0.07,0.34,75.0,52.0,10.69,3.18,71.9,Star,1
PLR-3149,Virgil Alvarez #2250,South Korea,Ligue 1,Lyon,Defender,26,182,78,Left,Low,High,71.1,69.4,71.4,75.4,52.9,59.9,60.5,64.8,67.2,63.1,49.5,41.7,63.9,80.9,77.9,78.6,65.2,69.2,70.0,76.6,2450,31,0.02,0.09,72.0,71.0,8.54,7.36,76.7,Star,1
PLR-3150,Kaoru Musiala #2251,Senegal,Bundesliga,Bayer Leverkusen,Midfielder,18,173,76,Right,Low,Medium,62.1,63.0,71.5,60.9,69.1,64.0,73.9,63.9,78.3,72.6,68.9,53.2,68.5,63.3,54.6,55.3,64.8,61.6,57.9,75.8,2462,31,0.03,0.48,75.0,52.0,9.8,3.62,68.4,Developing,0
PLR-3151,Dominik Davies #2252,USA,Serie A,Inter Milan,Forward,21,182,76,Right,High,Low,75.9,72.8,63.6,76.3,70.5,69.9,74.0,74.1,68.8,50.8,64.0,73.3,71.1,43.2,35.3,29.8,55.9,60.2,66.7,66.4,1876,24,0.44,0.17,65.0,40.0,8.8,6.56,71.4,Star,1
PLR-3152,Bruno Santos #2253,Canada,Premier League,Arsenal,Defender,31,185,74,Right,Medium,Medium,76.2,76.1,85.1,92.7,76.1,94.5,76.4,64.4,79.6,72.7,80.0,42.3,80.9,99.0,96.4,98.0,76.2,84.0,78.3,68.3,2754,35,0.06,0.16,72.0,91.0,9.36,35.47,93.0,Elite,2
PLR-3153,Osimhen Mbappe #2254,Netherlands,Bundesliga,RB Leipzig,Defender,32,196,81,Right,Low,High,73.3,76.6,94.2,98.3,74.0,85.8,76.1,72.2,81.9,82.5,71.4,39.0,78.2,99.0,99.0,98.0,78.3,90.3,98.0,61.9,1672,21,0.1,0.12,72.0,91.6,10.48,40.66,94.5,Elite,2
PLR-3154,Kaoru Bellingham #2255,England,Bundesliga,RB Leipzig,Forward,31,184,73,Right,Medium,High,73.7,83.0,82.6,70.2,83.1,68.8,74.9,81.7,68.1,58.7,70.6,91.0,79.3,46.5,49.2,22.0,72.3,70.9,72.3,69.5,1715,21,0.55,0.24,65.0,40.0,9.12,3.58,79.4,Star,1
PLR-3155,Alphonso Fernandez #2256,Germany,Premier League,Manchester City,Forward,27,176,75,Right,Medium,High,79.1,71.8,69.4,65.1,68.9,66.5,69.8,71.3,63.7,55.9,65.8,71.2,73.3,30.2,32.7,31.0,60.2,67.3,63.8,81.2,1235,15,0.38,0.1,65.0,40.0,8.82,3.48,70.9,Developing,0
PLR-3156,Pedri Diallo #2257,USA,Ligue 1,Nice,Forward,24,184,82,Right,High,Low,73.9,81.8,69.5,68.3,80.5,71.8,79.6,81.0,67.3,54.8,71.0,84.2,77.7,46.8,25.0,34.8,65.6,65.7,68.7,69.2,976,12,0.47,0.19,65.0,40.0,9.06,9.07,77.3,Star,1
PLR-3157,Leo Davies #2258,Brazil,Premier League,Manchester United,Midfielder,20,180,69,Right,High,Medium,67.5,66.8,83.9,72.0,72.6,72.3,84.2,72.9,81.3,80.4,79.6,70.1,73.8,73.4,67.0,69.7,73.2,63.3,64.5,79.6,1815,23,0.04,0.47,75.0,56.6,10.66,14.95,76.5,Star,1
PLR-3158,Marcus Van Dijk #2259,Uruguay,Serie A,Napoli,Midfielder,26,178,69,Left,High,Medium,67.9,75.3,78.1,72.2,73.3,66.2,79.7,69.2,,73.9,76.1,62.1,73.8,59.5,62.7,54.2,82.2,77.9,60.4,81.3,1673,21,0.02,0.74,78.6,52.7,10.15,5.88,77.2,Star,1
PLR-3159,Bruno Bellingham #2260,Japan,Premier League,Chelsea,Defender,26,179,70,Right,High,High,83.3,72.5,81.0,82.9,69.0,86.5,69.9,54.5,73.7,69.9,62.2,46.0,81.0,89.5,94.3,87.2,67.6,79.0,80.2,73.3,2253,28,0.12,0.06,72.0,86.1,8.78,21.25,86.3,Elite,2
PLR-3160,Federico Sato #2261,Brazil,Ligue 1,Rennes,Defender,23,183,82,Right,High,Medium,52.0,51.4,58.0,60.0,57.9,58.0,50.0,42.8,52.0,48.0,41.6,30.0,52.7,65.0,66.0,62.0,45.0,48.8,60.3,74.4,2331,29,0.01,0.01,72.0,66.8,8.5,4.0,59.5,Developing,0
PLR-3161,Son Alvarez #2262,Colombia,Serie A,Napoli,Midfielder,25,175,83,Left,Low,Medium,67.5,66.0,66.0,57.7,59.4,45.0,64.4,60.7,66.4,61.2,56.2,53.9,56.4,50.3,51.0,47.5,60.5,52.9,51.0,80.8,1241,15,0.02,0.28,75.0,52.0,10.24,0.5,62.2,Developing,0
PLR-3162,Victor Maignan #2263,Spain,Premier League,Newcastle,Midfielder,22,178,74,Right,Low,High,68.2,81.0,83.9,68.8,80.5,61.3,75.8,77.4,84.5,81.2,71.3,64.9,73.6,60.6,74.1,61.3,71.6,64.4,79.4,74.4,1765,22,0.09,0.62,76.5,62.7,11.35,14.11,76.8,Star,1
PLR-3163,Alessandro Santos #2264,Nigeria,Premier League,Chelsea,Defender,25,187,83,Right,Medium,Medium,68.0,67.4,75.4,77.5,64.5,80.7,56.8,48.0,68.8,63.1,62.5,59.0,68.7,74.4,87.4,80.5,68.8,74.4,80.3,69.4,1188,15,0.04,0.01,72.0,74.8,8.5,10.24,77.6,Star,1
PLR-3164,Gavi Williams #2265,Italy,La Liga,Girona,Midfielder,23,188,76,Right,Low,Medium,71.2,76.7,77.8,68.1,79.1,65.8,80.9,81.6,85.4,85.6,75.3,73.7,70.4,72.4,68.4,63.3,84.3,76.8,74.3,72.9,1913,24,0.17,0.78,78.6,58.5,10.46,12.88,79.4,Star,1
PLR-3165,Noah Jones #2266,Germany,Serie A,Inter Milan,Goalkeeper,30,193,80,Left,Low,High,43.4,46.5,45.1,74.3,60.1,68.7,44.0,31.7,54.0,52.7,29.0,21.1,66.1,44.2,22.6,27.6,68.9,63.3,65.3,66.9,2568,32,0.0,0.02,48.0,50.0,3.8,2.06,75.6,Star,1
PLR-3166,Florian Garcia #2267,Japan,Premier League,Liverpool,Midfielder,31,182,68,Left,Medium,Medium,72.4,58.6,,62.6,73.3,69.7,77.8,71.5,82.5,74.9,84.4,66.4,70.8,55.7,59.1,62.2,76.7,64.9,57.3,77.2,2366,30,0.15,0.61,75.0,53.8,11.12,5.45,77.4,Star,1
PLR-3167,Bukayo Mueller #2268,Nigeria,Bundesliga,VfB Stuttgart,Forward,19,188,75,Right,High,Medium,72.5,64.4,67.9,58.3,64.2,62.7,79.4,77.4,69.3,61.6,60.1,80.8,78.5,38.7,26.3,28.3,56.6,64.7,64.2,68.9,3420,38,0.46,0.18,65.0,40.0,8.8,8.9,75.3,Star,1
PLR-3168,Gianluigi Hernandez #2269,South Korea,Bundesliga,Bayer Leverkusen,Defender,23,186,81,Right,Medium,Medium,67.4,63.1,80.6,89.2,63.1,69.0,67.4,58.1,74.2,64.4,62.9,44.0,73.1,85.6,85.4,85.4,67.0,74.7,85.6,67.3,2658,34,0.01,0.03,72.0,78.0,9.51,18.13,82.6,Elite,2
PLR-3169,Erling Mueller #2270,Croatia,Serie A,Inter Milan,Midfielder,25,173,76,Left,Medium,High,57.7,66.8,70.5,48.0,58.0,51.9,62.0,59.2,70.1,65.6,54.5,53.0,59.5,55.6,50.5,46.8,63.0,53.5,58.5,82.9,1775,22,0.05,0.34,75.0,52.0,10.33,1.73,63.0,Developing,0
PLR-3170,Lucas Courtois #2271,Japan,Serie A,Juventus,Defender,21,183,68,Left,Low,High,74.4,73.5,69.8,78.4,69.0,82.9,71.8,65.3,,70.6,60.0,47.4,65.5,77.3,96.4,82.4,63.3,69.7,77.6,70.9,1856,23,0.01,0.03,72.0,89.6,8.5,18.94,82.3,Elite,2
PLR-3171,Gabriel Oblak #2272,Nigeria,La Liga,Barcelona,Forward,29,181,79,Right,High,High,81.2,77.5,66.0,67.0,79.4,69.1,78.3,80.2,70.8,60.3,62.8,85.5,76.7,35.1,37.1,23.8,71.3,74.8,63.4,66.4,1991,25,0.63,0.34,65.0,40.0,8.8,9.43,79.6,Star,1
PLR-3172,Victor De Bruyne #2273,Argentina,Premier League,Chelsea,Forward,29,195,68,Right,High,Medium,70.9,87.1,60.7,56.0,78.0,68.2,78.3,79.7,67.1,47.3,59.4,72.8,70.0,32.4,29.2,38.4,56.3,69.4,55.9,76.7,1396,17,0.37,0.06,65.0,40.0,8.8,4.48,74.1,Star,1
PLR-3173,Osimhen Garcia #2274,Netherlands,La Liga,Girona,Defender,29,188,77,Right,Medium,High,79.6,66.0,83.3,85.9,59.8,74.5,73.5,56.3,65.2,61.3,55.7,47.4,67.5,80.5,85.4,86.0,64.9,65.7,78.4,68.4,1415,18,0.07,0.01,72.0,79.4,10.18,10.86,80.1,Star,1
PLR-3174,Rodri Mbappe #2275,Japan,Serie A,Roma,Forward,22,181,74,Right,Medium,High,67.8,64.9,57.5,64.3,67.0,57.6,71.5,60.6,61.3,46.1,58.8,69.2,62.2,30.3,36.0,22.0,55.5,60.5,59.9,76.4,2187,28,0.39,0.24,65.0,40.0,8.8,0.99,64.0,Developing,0
PLR-3175,Jamal Rodri #2276,South Korea,Premier League,Liverpool,Defender,29,190,83,Left,High,Medium,69.9,66.1,79.0,86.6,71.5,73.5,64.0,66.9,69.4,67.8,55.0,44.2,73.3,85.1,89.1,82.5,66.4,68.6,73.4,67.8,2990,38,0.07,0.14,72.0,82.0,9.88,15.77,82.7,Elite,2
PLR-3176,Florian Hernandez #2277,South Korea,Premier League,Aston Villa,Forward,28,181,69,Right,Medium,Low,74.4,77.0,76.1,66.7,82.2,63.6,77.5,80.6,72.4,54.3,73.5,86.6,75.6,40.3,43.8,27.2,62.0,73.7,69.7,76.5,1850,23,0.56,0.29,65.0,40.0,8.84,8.22,78.8,Star,1
PLR-3177,Nicolo Sato #2278,Portugal,Serie A,Napoli,Defender,27,187,73,Right,High,High,65.8,63.4,58.0,71.1,51.6,58.7,56.7,47.0,54.2,60.0,40.0,30.8,54.9,69.6,66.0,69.3,56.7,56.9,60.6,74.3,2079,26,0.02,0.08,72.0,63.7,8.5,3.12,64.3,Developing,0
PLR-3178,Lucas Diallo #2279,Italy,Bundesliga,RB Leipzig,Defender,23,185,85,Right,High,Medium,62.9,65.2,70.9,83.8,64.0,63.8,65.6,51.6,69.9,68.3,40.0,43.8,71.5,78.5,83.5,79.7,69.4,69.2,73.5,74.3,1779,22,0.03,0.13,72.0,77.8,8.5,7.84,74.7,Star,1
PLR-3179,Jan Hernandez #2280,Croatia,Serie A,AC Milan,Midfielder,28,178,84,Right,High,Medium,66.2,56.0,76.3,62.1,70.9,64.0,75.3,68.5,74.7,75.8,65.8,54.4,67.8,58.3,56.9,52.1,72.8,68.6,70.4,69.6,1993,25,0.12,0.43,75.0,53.7,9.81,5.11,72.1,Star,1
PLR-3180,Lucas Fernandez #2281,Brazil,Premier League,Manchester United,Midfielder,27,176,70,Right,Medium,Medium,62.9,67.7,78.7,61.6,70.5,67.4,78.7,75.8,80.0,78.3,67.1,67.7,74.9,56.8,65.1,58.3,80.9,68.9,63.9,79.3,1835,23,0.15,0.65,75.0,52.0,10.69,7.64,74.8,Star,1
PLR-3181,Thibaut Fernandez #2282,Uruguay,Premier League,Aston Villa,Forward,24,191,73,Right,Medium,High,77.0,78.8,68.7,63.7,70.9,58.7,68.4,75.4,61.9,56.5,56.9,76.0,64.8,43.5,31.8,37.5,62.0,66.6,54.4,71.4,3015,38,0.5,0.16,65.0,40.0,8.8,6.57,70.6,Developing,0
PLR-3182,Kevin Tchouameni #2283,Germany,Bundesliga,RB Leipzig,Forward,22,186,76,Right,Medium,Medium,80.0,69.6,70.3,66.5,80.0,67.1,71.4,76.8,70.0,64.0,65.2,77.8,79.3,33.5,25.0,30.0,61.0,68.7,69.5,67.1,1043,13,0.28,0.23,65.0,40.0,8.8,7.55,76.1,Star,1
PLR-3183,Bruno Kroos #2284,USA,Serie A,AC Milan,Midfielder,21,175,76,Left,Low,Low,63.7,70.8,83.3,71.0,75.6,71.5,88.8,72.2,82.8,78.9,68.9,66.2,69.4,68.3,74.3,58.9,73.7,69.7,70.4,69.3,1463,18,0.12,0.48,75.0,66.2,10.61,13.26,79.5,Star,1
PLR-3184,Gianluigi Camavinga #2285,Argentina,La Liga,Athletic Club,Defender,29,190,79,Left,High,High,68.9,67.9,74.4,76.7,61.9,82.1,61.8,54.3,63.8,62.6,61.1,46.8,68.1,84.0,85.1,84.6,62.2,72.5,73.6,69.4,1945,24,0.22,0.01,72.0,79.6,9.54,7.19,78.9,Star,1
PLR-3185,Erling Fernandez #2286,Uruguay,La Liga,Real Sociedad,Goalkeeper,29,189,98,Right,Medium,Medium,42.4,47.4,46.0,93.8,70.5,72.8,30.0,27.3,50.1,55.2,23.8,27.4,57.6,36.4,33.2,30.9,77.6,77.9,61.6,75.9,1578,20,0.0,0.01,48.0,50.0,3.8,10.1,78.7,Star,1
PLR-3186,Darwin Williams #2287,USA,Ligue 1,Nice,Defender,25,177,77,Right,Medium,High,65.5,78.7,77.4,87.6,68.5,83.2,73.7,58.5,75.9,58.5,58.3,57.1,66.9,90.1,88.7,86.5,64.7,69.7,83.1,68.3,1614,20,0.04,0.08,72.0,82.1,8.97,25.41,87.0,Elite,2
PLR-3187,Gavi Fernandez #2288,Canada,La Liga,Real Sociedad,Defender,27,183,77,Left,High,Low,73.5,71.6,72.6,85.4,68.0,85.2,71.6,57.6,66.6,70.7,61.6,50.5,63.5,80.3,81.3,81.5,73.4,74.0,81.3,55.2,1510,19,0.02,0.12,72.0,76.2,8.82,9.69,78.8,Star,1
PLR-3188,Kevin Valverde #2289,Netherlands,Bundesliga,Bayer Leverkusen,Defender,19,181,80,Right,Medium,Medium,82.3,72.1,82.1,91.7,84.1,80.3,67.2,63.1,64.0,65.3,57.1,53.4,64.7,76.6,90.3,91.7,64.4,75.3,78.5,65.5,1509,19,0.01,0.09,72.0,84.2,9.35,27.2,85.8,Elite,2
PLR-3189,Ederson Davies #2290,Nigeria,Premier League,Arsenal,Defender,31,185,76,Right,High,High,74.1,70.5,72.2,82.4,76.4,83.2,76.3,64.9,64.5,68.2,62.2,55.4,71.1,89.3,91.2,85.7,69.1,74.3,80.8,63.6,3054,38,0.04,0.1,72.0,83.4,8.5,6.35,83.6,Elite,2
PLR-3190,Florian Saliba #2291,South Korea,La Liga,Athletic Club,Forward,26,191,79,Right,High,Medium,75.1,81.0,67.1,62.3,76.3,57.3,73.5,76.9,60.6,52.0,70.3,75.2,76.6,40.4,26.7,36.5,63.0,71.4,65.8,73.6,2224,28,0.33,0.13,65.0,40.0,8.8,8.41,73.9,Star,1
PLR-3191,Khvicha Schmidt #2292,Colombia,Ligue 1,Lille,Goalkeeper,21,193,88,Left,Medium,High,38.2,35.6,40.1,64.6,51.2,65.1,30.0,27.5,40.0,43.1,20.0,24.1,52.3,26.0,19.0,23.1,54.3,58.1,56.2,77.9,1300,16,0.0,0.01,48.0,50.0,3.8,0.5,60.7,Developing,0
PLR-3192,Victor Saliba #2293,Japan,Premier League,Manchester United,Defender,24,185,78,Right,Medium,Medium,61.3,61.1,72.5,75.2,53.3,71.0,59.4,55.3,61.1,62.7,52.0,39.5,56.7,71.2,71.3,74.1,58.9,62.8,70.4,67.8,1132,14,0.05,0.02,72.0,64.9,8.5,6.44,72.8,Star,1
PLR-3193,Luka Maignan #2294,Spain,La Liga,Athletic Club,Midfielder,21,179,74,Right,Medium,Medium,55.8,62.8,78.3,63.0,64.4,64.1,71.4,68.0,77.0,69.6,64.7,55.5,66.8,58.1,57.2,51.9,67.3,62.6,61.0,84.9,1953,25,0.1,0.51,75.0,52.0,10.52,3.09,69.7,Developing,0
PLR-3194,Alejandro Davies #2295,Spain,La Liga,Real Sociedad,Forward,31,178,80,Right,Medium,Low,84.4,75.5,67.9,68.6,74.5,71.9,76.4,82.3,63.7,67.1,60.6,86.2,75.2,46.8,44.9,37.5,74.1,74.1,61.5,71.5,2645,33,0.59,0.13,65.0,40.0,8.8,5.23,80.7,Star,1
PLR-3195,Rafael Williams #2296,Japan,Premier League,Arsenal,Midfielder,30,187,73,Right,Medium,Medium,55.0,57.2,71.7,52.6,58.8,53.1,65.3,66.3,70.8,61.3,56.3,48.0,53.4,50.9,59.3,38.8,68.9,60.6,52.9,76.4,2000,25,0.02,0.47,75.0,52.0,10.08,0.5,67.7,Developing,0
PLR-3196,Kylian Fernandez #2297,Spain,Serie A,Atalanta,Midfielder,26,177,84,Right,High,High,72.0,65.5,84.7,76.0,72.0,71.7,84.7,75.6,87.5,91.6,76.4,67.6,72.8,76.2,64.6,60.0,85.6,72.8,72.0,64.6,2424,31,0.1,0.83,76.1,56.1,10.49,10.37,80.6,Star,1
PLR-3197,Osimhen Mendes #2298,Senegal,Bundesliga,Borussia Dortmund,Defender,24,184,85,Right,Medium,Medium,85.4,81.6,77.1,88.0,66.5,82.0,71.2,63.5,78.3,70.1,60.6,44.2,77.1,89.6,86.3,84.7,66.4,77.5,85.0,62.7,2223,28,0.0,0.03,72.0,80.6,8.58,24.66,82.9,Elite,2
PLR-3198,Mateo De Bruyne #2299,Senegal,Premier League,Manchester United,Midfielder,22,185,74,Right,High,Low,56.3,57.7,66.9,63.7,65.1,57.4,70.9,58.0,73.9,69.6,64.9,57.4,55.4,45.0,52.6,44.2,59.0,59.3,53.3,82.8,2828,36,0.02,0.2,75.0,52.0,9.8,5.28,66.5,Developing,0
PLR-3199,Vinicius Kim #2300,Japan,La Liga,Girona,Midfielder,18,181,68,Right,Medium,Low,64.8,76.0,81.5,76.1,80.4,72.4,79.1,81.1,91.2,87.6,85.3,71.2,79.9,68.6,57.2,65.8,74.3,63.0,77.6,74.7,1967,25,0.14,0.7,83.0,53.8,11.19,10.7,77.5,Star,1
PLR-3200,Jan Moreno #2301,Colombia,Bundesliga,Bayer Leverkusen,Goalkeeper,29,189,85,Right,High,Medium,49.3,54.9,47.2,77.7,48.8,69.8,42.9,39.1,56.3,63.7,35.4,22.0,63.0,33.6,22.0,17.3,70.0,73.8,68.4,75.4,1885,24,0.0,0.0,48.0,50.0,3.8,10.31,79.6,Star,1
PLR-3201,Mike Martinez #2302,England,Premier League,Manchester City,Forward,22,173,70,Left,Medium,Medium,77.3,70.6,74.1,61.6,75.3,65.7,65.5,70.0,65.5,48.5,67.7,73.8,72.9,30.0,32.0,44.4,61.6,63.8,58.1,77.4,1399,17,0.31,0.11,65.0,40.0,8.8,3.43,71.3,Star,1
PLR-3202,Mateo Camavinga #2303,Norway,Serie A,Juventus,Midfielder,25,175,78,Right,Medium,Medium,60.9,58.7,67.0,58.9,69.8,63.1,69.3,62.4,66.3,70.4,75.7,52.5,60.2,58.4,61.1,52.9,66.7,60.1,65.3,61.5,1626,20,0.07,0.44,75.0,52.0,9.8,0.5,64.9,Developing,0
PLR-3203,Eduardo Kroos #2304,Spain,Ligue 1,Rennes,Forward,25,174,77,Right,Medium,High,96.3,92.9,74.9,77.7,87.9,76.4,79.7,93.1,79.7,62.4,84.5,96.3,81.9,50.0,50.0,35.2,81.3,82.6,93.5,63.4,1319,16,0.67,0.39,65.0,40.0,9.06,36.26,89.8,Elite,2
PLR-3204,Khvicha Mueller #2305,Italy,Bundesliga,VfB Stuttgart,Defender,22,192,80,Left,Low,Medium,77.6,71.5,82.9,98.2,65.0,88.0,72.0,65.1,82.1,73.4,65.7,48.9,69.9,90.6,99.0,91.5,76.7,78.5,91.8,61.9,1818,23,0.04,0.08,72.5,90.5,10.02,67.24,92.8,Elite,2
PLR-3205,Khvicha Silva #2306,Japan,Premier League,Arsenal,Goalkeeper,26,191,81,Left,Low,Low,44.4,48.0,49.8,63.5,48.2,59.7,35.6,32.6,46.3,44.3,24.2,15.0,45.0,30.3,18.0,17.7,54.3,54.3,51.2,79.0,3112,38,0.0,0.01,48.0,50.0,3.8,5.12,66.6,Developing,0
PLR-3206,Son Schmidt #2307,Uruguay,Premier League,Chelsea,Midfielder,23,187,70,Left,Medium,Medium,71.0,67.1,79.0,64.1,83.9,54.4,81.9,80.5,85.2,82.9,71.4,76.9,73.6,60.4,62.6,61.9,72.7,69.5,63.7,73.2,2575,33,0.1,0.57,76.3,60.4,10.49,9.9,79.1,Star,1
PLR-3207,Alexis Haaland #2308,Morocco,Serie A,Atalanta,Defender,28,192,85,Right,High,Medium,80.8,70.0,75.5,81.5,73.2,80.8,70.0,66.0,71.0,69.1,57.5,41.8,68.6,79.7,81.9,91.1,66.7,68.8,83.4,67.7,2091,26,0.07,0.08,72.0,74.0,8.57,5.17,79.8,Star,1
PLR-3208,Ederson Traore #2309,Colombia,Bundesliga,RB Leipzig,Midfielder,29,173,77,Right,High,High,74.7,76.3,84.2,65.5,81.6,62.3,83.4,70.0,81.1,84.7,76.0,71.7,76.2,69.1,60.4,51.5,81.2,63.6,72.1,66.2,2195,28,0.1,0.56,75.0,57.1,9.8,6.4,76.9,Star,1
PLR-3209,Mike Hernandez #2310,USA,Premier League,Manchester United,Goalkeeper,28,192,80,Right,Medium,High,37.0,41.7,41.5,57.6,47.2,51.1,30.0,25.0,47.1,43.2,20.0,15.0,46.4,28.1,28.4,18.6,50.7,55.3,52.5,81.7,1753,22,0.0,0.0,48.0,50.0,3.8,0.5,62.9,Developing,0
PLR-3210,Thibaut Musiala #2311,Senegal,Ligue 1,Lille,Defender,31,180,73,Right,Medium,Medium,60.3,67.0,60.6,70.6,62.9,74.0,62.2,48.4,61.7,54.7,52.8,38.1,57.6,78.3,76.4,72.9,60.5,64.4,72.4,67.5,1956,25,0.04,0.03,72.0,68.0,8.5,2.9,72.2,Star,1
PLR-3211,Kevin Maignan #2312,Netherlands,Premier League,Newcastle,Defender,24,184,74,Right,Low,High,54.0,53.5,61.2,60.0,48.8,66.9,58.1,48.3,57.7,52.3,51.1,30.0,52.2,70.4,66.0,65.1,55.1,56.1,74.2,68.8,2521,32,0.0,0.01,72.0,62.0,8.5,0.5,64.4,Developing,0
PLR-3212,Julian Foden #2313,Norway,Premier League,Manchester United,Forward,29,173,86,Right,Low,High,77.5,74.8,68.5,56.2,71.5,68.8,70.6,72.0,62.0,62.0,56.3,78.6,78.6,33.3,48.6,34.3,55.8,66.1,65.4,68.5,1946,24,0.3,0.02,65.0,40.0,8.8,5.5,74.0,Star,1
PLR-3213,Khvicha Martinez #2314,Nigeria,Ligue 1,Lille,Goalkeeper,27,186,74,Right,High,Medium,47.9,62.9,44.1,72.0,61.1,83.7,37.5,30.7,51.8,56.8,27.7,24.4,58.5,44.6,26.1,18.2,73.5,76.1,73.8,77.3,1552,19,0.0,0.0,48.0,50.0,3.8,15.82,85.0,Elite,2
PLR-3214,Gavi Oblak #2315,USA,La Liga,Barcelona,Defender,31,190,86,Right,Medium,High,57.9,60.0,69.3,69.4,52.1,76.1,51.3,49.3,69.0,62.2,58.7,33.5,51.6,77.0,78.0,67.3,61.7,65.5,75.2,67.8,1709,21,0.05,0.07,72.0,77.0,8.5,0.5,73.1,Star,1
PLR-3215,Pedri Foden #2316,Ghana,Serie A,Roma,Midfielder,20,175,78,Left,High,High,72.8,73.9,84.7,79.6,83.3,67.3,87.0,71.1,85.4,83.3,65.3,67.4,80.2,67.6,67.8,55.2,72.7,67.4,66.8,69.4,1498,19,0.02,0.63,77.1,56.1,11.45,12.58,77.3,Star,1
PLR-3216,Son Silva #2317,Nigeria,Premier League,Newcastle,Defender,30,183,90,Right,Medium,High,76.8,75.6,77.7,91.3,60.4,76.3,63.5,65.6,62.5,69.1,64.6,50.1,66.3,86.5,87.8,86.2,69.0,72.2,79.8,74.3,2469,31,0.01,0.07,72.0,82.3,8.66,9.8,82.3,Elite,2
PLR-3217,Rafael Bellingham #2318,France,Bundesliga,VfB Stuttgart,Midfielder,24,186,65,Right,Medium,High,57.0,56.5,65.0,48.0,58.0,47.4,65.2,62.8,65.0,61.9,57.4,65.2,52.0,59.6,47.1,40.8,55.3,59.3,64.9,71.3,3161,38,0.05,0.24,75.0,52.0,9.8,2.2,61.2,Developing,0
PLR-3218,Aurélien Valverde #2319,Canada,Ligue 1,Monaco,Defender,24,194,82,Right,High,High,67.5,56.9,61.1,66.0,57.0,70.3,61.8,44.9,61.3,57.1,47.8,32.6,50.3,67.8,69.4,66.7,58.0,54.9,59.9,82.3,3399,38,0.04,0.01,72.0,62.0,8.5,3.45,66.8,Developing,0
PLR-3219,Kevin Martinez #2320,Italy,Bundesliga,Borussia Dortmund,Forward,23,185,77,Right,Medium,High,86.1,93.9,76.8,72.3,79.3,89.9,78.5,99.0,79.3,68.7,66.7,94.4,79.8,44.4,47.2,27.3,75.4,79.9,76.2,65.6,1318,16,0.75,0.3,67.7,40.0,8.8,30.24,86.7,Elite,2
PLR-3220,Alessandro Tanaka #2321,Senegal,Serie A,Roma,Defender,24,189,78,Left,Low,Medium,85.4,70.0,87.4,91.1,68.7,89.5,67.4,69.3,84.8,80.5,73.2,47.3,77.8,93.1,91.7,90.8,78.7,88.6,98.0,57.9,1590,20,0.08,0.06,74.7,82.4,10.72,64.97,92.7,Elite,2
PLR-3221,Gianluigi Dias #2322,Netherlands,Ligue 1,Marseille,Midfielder,32,178,74,Right,Medium,Low,69.4,67.1,88.7,69.4,75.1,67.1,85.3,80.7,90.8,78.3,72.2,72.7,78.2,66.6,68.6,58.7,81.2,77.4,75.4,64.8,1704,21,0.18,0.75,79.7,61.5,11.32,9.63,82.8,Elite,2
PLR-3222,Darwin Fernandez #2323,Croatia,Ligue 1,Marseille,Forward,19,174,80,Right,High,Low,63.1,62.0,63.8,54.9,60.9,52.0,58.0,75.1,58.2,57.9,59.0,65.8,68.6,41.0,25.0,29.0,52.0,50.4,60.0,81.4,2537,32,0.23,0.14,65.0,40.0,8.8,0.5,62.7,Developing,0
PLR-3223,Osimhen Mendes #2324,Japan,Serie A,Fiorentina,Forward,23,184,80,Right,High,Medium,93.6,98.4,82.8,76.1,90.0,88.4,85.5,93.2,76.9,63.8,74.0,93.0,90.3,42.7,52.5,32.9,76.9,76.3,78.7,59.9,2622,33,0.77,0.34,65.0,40.0,9.31,41.43,88.1,Elite,2
PLR-3224,Antony Saka #2325,Netherlands,La Liga,Villarreal,Forward,33,184,81,Right,High,High,77.9,79.1,81.2,78.5,85.3,76.4,87.4,81.6,73.1,73.1,72.5,94.5,81.5,44.7,45.7,42.8,66.2,79.3,77.8,64.6,1905,24,0.72,0.17,65.0,40.0,9.08,17.86,86.5,Elite,2
PLR-3225,Theo Rodriguez #2326,Japan,Ligue 1,Monaco,Midfielder,29,179,73,Right,High,High,63.5,68.9,78.6,67.7,76.6,59.6,76.4,73.1,72.4,79.0,67.2,63.0,65.1,57.2,61.0,55.6,79.0,64.1,69.9,68.4,1532,19,0.08,0.38,75.0,56.3,10.35,5.61,72.6,Star,1
PLR-3226,Gabriel Davies #2327,Colombia,Bundesliga,Borussia Dortmund,Midfielder,26,173,73,Right,Medium,Medium,66.9,66.2,70.0,62.7,72.6,58.8,68.8,74.7,80.6,85.2,70.3,55.7,76.1,69.2,54.3,59.7,75.3,70.7,62.2,71.6,1239,15,0.02,0.55,75.0,52.0,9.8,7.12,73.4,Star,1
PLR-3227,Trent Traore #2328,Germany,Serie A,Roma,Midfielder,28,179,69,Right,Medium,Low,62.0,75.6,71.0,63.6,68.9,61.7,78.8,62.4,73.9,79.8,60.4,59.8,69.0,58.3,60.2,59.0,76.9,68.5,63.4,74.2,2202,28,0.1,0.44,75.0,55.4,9.96,1.85,71.5,Star,1
PLR-3228,Declan Davies #2329,Portugal,La Liga,Barcelona,Midfielder,24,183,68,Right,High,Medium,71.2,76.5,76.0,63.4,66.9,63.6,77.9,64.7,73.9,76.0,74.8,62.8,61.5,56.1,53.6,55.0,77.3,65.4,70.5,73.0,450,8,0.06,0.53,75.0,52.0,9.8,10.37,74.2,Star,1
PLR-3229,Noah Van Dijk #2330,Uruguay,Ligue 1,Lille,Midfielder,26,170,83,Right,Medium,High,55.0,56.0,67.6,59.7,61.8,58.8,66.1,61.7,67.0,60.0,58.0,55.3,62.2,46.0,58.5,44.9,62.0,52.9,52.3,74.7,1135,14,0.04,0.33,75.0,52.0,9.8,0.5,64.3,Developing,0
PLR-3230,Gabriel De Bruyne #2331,Germany,Premier League,Chelsea,Defender,22,179,78,Right,High,Medium,66.1,64.2,71.7,78.7,63.5,68.4,59.7,60.1,67.1,64.2,51.2,30.0,56.2,74.7,83.3,72.9,62.1,65.9,63.3,73.2,2119,27,0.07,0.12,72.0,74.9,8.5,9.02,77.3,Star,1
PLR-3231,Federico Foden #2332,Uruguay,La Liga,Real Madrid,Forward,25,188,72,Left,Medium,High,90.4,90.9,89.0,80.2,91.1,74.5,86.7,82.2,83.3,79.5,84.2,98.7,91.6,43.2,37.9,40.4,78.7,82.4,76.6,73.4,450,8,0.75,0.37,69.1,40.0,9.56,30.08,88.6,Elite,2
PLR-3232,David De Bruyne #2333,USA,La Liga,Girona,Goalkeeper,21,187,88,Right,High,Low,49.1,42.0,40.0,76.8,53.7,73.7,36.2,28.7,58.2,51.8,22.4,21.2,58.6,44.0,21.2,21.7,58.6,64.5,67.0,78.5,2441,31,0.0,0.01,48.0,50.0,3.8,8.38,76.3,Star,1
PLR-3233,Marcus Bellingham #2334,Senegal,La Liga,Girona,Defender,25,184,76,Left,Low,Medium,91.7,86.2,90.9,93.5,85.5,98.0,77.4,70.1,82.6,82.0,80.3,54.6,79.3,99.0,99.0,98.0,79.1,92.1,98.0,60.7,1591,20,0.01,0.16,72.0,94.0,9.84,63.63,94.5,Elite,2
PLR-3234,Mateo Haaland #2335,England,Serie A,Roma,Defender,33,188,79,Right,Medium,Medium,67.0,69.4,69.8,82.3,62.2,82.0,65.0,55.7,72.8,63.6,64.6,39.0,67.3,91.8,80.4,86.0,75.3,79.9,78.6,63.1,1690,21,0.06,0.1,72.0,69.7,8.5,9.48,83.7,Elite,2
PLR-3235,Alisson Barella #2336,Argentina,Bundesliga,Eintracht Frankfurt,Midfielder,29,172,76,Right,High,Medium,60.0,62.5,81.4,71.2,72.3,57.2,78.9,69.0,75.1,66.2,74.7,63.3,66.3,62.7,56.6,56.9,70.7,65.3,62.0,79.7,1135,14,0.06,0.39,75.0,52.0,10.2,5.31,72.4,Star,1
PLR-3236,Aurélien Maignan #2337,Brazil,Bundesliga,Borussia Dortmund,Defender,21,185,86,Right,Medium,Medium,65.9,65.1,65.5,80.4,55.1,76.5,64.9,55.2,59.6,55.7,58.4,33.5,67.3,75.0,74.9,74.6,57.5,64.1,65.0,77.7,2376,30,0.05,0.02,72.0,66.5,8.66,5.43,73.3,Star,1
PLR-3237,Ederson Mendes #2338,France,La Liga,Barcelona,Forward,32,181,72,Right,Medium,Medium,81.6,71.0,,65.7,72.4,72.7,72.8,73.3,66.9,59.8,67.2,80.8,77.8,43.3,33.9,27.6,62.8,71.6,60.0,82.9,1803,23,0.66,0.28,65.0,40.0,8.8,3.46,77.9,Star,1
PLR-3238,Khvicha De Bruyne #2339,Nigeria,Serie A,Roma,Forward,29,176,77,Right,High,High,84.0,83.8,79.9,77.8,73.8,71.4,75.8,74.5,72.4,63.7,70.1,86.5,74.6,48.5,44.0,22.0,66.7,65.7,63.2,74.3,1964,25,0.52,0.25,65.0,40.0,9.26,10.2,79.3,Star,1
PLR-3239,Bukayo Hernandez #2340,Nigeria,Bundesliga,Bayern Munich,Forward,19,177,74,Right,High,Medium,72.4,69.0,66.1,59.6,78.3,65.6,72.3,65.3,57.7,63.7,63.0,76.0,71.0,39.7,35.8,27.7,57.5,64.2,75.6,76.1,1775,22,0.41,0.07,65.0,40.0,8.8,6.5,71.2,Star,1
PLR-3240,Achraf Courtois #2341,Uruguay,Serie A,Roma,Defender,29,188,89,Right,High,Low,72.9,77.8,79.4,94.0,75.1,86.4,76.0,74.8,67.5,74.1,62.6,46.1,60.3,91.2,90.2,91.7,75.2,78.4,91.6,61.8,1126,14,0.03,0.13,72.0,78.6,9.85,32.63,88.9,Elite,2
PLR-3241,Alessandro Garcia #2342,Spain,La Liga,Barcelona,Forward,32,183,77,Right,Medium,High,65.2,75.8,55.0,53.5,66.3,64.6,59.3,60.4,50.0,51.4,58.4,68.5,67.8,39.6,34.3,22.0,56.2,70.4,66.2,68.1,2026,25,0.31,0.02,65.0,40.0,8.8,0.5,64.6,Developing,0
PLR-3242,Luka Davies #2343,Morocco,Bundesliga,Bayer Leverkusen,Midfielder,23,179,65,Left,Medium,Medium,82.9,74.7,92.9,68.3,86.4,74.7,88.8,83.8,96.0,88.5,80.6,69.9,82.3,66.2,75.1,70.8,79.4,77.9,75.9,70.4,1145,14,0.16,0.71,86.1,70.6,11.41,36.89,87.2,Elite,2
PLR-3243,Aurélien Hernandez #2344,Colombia,La Liga,Atletico Madrid,Goalkeeper,27,195,76,Right,Medium,High,55.5,60.2,41.8,82.0,72.4,85.2,41.7,36.3,51.2,57.8,26.6,15.0,66.9,41.9,28.9,21.5,68.3,81.6,72.6,76.0,2887,37,0.0,0.01,48.0,50.0,3.8,31.35,88.7,Elite,2
PLR-3244,Jamal Maignan #2345,Croatia,Ligue 1,Nice,Defender,23,185,76,Right,Low,Medium,67.2,69.8,75.6,81.0,66.1,71.1,64.0,50.9,70.7,68.2,61.3,32.6,49.8,80.3,85.8,75.4,59.3,72.9,78.8,59.0,2242,28,0.01,0.09,72.0,82.0,8.68,9.79,78.7,Star,1
PLR-3245,Alisson Santos #2346,Japan,Serie A,Napoli,Midfielder,23,184,71,Right,High,Low,70.8,91.5,91.8,81.1,84.8,71.3,88.9,88.1,97.8,98.0,88.1,73.1,76.5,75.7,68.4,68.0,96.3,77.8,69.7,71.3,1769,22,0.23,0.85,93.2,57.6,11.68,50.9,90.4,Elite,2
PLR-3246,Mike Jones #2347,USA,Bundesliga,VfB Stuttgart,Forward,18,182,77,Right,Medium,High,73.3,79.2,78.4,69.3,77.8,79.7,74.5,82.0,74.6,59.7,69.0,86.2,85.0,37.4,30.8,31.2,61.9,68.1,56.1,83.6,1823,23,0.54,0.15,65.0,40.0,8.9,15.24,79.5,Star,1
PLR-3247,Eduardo Mueller #2348,Senegal,Bundesliga,Bayer Leverkusen,Defender,22,184,80,Left,Medium,Low,69.5,68.8,72.6,80.2,67.5,73.0,58.9,63.3,62.5,62.3,58.8,43.5,62.8,83.2,86.4,79.8,60.8,67.2,75.6,69.9,2275,29,0.07,0.09,72.0,80.5,8.5,12.88,79.4,Star,1
PLR-3248,Cole Martinez #2349,Italy,Bundesliga,VfB Stuttgart,Midfielder,34,182,70,Right,Medium,Medium,65.1,66.7,88.6,68.8,82.0,63.5,82.6,84.6,91.9,93.5,74.8,56.5,75.0,66.5,72.9,64.9,92.1,80.4,77.8,66.3,2028,26,0.11,0.85,79.2,59.5,11.49,12.48,84.8,Elite,2
PLR-3249,Achraf Rice #2350,Japan,Bundesliga,Bayern Munich,Forward,24,182,64,Right,High,High,77.5,77.6,67.7,54.4,68.2,69.2,66.7,79.3,68.0,54.6,64.9,82.3,75.5,43.1,39.2,22.0,68.7,65.9,66.8,75.2,958,12,0.56,0.21,65.0,40.0,8.8,5.54,74.8,Star,1
PLR-3250,Darwin Valverde #2351,Canada,La Liga,Villarreal,Forward,26,191,73,Right,Low,High,68.7,67.2,66.9,52.8,67.2,67.5,67.3,71.6,70.5,50.7,54.8,63.7,65.6,34.2,28.4,33.2,56.3,60.2,66.6,69.8,1372,17,0.23,0.23,65.0,40.0,8.8,3.08,66.5,Developing,0
PLR-3251,Pedri Martinez #2352,Italy,Bundesliga,Bayer Leverkusen,Goalkeeper,25,195,87,Right,Medium,Medium,46.3,51.2,43.7,73.3,50.0,71.8,37.8,26.3,46.2,43.6,22.3,16.7,55.6,40.1,34.7,20.1,68.8,71.0,66.1,79.8,2223,28,0.0,0.01,48.0,50.0,3.8,5.79,74.2,Star,1
PLR-3252,Rafael Valverde #2353,Norway,Serie A,AC Milan,Defender,26,191,71,Right,Medium,Medium,76.8,71.9,79.9,83.2,81.1,89.6,67.4,62.8,74.2,72.5,59.2,45.7,76.2,90.0,88.6,81.6,70.4,82.0,73.1,65.4,2642,33,0.0,0.09,72.0,82.4,8.96,20.87,84.9,Elite,2
PLR-3253,Florian Barella #2354,Ghana,Premier League,Arsenal,Defender,25,182,74,Left,Medium,High,64.2,66.6,76.0,79.1,69.4,75.9,72.7,56.6,69.1,61.0,48.7,54.5,68.8,88.0,80.3,84.3,69.0,69.6,82.1,65.5,1959,25,0.08,0.01,72.0,75.6,8.55,10.74,79.9,Star,1
PLR-3254,Son Martinez #2355,Colombia,Serie A,Inter Milan,Defender,24,184,76,Left,High,Medium,89.2,73.5,80.8,92.3,72.6,91.0,70.2,73.6,76.1,74.5,65.0,61.1,71.7,94.6,94.3,98.0,80.1,78.2,88.8,55.5,3373,38,0.06,0.08,72.0,84.3,9.14,63.51,92.5,Elite,2
PLR-3255,Kevin Modric #2356,Portugal,La Liga,Athletic Club,Midfielder,27,183,78,Right,High,High,75.1,82.2,90.4,82.8,82.7,74.1,96.6,88.9,85.9,89.4,78.2,77.5,78.7,63.7,70.4,69.9,87.5,80.8,70.9,69.9,2109,27,0.19,0.64,79.6,59.6,11.98,28.97,88.4,Elite,2
PLR-3256,Alejandro Wirtz #2357,Brazil,Premier League,Aston Villa,Midfielder,23,175,69,Right,Medium,Medium,79.4,84.8,99.0,78.6,82.2,67.3,90.2,85.1,93.8,96.8,76.3,78.2,89.7,68.0,72.0,68.1,88.6,84.4,84.1,61.9,3040,38,0.22,0.78,85.8,68.8,12.19,56.45,91.1,Elite,2
PLR-3257,Son Mendes #2358,England,La Liga,Atletico Madrid,Midfielder,26,182,70,Right,Medium,High,77.9,83.8,95.3,63.9,90.5,63.9,85.8,90.6,96.1,89.5,86.8,77.0,82.6,57.6,65.3,63.8,92.1,81.6,70.8,67.8,3099,38,0.12,0.85,83.7,54.9,12.13,31.66,89.2,Elite,2
PLR-3258,Osimhen Donnarumma #2359,Ghana,Bundesliga,Borussia Dortmund,Midfielder,26,181,72,Left,High,High,74.2,72.9,91.7,62.4,80.0,69.1,82.5,84.2,87.5,91.6,81.1,65.7,81.5,71.4,72.0,62.0,81.7,67.3,84.6,67.2,2002,25,0.04,0.56,77.2,62.4,11.28,10.64,81.2,Star,1
PLR-3259,Osimhen Tanaka #2360,Netherlands,La Liga,Barcelona,Midfielder,25,169,77,Left,Low,Medium,55.0,62.5,71.2,60.2,69.8,52.7,69.8,65.2,80.6,60.0,59.8,63.6,56.4,62.7,54.5,49.6,75.0,66.7,61.4,75.3,2858,36,0.11,0.52,75.0,52.0,9.8,3.04,69.0,Developing,0
PLR-3260,Dominik Musiala #2361,Morocco,La Liga,Villarreal,Defender,24,181,81,Right,Medium,Medium,70.2,64.8,78.1,81.7,63.2,77.4,62.9,59.1,64.4,61.7,41.8,32.5,60.2,80.3,87.1,81.0,59.8,70.2,75.3,75.7,583,8,0.01,0.03,72.0,80.9,8.53,20.92,80.6,Star,1
PLR-3261,Bruno Silva #2362,Ghana,Ligue 1,Marseille,Midfielder,21,177,70,Right,Low,Medium,71.2,68.8,83.6,65.4,74.5,61.4,82.6,74.3,83.0,82.9,61.5,60.2,80.4,57.5,68.5,63.9,76.3,73.2,76.9,67.0,2590,33,0.02,0.63,75.0,56.8,10.98,14.88,80.4,Star,1
PLR-3262,Son Silva #2363,Uruguay,Ligue 1,Monaco,Defender,23,180,80,Right,Medium,Medium,73.2,67.7,74.2,86.7,67.2,86.6,67.8,59.6,76.0,63.6,57.4,40.2,63.0,83.1,82.1,85.2,66.7,78.2,78.8,60.2,3420,38,0.05,0.11,72.0,73.7,8.5,18.69,81.4,Star,1
PLR-3263,Rafael Hakimi #2364,Morocco,Ligue 1,Lyon,Midfielder,27,181,72,Right,High,Medium,70.8,70.9,80.3,55.2,81.4,68.9,79.4,73.0,77.9,84.3,72.2,66.4,69.7,57.5,52.2,59.0,78.0,73.9,68.1,73.8,2082,26,0.13,0.52,75.0,52.0,10.56,6.89,78.0,Star,1
PLR-3264,Virgil Dias #2365,Brazil,Premier League,Newcastle,Midfielder,21,171,81,Right,High,High,66.3,68.3,80.4,75.6,74.7,72.9,75.0,76.5,82.2,83.1,74.8,67.0,71.6,66.9,58.8,61.9,73.1,69.4,70.5,75.4,1551,19,0.08,0.51,75.4,52.0,11.09,6.97,73.6,Star,1
PLR-3265,Carlos Fernandez #2366,Netherlands,Serie A,Inter Milan,Midfielder,22,182,66,Right,Low,High,64.1,56.0,68.7,53.8,58.0,46.5,71.0,58.8,68.5,65.8,63.8,62.5,57.2,49.0,45.8,55.0,66.7,57.9,52.9,75.0,3006,38,0.05,0.36,75.0,52.0,9.8,4.12,66.6,Developing,0
PLR-3266,Erling Rodri #2367,Belgium,Serie A,Inter Milan,Midfielder,29,183,72,Right,High,High,71.9,71.1,89.3,80.7,75.8,75.1,82.0,85.2,91.4,83.4,74.0,70.9,74.5,71.0,66.0,55.6,79.1,83.8,63.3,78.5,2360,30,0.04,0.72,80.0,55.7,11.75,18.16,85.3,Elite,2
PLR-3267,Ruben Bellingham #2368,France,La Liga,Barcelona,Defender,26,194,81,Right,High,Medium,75.5,79.0,87.6,92.0,73.8,81.2,77.1,69.9,79.7,71.8,66.3,56.9,69.4,92.9,95.0,91.3,74.0,81.1,93.0,56.3,2213,28,0.0,0.12,72.5,84.9,10.2,37.63,91.0,Elite,2
PLR-3268,Declan Musiala #2369,Canada,La Liga,Real Madrid,Forward,21,178,76,Left,High,High,81.2,78.0,64.5,63.4,68.0,63.2,72.5,70.9,62.9,51.4,61.5,77.9,80.3,30.0,37.2,32.4,64.4,68.2,68.6,80.4,2002,25,0.28,0.19,65.0,40.0,8.8,2.5,73.2,Star,1
PLR-3269,Luka Mueller #2370,Netherlands,Serie A,Inter Milan,Midfielder,29,184,70,Left,Low,Low,77.9,88.4,95.6,68.3,87.0,75.3,87.7,87.1,96.1,97.8,88.9,85.0,86.6,72.5,63.7,62.8,92.2,83.2,71.5,68.8,2583,33,0.23,0.85,81.5,56.1,11.78,31.14,89.1,Elite,2
PLR-3270,Eduardo Kroos #2371,Morocco,Premier League,Liverpool,Forward,24,183,74,Right,Medium,High,70.2,74.4,64.0,56.4,67.8,62.2,70.7,71.4,63.3,54.6,58.7,73.1,75.1,32.2,43.2,39.5,59.7,65.4,62.9,74.2,2250,28,0.27,0.07,65.0,40.0,8.8,3.0,69.2,Developing,0
PLR-3271,Erling Musiala #2372,Norway,La Liga,Real Sociedad,Midfielder,27,175,69,Right,Medium,Medium,67.4,63.9,72.7,61.5,65.8,58.4,74.5,69.4,,75.3,76.2,66.8,73.4,51.9,69.9,60.7,80.0,65.4,64.9,77.2,1590,20,0.17,0.62,75.0,63.9,10.15,6.16,72.0,Star,1
PLR-3272,Khvicha Garcia #2373,Belgium,Ligue 1,Paris Saint-Germain,Midfielder,24,183,73,Left,High,High,71.7,68.2,88.2,67.9,85.7,71.2,83.3,80.8,88.9,89.0,81.8,68.8,73.4,69.7,74.9,68.1,84.3,79.1,68.1,72.4,2241,28,0.08,0.8,78.4,65.7,11.58,23.06,84.6,Elite,2
PLR-3273,Erling Tchouameni #2374,Morocco,Serie A,Napoli,Defender,19,189,77,Right,Medium,Medium,72.6,68.3,86.6,87.1,75.0,79.7,70.1,65.8,85.3,71.9,65.6,46.2,63.4,83.0,93.7,93.5,60.6,67.2,87.1,65.8,2143,27,0.03,0.1,72.9,89.0,9.46,25.89,84.9,Elite,2
PLR-3274,Aurélien Santos #2375,Morocco,La Liga,Barcelona,Goalkeeper,27,186,95,Right,Medium,High,47.5,49.7,40.0,84.6,54.4,80.9,46.3,33.9,49.7,56.0,36.3,19.5,62.6,38.8,31.2,22.3,72.0,75.8,54.7,83.3,2180,27,0.0,0.0,48.0,50.0,3.81,9.19,77.0,Star,1
PLR-3275,Alphonso Mbappe #2376,Brazil,La Liga,Villarreal,Midfielder,26,180,77,Right,Medium,High,68.1,71.4,74.1,59.3,65.5,65.9,72.8,67.4,78.3,74.4,62.8,60.3,66.3,47.3,55.2,47.1,65.6,66.3,56.7,65.1,1884,24,0.16,0.34,75.0,52.0,10.43,2.01,70.7,Developing,0
PLR-3276,Carlos Foden #2377,Netherlands,Serie A,AC Milan,Defender,23,185,79,Left,High,Medium,75.2,65.3,71.3,88.7,64.0,81.7,67.5,65.7,66.3,70.8,59.3,49.3,71.9,79.0,93.9,90.9,71.5,76.1,85.1,71.2,2266,29,0.02,0.08,72.0,86.3,8.5,30.34,86.3,Elite,2
PLR-3277,Thibaut Sato #2378,Ghana,Bundesliga,Eintracht Frankfurt,Midfielder,25,184,75,Left,Medium,Medium,72.2,84.2,84.3,71.4,75.7,50.4,81.0,78.4,81.3,85.4,73.4,67.4,78.2,66.1,71.2,69.1,81.0,72.7,62.2,69.3,1763,22,0.06,0.59,75.0,62.0,11.12,9.01,80.5,Star,1
PLR-3278,Declan Modric #2379,Norway,Bundesliga,RB Leipzig,Midfielder,30,179,70,Right,Low,High,70.9,62.5,67.7,55.8,67.2,56.5,68.0,72.0,79.2,70.2,65.0,62.0,68.9,63.2,56.4,56.3,76.2,74.2,71.8,73.7,2587,33,0.03,0.55,75.0,52.0,9.8,5.49,72.3,Star,1
PLR-3279,Rafael Williams #2380,Canada,Serie A,Lazio,Forward,18,186,77,Right,Medium,Medium,65.7,73.3,64.4,64.1,80.1,61.3,69.8,74.1,77.3,54.1,65.2,77.2,76.3,38.3,33.9,24.9,60.5,62.7,58.3,77.0,2410,30,0.41,0.23,65.0,40.0,8.8,5.81,72.6,Star,1
PLR-3280,Rodri Tchouameni #2381,Italy,Serie A,Inter Milan,Forward,32,187,78,Right,High,High,60.0,68.2,64.3,52.6,60.7,58.7,72.0,65.7,50.0,55.4,51.5,63.3,64.9,34.2,26.2,32.3,56.4,68.2,54.3,75.7,1499,19,0.26,0.02,65.0,40.0,8.8,4.45,65.2,Developing,0
PLR-3281,Nicolo Rodriguez #2382,Argentina,Premier League,Newcastle,Midfielder,33,175,80,Right,High,Low,63.3,66.0,79.2,78.0,75.8,65.2,76.6,76.2,86.7,83.6,65.7,72.5,65.6,66.2,71.3,58.7,84.2,68.8,64.0,71.9,2696,34,0.2,0.78,78.7,59.1,10.48,6.78,80.4,Star,1
PLR-3282,Liam Dias #2383,Croatia,Serie A,Lazio,Midfielder,30,177,65,Right,Medium,Medium,74.2,73.8,89.2,68.1,85.1,75.2,82.7,76.4,86.3,86.2,82.3,74.8,85.8,66.7,63.1,63.7,95.8,78.0,83.6,67.1,1496,19,0.21,0.85,80.2,52.0,11.69,10.57,80.9,Star,1
PLR-3283,Kylian Diallo #2384,Uruguay,Ligue 1,Lyon,Forward,28,189,80,Right,High,Medium,62.2,62.0,55.0,55.8,60.0,52.0,60.5,61.7,53.0,46.5,45.3,66.9,59.4,33.0,42.8,28.2,46.3,54.8,58.5,72.4,2142,27,0.27,0.02,65.0,40.0,8.8,0.62,60.3,Developing,0
PLR-3284,Luka Hernandez #2385,Uruguay,La Liga,Atletico Madrid,Forward,26,196,79,Right,Medium,High,80.2,87.3,75.5,71.4,77.2,75.4,79.4,79.4,79.3,69.6,69.1,87.5,83.4,49.3,47.5,26.2,66.8,76.8,70.4,74.8,2195,28,0.51,0.25,67.5,40.0,9.05,11.23,81.7,Star,1
PLR-3285,Osimhen Moreno #2386,Portugal,Ligue 1,Paris Saint-Germain,Forward,26,180,80,Right,High,High,78.2,70.1,65.9,68.7,75.2,69.3,71.2,78.6,63.4,58.2,67.2,80.5,71.1,34.9,37.6,23.4,61.1,68.9,60.7,70.8,2234,28,0.47,0.12,65.0,40.0,8.8,6.9,74.3,Star,1
PLR-3286,Declan Modric #2387,Norway,Ligue 1,Marseille,Goalkeeper,34,188,87,Left,High,Medium,53.5,52.6,50.4,95.0,75.1,85.3,49.9,38.2,63.2,60.7,27.7,22.4,70.2,38.1,37.8,31.0,81.4,86.6,94.6,64.5,1404,18,0.0,0.01,50.0,50.0,,21.37,89.7,Elite,2
PLR-3287,Antony Bellingham #2388,Japan,Ligue 1,Rennes,Midfielder,27,179,74,Right,Medium,High,78.5,69.1,75.4,71.2,65.1,55.4,76.3,73.4,81.4,89.8,68.1,66.8,66.5,63.3,59.4,44.7,81.6,68.3,60.0,79.0,1793,22,0.09,0.62,75.0,58.3,9.91,7.41,76.7,Star,1
PLR-3288,Lucas Donnarumma #2389,England,Premier League,Liverpool,Midfielder,27,176,80,Right,Low,Medium,65.2,65.8,79.9,70.3,65.4,67.6,78.3,72.7,87.3,85.4,74.9,61.4,77.0,58.6,60.8,59.3,81.1,68.7,67.6,82.6,2122,27,0.07,0.65,79.0,58.0,10.68,5.93,77.5,Star,1
PLR-3289,Antony Diallo #2390,Brazil,Premier League,Tottenham,Forward,23,183,72,Right,High,Medium,97.4,99.0,86.8,82.5,90.3,84.0,88.6,95.2,80.5,75.0,83.9,94.6,93.0,44.1,41.6,32.8,79.4,83.3,80.2,67.2,1363,17,0.58,0.43,66.7,40.0,9.84,63.12,92.5,Elite,2
PLR-3290,Erling Davies #2391,Senegal,Premier League,Liverpool,Midfielder,26,176,75,Left,Medium,High,63.9,68.6,78.1,61.1,68.7,57.2,81.8,65.8,80.1,71.2,70.0,65.9,63.2,60.2,57.4,55.1,76.5,67.9,58.5,72.3,2288,29,0.12,0.56,75.0,52.0,10.41,7.63,74.4,Star,1
PLR-3291,Darwin Donnarumma #2392,Morocco,La Liga,Athletic Club,Midfielder,25,179,74,Right,High,High,58.2,59.0,66.3,58.5,69.6,54.9,62.0,64.7,74.7,68.3,53.7,61.8,61.1,47.8,43.1,38.3,67.5,52.2,59.0,69.3,2364,30,0.07,0.34,75.0,52.0,9.8,2.0,62.6,Developing,0
PLR-3292,Dominik Haaland #2393,Italy,Premier League,Aston Villa,Forward,21,176,74,Left,Low,Medium,60.0,62.5,56.2,55.8,60.0,61.1,62.4,69.6,60.1,54.6,55.8,71.5,65.4,36.7,29.4,22.0,52.5,59.3,57.5,76.2,1709,21,0.27,0.14,65.0,40.0,8.8,3.12,63.8,Developing,0
PLR-3293,Julian Saliba #2394,Ghana,Bundesliga,RB Leipzig,Midfielder,23,178,71,Left,Medium,High,59.8,58.1,72.8,53.1,59.0,61.8,73.3,71.1,67.8,67.7,60.6,51.4,62.5,45.0,53.6,49.0,63.8,51.4,55.3,77.1,2591,33,0.02,0.23,75.0,52.0,9.8,0.5,66.8,Developing,0
PLR-3294,Antony Donnarumma #2395,Uruguay,Ligue 1,Lyon,Forward,21,181,76,Right,Medium,Medium,87.3,94.0,79.1,83.4,93.2,77.6,91.6,95.6,83.0,68.7,69.5,99.0,88.0,46.3,45.6,31.8,71.5,81.8,94.4,70.1,2107,27,0.68,0.39,67.4,40.0,9.25,40.72,88.9,Elite,2
PLR-3295,Erling Tchouameni #2396,South Korea,Ligue 1,Paris Saint-Germain,Forward,27,181,68,Left,Medium,High,80.9,85.4,79.0,63.9,83.6,70.5,73.2,90.5,69.4,57.5,74.0,85.3,90.1,43.0,40.6,41.3,70.8,72.6,72.3,76.3,1714,21,0.7,0.26,65.0,40.0,8.83,13.49,81.0,Star,1
PLR-3296,Bukayo Kroos #2397,Morocco,Bundesliga,Bayern Munich,Forward,34,182,73,Left,High,High,79.2,74.6,69.4,78.8,75.7,70.2,76.7,80.5,78.5,69.4,71.4,91.0,89.0,37.2,41.8,32.3,72.9,85.7,67.2,69.5,1878,24,0.58,0.35,68.5,40.0,8.85,10.47,80.7,Star,1
PLR-3297,Achraf Smith #2398,Belgium,Premier League,Chelsea,Forward,26,190,76,Right,Medium,Medium,71.8,66.4,62.8,65.6,72.9,56.7,67.3,70.4,56.9,53.3,54.8,65.2,67.3,39.1,29.6,39.9,54.4,58.6,48.5,70.1,1374,17,0.19,0.02,65.0,40.0,8.8,1.72,67.3,Developing,0
PLR-3298,Jamal Foden #2399,England,Serie A,Lazio,Forward,30,174,73,Right,Medium,Medium,83.7,88.6,81.3,72.9,87.6,91.2,84.3,96.5,74.3,61.2,80.1,89.9,84.4,49.0,40.1,37.3,83.1,83.1,75.1,83.0,2056,26,0.56,0.39,65.0,40.0,9.62,16.43,86.9,Elite,2
PLR-3299,Noah Fernandez #2400,Brazil,Serie A,Lazio,Midfielder,26,184,74,Right,Medium,Medium,56.5,56.0,65.6,52.7,58.0,49.7,62.0,59.0,67.8,60.0,52.0,48.0,60.9,46.2,45.1,46.6,60.0,53.2,42.9,87.7,1731,22,0.02,0.19,75.0,52.0,9.8,1.01,60.2,Developing,0
PLR-3300,Rafael Kim #2401,Spain,Ligue 1,Marseille,Defender,26,187,72,Right,Medium,Medium,71.7,63.9,65.6,78.9,61.2,67.9,64.3,48.5,67.0,58.7,58.2,44.2,60.9,78.7,80.1,80.8,64.2,67.6,66.0,75.5,1832,23,0.02,0.03,72.0,75.5,8.63,10.3,77.7,Star,1
PLR-3301,Noah Sato #2402,England,Serie A,Lazio,Midfielder,25,183,77,Right,Low,Medium,82.4,85.7,98.1,87.5,88.6,76.5,92.4,84.4,97.8,97.4,86.0,80.1,79.5,71.6,71.4,67.6,91.7,76.0,73.4,68.0,1326,17,0.27,0.85,86.5,59.4,12.4,41.99,91.3,Elite,2
PLR-3302,Jan Wirtz #2403,Portugal,Premier League,Manchester City,Midfielder,31,169,73,Right,High,Low,55.5,56.0,66.3,48.5,61.7,52.0,64.3,58.4,65.0,60.2,61.6,48.0,52.6,54.5,43.4,42.2,60.6,55.6,56.7,77.4,2107,27,0.02,0.33,75.0,52.0,9.8,2.65,61.8,Developing,0
PLR-3303,Victor Diallo #2404,Norway,La Liga,Atletico Madrid,Midfielder,30,175,84,Right,Low,Low,59.3,62.3,71.7,60.1,63.3,55.4,65.0,65.7,70.0,64.5,63.8,55.1,64.6,55.4,52.0,38.9,67.0,63.6,60.4,76.0,1856,23,0.06,0.52,75.0,52.0,9.89,0.5,66.8,Developing,0
PLR-3304,Gabriel Hernandez #2405,Germany,Bundesliga,Eintracht Frankfurt,Goalkeeper,22,192,91,Right,High,Medium,44.1,47.5,41.1,87.9,63.6,81.2,47.5,41.2,50.6,65.1,20.0,19.4,77.6,40.8,29.0,28.0,71.9,70.4,79.2,76.7,1047,13,0.0,0.01,48.0,50.0,3.82,24.65,84.9,Elite,2
PLR-3305,Gavi Smith #2406,South Korea,Serie A,AC Milan,Midfielder,23,186,83,Right,Low,High,87.1,88.8,99.0,83.9,95.0,76.6,92.1,90.5,89.2,90.2,89.3,84.0,86.3,82.8,74.3,64.8,90.6,77.8,73.4,63.9,3078,38,0.18,0.78,79.8,61.9,12.66,53.3,91.1,Elite,2
PLR-3306,Alexis Traore #2407,Ghana,Ligue 1,Nice,Forward,27,187,72,Right,High,Medium,65.6,72.3,58.0,63.5,62.2,54.8,61.3,70.4,57.4,44.2,51.6,73.2,67.1,40.3,30.7,28.0,52.8,60.2,56.7,83.3,1818,23,0.4,0.09,65.0,40.0,8.8,5.03,67.8,Developing,0
PLR-3307,Kaoru Davies #2408,Portugal,Bundesliga,Bayern Munich,Midfielder,22,178,72,Right,High,High,66.6,78.3,86.7,76.1,84.7,75.5,86.1,77.2,92.3,86.4,73.6,70.7,80.4,77.0,65.5,64.6,84.0,72.3,74.3,71.9,1966,25,0.09,0.79,84.6,57.0,11.56,14.39,81.3,Star,1
PLR-3308,Moises Hernandez #2409,South Korea,Bundesliga,Bayern Munich,Forward,28,174,73,Left,Low,High,81.4,81.1,68.3,66.6,77.6,85.0,72.1,77.1,74.3,48.3,66.9,78.2,80.4,41.9,38.6,47.6,62.8,67.9,60.0,77.5,1522,19,0.48,0.25,66.3,40.0,8.8,6.74,76.3,Star,1
PLR-3309,Moises Courtois #2410,Brazil,Bundesliga,Bayern Munich,Midfielder,27,166,66,Left,Medium,Medium,56.2,67.4,69.0,53.0,65.8,61.2,72.5,59.1,70.5,74.8,60.0,54.3,59.6,59.4,56.9,49.4,68.7,56.8,66.3,70.2,1908,24,0.02,0.34,75.0,52.6,9.8,0.5,65.9,Developing,0
PLR-3310,Takefusa Maignan #2411,Norway,La Liga,Villarreal,Midfielder,24,186,70,Right,Medium,Low,55.0,56.0,65.0,48.0,58.0,47.7,65.2,63.8,65.0,65.5,55.2,60.3,56.6,54.7,49.8,50.7,61.9,56.1,54.6,73.6,1300,16,0.07,0.24,75.0,52.0,9.8,1.39,62.8,Developing,0
PLR-3311,Luka Traore #2412,South Korea,Ligue 1,Rennes,Defender,22,185,74,Right,High,Medium,79.6,66.6,74.9,80.9,63.5,72.2,71.3,70.0,71.8,67.6,67.9,33.2,74.9,90.5,88.5,82.8,63.9,78.1,79.3,76.7,2613,33,0.1,0.07,72.0,79.9,8.51,19.39,82.8,Elite,2
PLR-3312,Virgil Kim #2413,Uruguay,Bundesliga,Bayern Munich,Midfielder,22,181,62,Right,Medium,High,72.4,73.3,86.0,71.3,68.6,71.5,80.2,73.6,83.2,82.8,72.2,72.3,78.1,67.6,62.7,65.0,78.7,71.6,82.1,62.3,2032,26,0.14,0.6,75.0,52.0,11.27,10.03,78.4,Star,1
PLR-3313,Ruben Van Dijk #2414,Germany,La Liga,Athletic Club,Defender,27,178,88,Right,Medium,Low,65.3,60.3,65.0,75.2,64.8,71.1,50.0,68.1,68.3,56.7,45.9,32.1,52.0,79.7,72.5,83.8,66.5,64.1,73.2,75.4,1931,24,0.03,0.04,72.0,67.8,8.5,2.79,74.3,Star,1
PLR-3314,Achraf Diallo #2415,Senegal,Bundesliga,Bayern Munich,Goalkeeper,24,189,85,Right,Medium,Medium,58.0,52.7,54.7,83.4,74.7,81.0,49.3,41.1,52.4,70.2,37.3,26.8,54.3,34.7,20.2,23.1,66.1,85.1,81.9,78.8,1775,22,0.0,0.0,51.0,50.0,4.0,32.17,87.4,Elite,2
PLR-3315,Declan Rodri #2416,Argentina,Premier League,Aston Villa,Forward,23,180,90,Right,Medium,Low,90.2,83.9,75.6,74.9,88.5,77.2,82.7,77.4,69.7,68.8,71.8,92.9,87.5,51.6,33.1,45.8,73.7,69.2,73.3,75.0,2387,30,0.66,0.2,65.0,40.0,8.87,21.89,83.6,Elite,2
PLR-3316,Declan Foden #2417,Japan,La Liga,Barcelona,Forward,29,179,77,Right,High,Medium,95.0,98.2,85.5,80.1,91.1,94.3,86.0,87.3,86.3,68.0,89.3,99.0,94.2,44.9,41.6,34.0,82.9,88.6,75.2,65.3,941,12,0.85,0.45,72.7,40.0,10.17,48.29,92.3,Elite,2
PLR-3317,Julian Bellingham #2418,Colombia,Ligue 1,Paris Saint-Germain,Midfielder,25,184,76,Right,Medium,High,72.2,79.8,,75.8,77.4,66.6,82.1,83.5,82.8,89.7,81.5,67.5,71.8,62.1,68.9,63.7,84.4,75.2,70.8,75.3,3420,38,0.02,0.66,75.0,52.0,11.27,11.63,80.5,Star,1
PLR-3318,Gabriel Kim #2419,Ghana,Premier League,Liverpool,Midfielder,22,174,74,Right,High,Low,75.7,76.9,87.7,79.7,80.3,66.4,83.6,79.5,85.8,80.6,72.7,68.6,75.3,72.9,73.1,64.4,82.9,73.1,73.4,70.2,2586,33,0.25,0.62,76.3,60.9,12.01,14.6,80.3,Star,1
PLR-3319,Julian Moreno #2420,Uruguay,Ligue 1,Marseille,Midfielder,28,185,76,Right,High,High,61.1,71.8,,48.7,67.8,55.5,66.4,62.6,77.4,75.6,65.1,70.9,60.3,53.8,49.0,54.4,75.4,64.3,61.3,84.5,3049,38,0.19,0.55,75.2,52.0,9.8,4.11,69.4,Developing,0
PLR-3320,Ederson Hakimi #2421,England,Bundesliga,Bayern Munich,Goalkeeper,37,193,78,Right,Medium,High,39.3,51.0,44.9,85.0,67.7,75.3,44.4,45.0,50.6,51.9,26.7,22.4,63.0,41.9,30.2,23.8,73.4,85.3,67.3,66.4,2356,30,0.0,0.01,48.0,50.0,3.8,27.3,91.4,Elite,2
PLR-3321,Noah Traore #2422,Spain,Premier League,Manchester United,Defender,31,187,83,Right,High,Medium,75.3,82.8,86.7,83.0,71.6,74.8,76.6,69.6,70.8,70.8,66.0,44.0,66.3,90.6,95.1,81.1,69.4,87.2,82.6,69.0,1739,22,0.0,0.14,72.0,87.6,10.5,11.46,86.0,Elite,2
PLR-3322,Kevin Saliba #2423,England,Bundesliga,Borussia Dortmund,Midfielder,26,173,74,Left,High,Medium,86.2,85.1,99.0,82.9,95.0,79.1,89.4,86.6,86.1,98.0,92.8,77.1,82.3,81.1,81.5,72.6,93.5,83.9,74.5,72.9,3420,38,0.16,0.81,78.5,78.7,12.95,28.12,87.4,Elite,2
PLR-3323,Moises Oblak #2424,Senegal,La Liga,Girona,Midfielder,26,183,77,Left,Medium,High,67.8,73.6,79.7,60.7,75.4,59.7,75.4,71.9,82.3,78.5,73.4,64.0,74.8,65.7,62.3,55.8,73.8,63.3,67.1,68.9,2157,27,0.13,0.62,75.0,58.8,10.35,9.29,76.1,Star,1
PLR-3324,Bruno Tanaka #2425,Nigeria,La Liga,Girona,Defender,22,182,76,Right,High,High,80.1,77.1,78.6,92.3,78.6,85.4,78.2,59.0,79.8,79.2,66.8,62.9,72.3,89.6,99.0,93.4,75.7,84.2,91.8,61.3,2873,36,0.08,0.17,72.0,89.6,8.5,54.83,91.4,Elite,2
PLR-3325,Theo Hakimi #2426,France,La Liga,Real Sociedad,Goalkeeper,29,185,81,Right,Medium,Medium,45.0,51.4,44.2,75.9,62.0,72.9,37.6,30.3,53.6,50.8,20.0,21.1,61.3,32.1,37.7,25.6,64.4,73.0,74.1,66.1,2284,29,0.0,0.0,48.0,50.0,3.93,9.82,77.4,Star,1
PLR-3326,Eduardo Tchouameni #2427,Nigeria,Ligue 1,Marseille,Defender,23,185,86,Right,High,High,71.9,61.1,,83.3,62.9,71.1,73.3,59.6,62.7,62.4,53.2,31.9,62.5,77.9,83.0,83.4,60.0,74.2,82.1,62.1,1525,19,0.01,0.08,72.0,77.9,8.5,12.99,79.3,Star,1
PLR-3327,Federico Williams #2428,Argentina,La Liga,Real Sociedad,Forward,18,179,70,Left,High,Medium,66.2,66.4,60.7,63.7,63.7,60.7,62.6,67.0,58.0,52.7,55.6,71.1,64.6,30.0,28.3,23.2,51.6,60.9,51.9,70.3,1839,23,0.42,0.12,65.0,40.0,8.8,3.88,65.1,Developing,0
PLR-3328,Liam Hernandez #2429,Canada,La Liga,Barcelona,Midfielder,20,175,76,Right,Medium,High,56.6,59.8,76.4,58.4,64.4,63.3,70.0,65.3,76.1,72.3,66.0,61.5,62.0,59.2,58.5,51.7,63.5,55.1,58.6,76.2,1263,16,0.05,0.45,75.0,52.0,10.79,3.83,68.3,Developing,0
PLR-3329,Mike Schmidt #2430,Italy,Ligue 1,Marseille,Forward,24,167,76,Right,High,Medium,86.3,97.5,71.4,70.8,75.5,80.8,81.5,90.1,76.8,57.0,68.3,82.7,79.3,30.0,39.0,37.1,70.3,79.4,72.0,,2173,27,0.43,0.3,65.0,40.0,8.8,23.36,83.7,Elite,2
PLR-3330,Alexis Santos #2431,Argentina,Bundesliga,RB Leipzig,Forward,28,195,65,Right,Medium,Medium,79.8,86.3,64.6,63.5,74.4,66.8,68.3,72.9,59.8,54.3,64.8,79.5,74.7,48.2,26.6,26.6,63.5,65.6,64.1,75.1,1375,17,0.34,0.15,65.0,40.0,8.8,8.21,72.5,Star,1
PLR-3331,Enzo Fernandez #2432,Belgium,Ligue 1,Lyon,Forward,28,184,64,Right,Low,High,88.8,85.9,71.2,66.6,80.3,76.0,80.0,74.9,74.2,65.6,68.0,82.5,84.2,41.6,33.9,35.0,75.1,82.1,68.0,87.5,1193,15,0.41,0.25,65.0,40.0,9.27,15.18,82.3,Elite,2
PLR-3332,Rafael Williams #2433,Argentina,Bundesliga,Eintracht Frankfurt,Midfielder,25,173,74,Right,Medium,Low,76.8,77.8,78.8,69.2,70.2,64.4,76.6,72.9,80.8,80.1,73.2,62.0,71.3,60.7,61.1,53.6,76.9,65.3,68.8,68.2,703,9,0.1,0.44,75.8,55.2,10.64,6.48,74.7,Star,1
PLR-3333,Gavi Bastoni #2434,Morocco,La Liga,Girona,Defender,32,187,83,Right,Low,Medium,65.7,67.1,70.1,73.2,57.7,73.1,57.2,62.1,61.4,55.5,58.9,43.6,50.7,80.6,81.3,77.2,62.9,67.7,72.3,80.4,2149,27,0.03,0.01,72.0,77.6,8.5,6.47,74.6,Star,1
PLR-3334,Gavi Courtois #2435,Nigeria,La Liga,Villarreal,Forward,24,174,75,Left,Medium,Low,76.0,72.2,62.4,66.2,72.6,66.4,72.2,79.4,63.5,55.3,68.7,72.6,69.7,41.8,30.1,30.2,57.1,75.6,70.1,71.5,1268,16,0.35,0.17,65.0,40.0,8.8,4.99,72.1,Star,1
PLR-3335,Virgil Bastoni #2436,Argentina,Serie A,Inter Milan,Midfielder,30,184,74,Right,Low,Medium,58.0,56.0,65.0,58.7,62.6,52.3,62.0,58.0,65.8,60.0,58.8,55.3,54.7,50.1,54.5,43.5,63.3,53.6,50.6,81.8,1501,19,0.07,0.31,75.0,54.1,9.8,1.52,62.7,Developing,0
PLR-3336,Nicolo Bellingham #2437,Japan,Bundesliga,Bayer Leverkusen,Midfielder,33,188,64,Right,High,Medium,70.6,67.6,80.1,64.0,79.4,62.8,84.8,81.2,84.2,79.1,75.7,69.6,82.8,64.2,68.6,61.4,86.9,70.0,63.0,76.3,3210,38,0.16,0.7,78.4,53.2,10.49,7.75,81.1,Star,1
PLR-3337,Theo Jones #2438,Canada,Serie A,Lazio,Midfielder,30,174,68,Right,Medium,High,77.6,74.3,82.4,62.9,84.7,66.5,80.6,79.0,86.8,77.3,73.2,63.0,71.9,71.8,69.7,62.5,78.4,72.7,74.0,73.2,3091,38,0.13,0.72,79.2,56.1,10.91,10.5,81.7,Star,1
PLR-3338,Eduardo Martinez #2439,England,Bundesliga,RB Leipzig,Forward,24,187,81,Left,Low,Low,79.6,82.8,75.3,70.2,75.0,80.4,82.7,71.3,71.3,58.3,64.0,78.3,82.3,42.6,25.0,39.5,65.7,63.7,69.0,68.7,1768,22,0.5,0.16,65.0,40.0,8.8,8.45,76.5,Star,1
PLR-3339,Ruben Barella #2440,USA,Serie A,Inter Milan,Midfielder,25,169,72,Left,Medium,Medium,74.0,68.8,81.0,58.7,83.9,64.9,84.7,75.7,86.2,82.4,77.4,73.2,66.7,61.3,65.2,65.7,86.1,74.3,81.1,71.4,2371,30,0.14,0.71,78.9,52.8,10.4,11.33,81.0,Star,1
PLR-3340,David Sato #2441,Italy,La Liga,Real Madrid,Defender,22,180,94,Right,Medium,Medium,80.3,74.4,83.8,99.0,65.8,94.2,73.3,67.8,78.3,81.9,68.0,54.7,66.8,82.8,93.1,88.2,74.1,79.6,90.7,64.6,3122,38,0.1,0.1,72.0,87.5,8.77,28.68,86.9,Elite,2
PLR-3341,Alejandro Tchouameni #2442,Colombia,Serie A,AC Milan,Forward,26,178,82,Right,High,Medium,75.2,83.8,71.6,71.9,78.5,67.1,82.7,87.5,69.6,64.7,65.8,92.5,78.2,44.7,37.2,22.0,61.7,65.6,69.8,67.7,1549,19,0.8,0.19,65.0,40.0,8.8,21.26,85.0,Elite,2
PLR-3342,Jan Moreno #2443,France,Premier League,Manchester United,Forward,30,183,68,Right,Medium,Medium,74.0,77.6,66.7,67.9,81.6,75.7,73.1,70.0,61.4,59.8,59.8,81.0,70.9,47.7,26.6,27.9,71.6,65.7,55.0,73.3,2707,34,0.32,0.21,65.0,40.0,8.8,0.73,73.9,Star,1
PLR-3343,Alphonso De Bruyne #2444,England,Bundesliga,VfB Stuttgart,Midfielder,33,172,74,Right,Medium,High,86.0,79.8,99.0,78.7,95.0,66.8,94.8,95.2,97.0,98.0,85.7,90.0,94.0,81.9,80.6,77.2,98.0,90.2,76.2,61.5,1782,22,0.33,0.85,81.9,67.8,12.28,40.07,94.5,Elite,2
PLR-3344,Khvicha Diallo #2445,Brazil,Ligue 1,Lyon,Goalkeeper,26,192,80,Right,High,Low,42.6,60.8,40.8,82.5,65.3,89.0,48.4,36.3,64.2,64.3,24.8,21.5,66.5,49.1,35.5,23.7,76.9,79.9,68.7,74.1,2122,27,0.0,0.0,54.2,50.0,3.8,32.86,89.8,Elite,2
PLR-3345,Liam Sato #2446,Senegal,Ligue 1,Paris Saint-Germain,Defender,21,181,80,Right,Medium,Medium,70.6,66.8,81.8,85.6,61.3,76.1,64.8,52.9,75.5,70.2,61.8,39.1,70.1,84.4,87.6,86.7,71.9,67.6,68.2,69.4,1928,24,0.0,0.1,72.0,79.5,9.29,21.82,83.0,Elite,2
PLR-3346,Bruno Sato #2447,Brazil,Serie A,Roma,Defender,26,177,72,Right,High,Medium,77.7,71.8,86.1,86.8,74.3,98.0,67.9,56.6,70.4,71.5,63.5,46.1,66.8,89.9,94.0,84.0,78.6,73.9,79.2,69.2,2393,30,0.02,0.11,72.0,87.7,9.14,24.01,86.3,Elite,2
PLR-3347,Bruno Camavinga #2448,Morocco,Premier League,Tottenham,Midfielder,23,166,72,Right,High,High,73.8,73.9,78.8,65.4,68.1,67.6,86.1,74.9,85.7,82.7,68.3,61.0,66.5,63.3,64.1,60.1,81.6,64.2,63.0,76.7,3096,38,0.08,0.74,76.3,54.9,10.57,16.78,79.9,Star,1
PLR-3348,Gianluigi Maignan #2449,Belgium,Bundesliga,RB Leipzig,Midfielder,36,185,71,Left,Medium,Medium,63.2,56.4,76.5,58.7,76.0,60.6,68.7,69.7,79.4,75.1,70.2,63.7,65.3,66.0,49.5,47.1,70.9,67.0,59.0,71.2,1794,23,0.09,0.54,75.0,52.0,10.07,3.25,70.8,Developing,0
PLR-3349,Enzo Hernandez #2450,Canada,Bundesliga,Borussia Dortmund,Forward,25,167,73,Left,High,Medium,85.3,90.6,73.7,72.8,80.9,77.6,89.0,93.9,74.7,70.5,82.4,88.2,79.7,37.4,40.7,23.2,81.0,80.0,78.7,58.9,2562,32,0.68,0.34,65.0,40.0,8.8,20.58,85.8,Elite,2
PLR-3350,Ruben Kroos #2451,Uruguay,Ligue 1,Marseille,Midfielder,20,176,70,Right,Low,Low,55.0,56.0,74.4,52.4,60.4,56.1,62.0,72.6,69.8,66.4,62.0,59.7,60.7,55.5,49.6,46.3,60.6,56.7,52.9,80.0,1872,24,0.04,0.41,75.0,52.0,9.8,2.34,64.1,Developing,0
PLR-3351,Bruno Hernandez #2452,France,Bundesliga,Eintracht Frankfurt,Goalkeeper,25,191,78,Right,High,High,46.2,49.7,42.1,75.5,58.9,69.2,36.7,33.6,55.0,52.8,22.7,24.5,59.6,34.1,21.3,24.4,63.4,71.4,66.9,69.5,2094,26,0.0,0.0,48.0,50.0,3.8,3.91,72.9,Star,1
PLR-3352,Osimhen Mbappe #2453,Japan,Bundesliga,RB Leipzig,Midfielder,28,182,80,Left,High,Medium,71.4,65.6,85.0,67.7,74.7,56.8,78.9,78.3,83.7,79.5,69.9,66.0,74.1,65.8,65.5,62.5,80.2,69.0,74.6,77.2,450,8,0.11,0.72,75.0,53.2,10.8,14.79,81.2,Star,1
PLR-3353,Alejandro Valverde #2454,Canada,Serie A,Atalanta,Defender,27,186,84,Right,Low,Low,86.9,88.7,79.2,90.8,65.9,93.4,77.1,64.8,77.4,71.6,63.0,39.4,69.2,85.1,91.1,98.0,74.9,77.4,96.0,66.4,1746,22,0.05,0.05,72.0,83.0,9.29,28.02,88.0,Elite,2
PLR-3354,Rodri Hernandez #2455,Norway,Premier League,Manchester City,Defender,22,188,82,Right,High,High,59.1,60.9,58.0,70.0,48.0,61.8,57.8,52.6,60.9,51.7,47.3,35.0,48.0,65.0,68.2,70.0,54.1,56.1,68.5,70.3,1921,24,0.01,0.05,72.0,63.1,8.5,5.45,67.6,Developing,0
PLR-3355,David Bellingham #2456,Argentina,Premier League,Liverpool,Forward,27,177,80,Right,Medium,Medium,80.7,90.1,75.3,81.5,81.3,68.0,79.9,79.1,66.9,56.0,73.2,87.5,73.3,39.0,46.6,35.8,70.1,75.8,56.4,78.7,2516,32,0.73,0.18,65.0,40.0,8.8,13.6,81.8,Star,1
PLR-3356,Lucas Williams #2457,Croatia,La Liga,Real Sociedad,Goalkeeper,33,188,83,Left,Medium,Medium,35.0,41.3,40.0,70.8,63.5,63.2,34.9,26.1,40.0,53.8,22.2,29.8,51.7,25.0,23.3,15.0,60.4,65.9,58.8,77.8,1518,19,0.0,0.01,48.0,50.0,3.8,0.5,69.5,Developing,0
PLR-3357,Son Hernandez #2458,South Korea,Premier League,Tottenham,Forward,26,188,73,Right,High,Low,78.2,75.2,67.5,63.8,71.5,73.4,75.7,70.3,60.5,54.2,58.6,77.1,73.6,37.7,35.8,28.8,63.3,69.2,57.2,82.6,1691,21,0.36,0.13,65.0,40.0,8.8,6.62,74.9,Star,1
PLR-3358,Alexis Mbappe #2459,USA,Serie A,Inter Milan,Midfielder,23,188,70,Right,High,Medium,74.1,78.2,89.6,70.4,81.3,71.9,86.7,79.1,89.7,90.2,80.7,67.6,83.3,74.9,60.8,68.5,88.5,81.6,73.0,77.9,1556,19,0.11,0.85,81.4,54.1,11.63,32.73,86.6,Elite,2
PLR-3359,Gavi Moreno #2460,Canada,Serie A,Fiorentina,Forward,29,180,79,Right,High,Medium,84.3,85.0,77.6,72.7,75.6,78.0,77.1,94.1,70.3,55.6,63.4,94.2,78.2,47.2,45.0,37.9,63.7,78.8,83.2,68.6,2236,28,0.71,0.1,65.0,40.0,8.8,22.2,85.7,Elite,2
PLR-3360,Takefusa Davies #2461,Norway,Ligue 1,Lille,Forward,24,179,77,Left,High,Medium,98.3,97.7,87.9,74.2,89.1,71.3,89.1,92.3,76.5,67.3,82.7,93.1,91.3,32.5,37.6,44.7,78.7,83.6,66.5,71.2,2470,31,0.6,0.38,65.0,40.0,9.96,59.43,91.8,Elite,2
PLR-3361,Jude Donnarumma #2462,USA,Serie A,Juventus,Midfielder,28,182,73,Right,Medium,Medium,71.9,64.7,80.8,62.5,77.6,73.9,75.8,75.1,87.1,85.2,79.1,70.3,82.0,64.8,68.0,55.8,78.4,79.2,72.3,60.8,1547,19,0.19,0.53,79.4,60.8,10.9,11.66,80.3,Star,1
PLR-3362,Kaoru Tanaka #2463,Netherlands,Ligue 1,Marseille,Midfielder,27,178,79,Right,Low,Low,67.4,66.8,88.9,68.2,79.1,72.0,74.9,77.8,76.2,88.9,74.7,71.3,73.6,63.8,60.5,62.3,87.1,77.9,70.2,74.4,2646,33,0.21,0.64,75.0,52.0,10.93,11.46,77.9,Star,1
PLR-3363,Thibaut Wirtz #2464,Italy,Ligue 1,Lyon,Midfielder,26,177,67,Right,Medium,High,80.1,60.0,83.8,70.4,77.1,65.9,80.3,74.9,83.2,79.6,73.2,64.5,78.9,61.5,72.2,64.7,78.5,73.7,69.5,80.8,2777,35,0.12,0.61,75.0,60.0,11.15,8.12,79.9,Star,1
PLR-3364,Aurélien Bellingham #2465,South Korea,Premier League,Aston Villa,Midfielder,23,171,62,Left,Low,Medium,67.5,57.4,80.0,48.0,70.0,57.1,68.4,64.9,74.6,83.4,65.6,61.7,62.7,51.3,54.8,61.0,66.7,66.8,63.1,79.8,2375,30,0.02,0.4,75.0,52.0,10.75,0.5,69.2,Developing,0
PLR-3365,Thibaut De Bruyne #2466,Germany,Serie A,Juventus,Forward,29,183,82,Right,High,Medium,71.8,79.6,62.5,61.7,72.8,71.3,66.6,75.9,61.7,69.3,58.2,81.0,70.9,42.2,25.0,40.2,59.9,74.2,72.5,74.4,1785,22,0.38,0.16,65.0,40.0,8.8,9.81,74.9,Star,1
PLR-3366,Declan Bastoni #2467,South Korea,Premier League,Tottenham,Forward,24,187,74,Right,High,High,60.0,62.4,57.7,50.0,60.0,54.0,58.0,63.3,50.2,48.2,51.6,62.0,61.0,30.0,28.4,22.3,54.5,60.7,49.8,80.8,1930,24,0.2,0.02,65.0,40.0,8.8,1.05,60.0,Developing,0
PLR-3367,Mateo Davies #2468,Nigeria,Ligue 1,Lyon,Midfielder,20,175,76,Right,Medium,High,55.5,62.8,70.9,63.6,63.4,45.0,73.8,64.8,70.4,69.1,54.7,64.1,62.0,57.3,53.9,46.8,58.0,57.4,48.8,81.4,2892,37,0.17,0.26,75.0,52.0,9.8,3.54,68.0,Developing,0
PLR-3368,Nicolo Fernandez #2469,Norway,La Liga,Barcelona,Midfielder,35,178,74,Right,Medium,Medium,68.6,59.0,65.0,53.0,71.6,48.9,71.7,65.5,67.5,78.6,60.4,69.8,64.2,54.9,58.3,39.6,74.2,66.8,57.0,81.9,1844,23,0.16,0.39,75.0,52.0,9.8,0.5,68.1,Developing,0
PLR-3369,Alphonso Jones #2470,South Korea,Bundesliga,Bayern Munich,Defender,28,189,78,Right,High,Medium,71.4,61.5,71.0,76.6,63.3,68.6,63.7,58.7,65.9,66.0,53.3,35.8,62.1,72.7,76.9,84.0,58.5,63.3,79.5,71.9,1419,18,0.06,0.09,72.0,67.3,8.5,5.13,75.2,Star,1
PLR-3370,Florian Sato #2471,Ghana,Ligue 1,Lyon,Defender,25,175,82,Right,High,Medium,73.8,68.2,70.6,80.1,70.0,81.4,54.7,70.0,68.3,67.1,54.3,52.3,58.1,73.0,82.9,72.0,62.2,74.4,75.7,75.9,1021,13,0.03,0.05,72.0,77.5,8.5,8.52,77.2,Star,1
PLR-3371,Achraf Courtois #2472,Canada,La Liga,Athletic Club,Defender,29,188,74,Left,Medium,Low,74.2,82.1,74.7,84.8,63.8,82.0,67.6,72.3,74.0,79.5,61.1,49.8,61.0,89.4,84.6,83.6,74.5,78.0,73.2,66.1,2058,26,0.02,0.1,72.0,81.5,8.5,15.14,81.4,Star,1
PLR-3372,Kylian Haaland #2473,South Korea,Serie A,Fiorentina,Defender,26,184,81,Right,Medium,High,77.9,75.5,83.7,88.7,76.0,72.8,65.0,69.0,66.3,75.6,67.4,43.0,71.7,88.9,91.6,81.2,68.6,76.3,78.0,70.6,2521,32,0.02,0.06,72.0,87.1,9.1,29.85,87.9,Elite,2
PLR-3373,Kaoru Valverde #2474,South Korea,Serie A,Lazio,Midfielder,32,170,71,Right,High,Low,88.6,81.9,97.5,76.3,91.6,73.7,89.7,88.8,93.3,98.0,79.9,78.5,85.8,80.3,82.1,82.2,98.0,86.9,82.0,79.6,2047,26,0.15,0.85,87.3,71.4,12.43,32.17,92.5,Elite,2
PLR-3374,Antony Williams #2475,USA,La Liga,Athletic Club,Defender,29,174,94,Right,High,Medium,76.8,75.7,76.6,99.0,72.3,87.2,62.8,69.5,76.7,76.0,59.7,53.4,73.8,93.7,97.7,86.4,82.2,91.9,79.6,62.2,1645,21,0.05,0.09,72.0,90.5,9.26,40.12,91.1,Elite,2
PLR-3375,Leo Martinez #2476,South Korea,Ligue 1,Lille,Forward,24,174,81,Right,Medium,High,66.6,70.3,55.9,57.9,60.0,61.4,68.2,61.6,55.6,60.5,57.3,79.7,70.5,30.0,25.4,24.6,47.8,58.0,58.5,,1915,24,0.55,0.11,65.0,40.0,8.8,1.76,65.6,Developing,0
PLR-3376,Cole Oblak #2477,USA,Bundesliga,Borussia Dortmund,Midfielder,26,176,78,Left,High,Medium,68.9,80.9,90.7,68.2,83.9,72.1,90.2,85.1,85.9,88.0,73.8,75.8,70.3,63.9,61.2,58.4,77.3,78.2,71.0,72.7,1649,21,0.18,0.66,77.4,52.9,12.1,7.79,81.3,Star,1
PLR-3377,Osimhen Kroos #2478,France,Ligue 1,Nice,Defender,29,187,76,Left,Medium,High,64.3,60.6,74.1,79.7,60.5,74.9,70.8,62.0,66.9,67.2,51.4,35.9,62.5,86.8,83.5,89.9,62.8,69.8,77.3,66.8,2056,26,0.12,0.1,72.0,77.7,8.72,10.42,81.6,Star,1
PLR-3378,Enzo Modric #2479,Japan,Serie A,Lazio,Midfielder,31,181,74,Left,Medium,Medium,78.8,78.9,90.5,70.7,77.4,69.0,82.3,75.4,88.6,92.2,80.1,77.7,81.8,67.0,65.0,60.7,87.1,79.8,62.6,76.6,2246,28,0.12,0.78,81.4,54.8,12.05,9.0,81.9,Star,1
PLR-3379,Gianluigi Hernandez #2480,Netherlands,Premier League,Liverpool,Defender,24,186,72,Right,Medium,Medium,59.8,58.4,58.0,60.0,48.0,58.0,50.1,45.0,52.0,51.1,41.2,30.0,48.6,65.0,66.0,64.3,50.3,58.2,59.3,77.4,1570,20,0.05,0.05,72.0,62.0,8.5,1.4,64.4,Developing,0
PLR-3380,Gavi Oblak #2481,England,Ligue 1,Paris Saint-Germain,Defender,27,182,78,Right,Low,High,69.3,76.7,82.5,76.9,67.0,80.9,63.8,58.6,64.6,58.2,60.8,34.6,60.7,83.3,76.1,77.0,61.1,66.2,82.8,73.1,1157,14,0.13,0.05,72.0,71.1,9.29,9.42,77.4,Star,1
PLR-3381,Dominik Hakimi #2482,Canada,Serie A,Roma,Defender,21,187,83,Right,High,Low,83.4,80.4,,96.8,83.7,83.6,81.9,66.3,74.1,81.7,71.4,58.6,77.4,96.4,99.0,98.0,71.3,84.4,80.4,69.5,2620,33,0.05,0.15,72.0,91.4,10.16,76.51,93.7,Elite,2
PLR-3382,Vinicius Fernandez #2483,Brazil,Ligue 1,Paris Saint-Germain,Goalkeeper,24,183,86,Right,Low,Medium,45.0,35.9,40.0,67.1,50.6,63.6,30.0,30.8,42.8,47.9,20.0,15.0,45.0,27.9,18.2,15.0,52.0,62.3,51.3,82.3,2271,29,0.0,0.0,48.0,50.0,3.8,2.19,66.6,Developing,0
PLR-3383,Bruno Rice #2484,Norway,La Liga,Girona,Midfielder,25,185,73,Left,High,High,72.0,69.6,77.4,66.6,73.6,70.4,83.1,70.4,81.7,82.3,70.7,73.8,66.5,60.6,62.8,54.6,78.0,66.5,60.5,84.4,2309,29,0.16,0.58,75.0,54.4,10.44,8.26,77.7,Star,1
PLR-3384,Julian Donnarumma #2485,Argentina,Bundesliga,Borussia Dortmund,Midfielder,23,171,75,Right,High,High,62.1,64.4,65.1,57.5,72.0,58.1,71.7,69.2,72.0,69.1,63.8,62.1,65.4,59.8,51.8,53.1,73.6,58.9,55.4,79.1,1370,17,0.08,0.38,75.0,52.0,9.8,2.92,67.2,Developing,0
PLR-3385,Mateo Bastoni #2486,Portugal,La Liga,Barcelona,Midfielder,28,176,70,Right,Medium,Medium,62.5,76.5,72.9,75.5,84.9,67.4,82.3,73.2,86.0,81.9,72.2,66.6,69.7,71.2,71.4,54.9,82.2,76.0,61.8,80.0,2715,34,0.18,0.71,76.6,57.4,9.8,9.37,79.1,Star,1
PLR-3386,Pedri Silva #2487,Colombia,Premier League,Arsenal,Midfielder,22,176,78,Right,High,Medium,81.7,75.3,88.9,66.9,81.8,80.3,88.9,87.0,86.2,89.4,80.9,73.6,79.9,64.3,74.5,58.2,84.4,67.7,71.8,69.4,3363,38,0.22,0.69,75.0,65.7,11.49,28.66,85.2,Elite,2
PLR-3387,Liam Hakimi #2488,Nigeria,Ligue 1,Paris Saint-Germain,Midfielder,27,185,71,Left,High,Medium,68.6,72.1,74.1,61.2,74.6,71.8,79.0,69.4,78.2,78.8,71.0,64.8,65.8,58.9,61.0,53.6,80.0,74.4,70.4,76.4,1962,25,0.15,0.55,75.0,59.5,10.4,7.73,76.2,Star,1
PLR-3388,Antony Jones #2489,Spain,Premier League,Liverpool,Defender,28,191,77,Right,Medium,Medium,58.1,66.2,72.4,80.0,51.3,77.1,50.0,51.1,61.9,60.3,41.7,33.7,58.3,72.9,80.7,72.6,64.5,62.4,65.4,75.5,1976,25,0.01,0.06,72.0,69.4,8.85,5.78,74.1,Star,1
PLR-3389,Kylian Kim #2490,Brazil,Bundesliga,Bayern Munich,Defender,32,183,68,Right,Medium,High,70.2,66.2,71.8,83.5,64.1,74.2,70.4,59.6,69.6,69.9,63.4,39.1,67.9,91.1,92.7,85.4,69.0,76.4,79.6,75.2,1919,24,0.01,0.11,72.0,78.2,8.55,13.01,84.5,Elite,2
PLR-3390,Pedri Rice #2491,Norway,Ligue 1,Nice,Midfielder,26,180,76,Right,Medium,Medium,74.5,73.5,83.8,73.2,83.0,59.4,79.1,78.0,79.1,75.4,72.0,62.3,75.3,60.9,65.5,66.0,87.9,68.8,74.4,76.3,1434,18,0.08,0.75,75.0,56.9,11.26,13.15,79.8,Star,1
PLR-3391,Ederson Davies #2492,Japan,Ligue 1,Nice,Forward,27,180,85,Left,High,High,94.7,94.9,77.6,87.0,94.5,84.4,85.8,98.2,86.8,79.1,82.4,99.0,86.6,50.4,41.2,26.3,88.2,83.6,68.7,76.2,2523,32,0.59,0.51,68.2,40.0,8.8,52.76,93.3,Elite,2
PLR-3392,Darwin Schmidt #2493,Senegal,Premier League,Arsenal,Midfielder,26,177,77,Right,Medium,Medium,69.2,68.7,78.1,67.6,70.8,58.8,74.8,76.5,74.1,79.1,74.6,59.1,72.1,68.5,56.8,56.6,75.6,67.7,57.3,75.9,1813,23,0.14,0.33,75.0,52.0,10.23,3.99,73.8,Star,1
PLR-3393,Jan Foden #2494,Norway,Serie A,Atalanta,Forward,26,176,73,Right,Medium,High,72.5,76.0,58.8,58.1,68.4,69.0,64.2,81.3,,56.5,56.5,89.9,74.7,50.8,35.8,27.8,61.2,65.5,56.2,86.2,2864,36,0.62,0.26,65.0,40.0,8.8,3.51,73.1,Star,1
PLR-3394,Vinicius Jones #2495,Uruguay,La Liga,Barcelona,Defender,32,186,94,Right,High,High,61.7,60.6,71.3,89.9,63.3,75.4,66.9,57.5,61.1,50.7,50.5,43.2,58.1,78.9,77.7,73.7,66.7,65.5,73.0,66.7,770,9,0.0,0.05,72.0,68.4,9.4,4.05,77.0,Star,1
PLR-3395,Federico Hernandez #2496,Nigeria,Bundesliga,RB Leipzig,Midfielder,26,184,78,Right,Medium,Medium,77.2,75.5,87.1,75.4,81.9,68.0,77.8,79.2,83.2,77.5,74.5,69.3,70.5,66.3,59.3,66.3,81.1,76.9,70.9,69.4,1422,18,0.11,0.67,76.1,52.0,11.68,4.11,78.2,Star,1
PLR-3396,Leo Mueller #2497,Portugal,Premier League,Tottenham,Forward,19,180,75,Right,Medium,Medium,66.2,82.1,68.4,65.5,64.8,71.4,68.7,74.6,63.8,59.5,65.7,76.2,77.9,35.0,29.5,31.8,55.5,63.7,60.1,70.4,1744,22,0.35,0.02,65.0,40.0,8.8,5.09,71.3,Star,1
PLR-3397,Osimhen Silva #2498,Croatia,Premier League,Newcastle,Forward,24,174,79,Left,Medium,Medium,72.3,68.8,57.8,60.7,72.5,71.6,59.0,68.5,67.3,47.2,49.4,73.8,74.5,38.0,40.5,39.3,65.2,68.2,57.7,83.4,1149,14,0.33,0.24,65.0,40.0,8.8,1.3,68.7,Developing,0
PLR-3398,Florian Hernandez #2499,Colombia,Bundesliga,VfB Stuttgart,Defender,33,183,80,Right,Medium,Medium,77.9,67.0,85.4,96.9,73.3,91.7,84.3,68.3,74.9,89.0,65.5,48.6,77.0,97.8,99.0,95.0,86.9,94.4,85.9,64.9,2810,36,0.01,0.1,72.0,90.6,9.11,39.27,93.9,Elite,2
PLR-3399,Enzo Modric #2500,Argentina,La Liga,Real Sociedad,Midfielder,29,178,70,Left,High,Medium,55.0,60.3,69.6,55.9,60.9,52.1,64.8,59.5,66.1,67.1,63.4,48.0,62.2,53.1,52.2,38.0,71.3,69.2,53.2,80.1,2867,36,0.02,0.31,75.0,52.0,9.8,5.1,66.5,Developing,0
PLR-3400,Alejandro Hakimi #2501,Brazil,Serie A,Napoli,Midfielder,23,182,73,Right,Medium,Medium,66.1,73.1,66.4,50.2,66.0,52.2,66.8,59.1,65.3,65.8,60.8,56.0,67.5,48.4,53.0,50.6,65.7,60.2,54.3,78.3,2570,32,0.04,0.26,75.0,52.0,9.8,3.42,63.5,Developing,0
PLR-3401,Ederson Alvarez #2502,England,Premier League,Newcastle,Forward,31,186,77,Right,High,Low,78.3,77.1,74.6,71.9,77.4,69.1,71.4,77.9,70.8,56.4,80.9,83.9,73.8,44.5,45.6,40.3,60.0,72.8,68.8,66.7,1906,24,0.54,0.18,65.0,40.0,8.82,6.91,76.9,Star,1
PLR-3402,Lucas Sato #2503,Ghana,Bundesliga,RB Leipzig,Midfielder,28,168,70,Right,High,Medium,70.9,71.0,92.7,81.3,82.8,67.9,86.0,79.0,99.0,86.0,81.3,72.2,84.7,70.3,65.9,74.3,84.8,78.2,78.4,61.5,1348,17,0.17,0.8,87.2,54.1,12.05,23.28,86.6,Elite,2
PLR-3403,Ederson Wirtz #2504,Japan,Premier League,Liverpool,Midfielder,33,181,78,Right,High,High,62.6,62.9,71.8,52.5,62.9,59.2,65.6,65.5,75.2,71.2,63.8,64.8,58.5,57.6,58.1,45.9,71.6,71.0,57.3,72.7,1336,17,0.16,0.43,75.0,52.0,9.96,3.77,70.5,Developing,0
PLR-3404,Darwin De Bruyne #2505,Brazil,La Liga,Real Sociedad,Defender,18,181,74,Left,Medium,Medium,71.5,78.0,72.5,86.4,75.0,93.3,75.5,68.6,77.0,79.9,70.4,49.4,72.6,77.5,90.8,82.7,64.3,68.1,85.8,68.9,2600,33,0.01,0.21,72.0,85.6,9.17,21.14,82.9,Elite,2
PLR-3405,Moises Fernandez #2506,Senegal,Premier League,Liverpool,Midfielder,19,176,74,Right,High,Medium,68.2,73.9,83.1,70.6,81.3,71.4,81.5,81.0,87.2,87.0,73.8,72.4,75.6,66.4,73.2,62.0,74.5,66.0,74.4,76.2,579,8,0.13,0.71,77.4,64.6,11.82,16.66,79.3,Star,1
PLR-3406,Dominik Mueller #2507,Belgium,Serie A,AC Milan,Midfielder,18,173,75,Right,Medium,High,58.7,58.8,76.1,54.2,58.0,55.6,68.6,63.3,71.2,64.8,60.2,57.6,63.6,62.2,44.3,46.4,60.5,60.7,44.3,79.9,1306,16,0.07,0.37,75.0,52.0,9.8,1.42,65.5,Developing,0
PLR-3407,Darwin Diallo #2508,Brazil,Ligue 1,Rennes,Forward,26,168,77,Left,High,High,94.8,92.8,88.3,70.4,86.9,80.0,83.6,85.8,74.7,51.6,73.4,98.5,85.5,39.5,28.4,45.2,79.0,80.4,81.5,55.6,1362,17,0.65,0.35,65.0,40.0,9.7,32.73,89.3,Elite,2
PLR-3408,Liam Rodri #2509,Brazil,La Liga,Real Madrid,Goalkeeper,28,185,87,Right,Medium,Medium,41.5,49.1,40.6,65.7,50.5,60.8,33.8,35.7,40.0,42.0,20.0,26.0,45.0,29.1,29.7,21.4,57.8,61.3,58.2,84.0,2720,34,0.0,0.0,48.0,50.0,3.8,3.41,70.5,Developing,0
PLR-3409,Federico Davies #2510,Italy,Ligue 1,Lyon,Midfielder,29,181,71,Right,Low,High,79.5,83.0,95.7,76.5,88.7,77.6,93.6,88.3,89.9,93.4,85.9,88.4,85.1,72.8,75.4,63.7,97.3,73.1,75.8,72.3,2294,29,0.19,0.76,82.7,62.3,12.1,41.2,91.6,Elite,2
PLR-3410,Thibaut Maignan #2511,Colombia,Serie A,Juventus,Defender,28,184,93,Right,Medium,Medium,70.5,75.3,74.7,87.4,56.3,78.2,74.0,48.7,75.2,65.9,63.4,44.0,64.9,82.8,92.6,86.8,71.5,73.0,82.7,58.9,2208,28,0.07,0.08,72.0,87.1,8.88,17.15,83.6,Elite,2
PLR-3411,David Dias #2512,England,Ligue 1,Lille,Forward,27,181,79,Left,High,Medium,72.8,70.7,60.7,63.9,75.8,73.0,72.8,73.2,70.4,56.6,73.0,83.1,70.0,42.1,30.0,33.0,57.9,74.4,56.7,85.2,2601,33,0.42,0.18,65.0,40.0,8.8,5.53,72.3,Star,1
PLR-3412,Alejandro Hakimi #2513,Nigeria,La Liga,Atletico Madrid,Midfielder,27,179,74,Right,High,Medium,76.7,70.3,82.4,64.8,79.0,62.1,82.4,84.5,,86.2,75.1,68.6,73.2,69.9,66.1,57.5,86.3,69.5,65.6,72.2,2383,30,0.14,0.64,82.2,52.9,11.01,15.69,82.2,Elite,2
PLR-3413,Gianluigi Maignan #2514,Senegal,Serie A,AC Milan,Forward,28,179,70,Left,High,Medium,64.0,70.9,61.3,55.8,63.4,62.0,65.7,77.9,57.3,53.8,52.7,75.8,70.4,34.4,25.0,28.7,52.1,61.6,56.2,76.0,2183,27,0.38,0.04,65.0,40.0,8.8,5.8,69.1,Developing,0
PLR-3414,Achraf Kim #2515,Colombia,Ligue 1,Marseille,Midfielder,30,181,68,Left,Medium,Medium,67.6,76.5,87.4,66.3,72.4,63.6,86.1,76.1,84.0,77.4,76.8,64.0,66.0,63.9,65.8,59.1,78.7,65.0,75.3,72.5,1204,15,0.09,0.67,75.0,53.8,11.47,6.84,82.3,Elite,2
PLR-3415,Ruben Traore #2516,Canada,Premier League,Aston Villa,Goalkeeper,34,185,91,Right,Medium,High,45.0,47.4,40.0,82.7,62.1,77.6,30.0,30.5,49.6,54.1,20.0,15.1,53.1,44.4,25.0,15.0,71.7,74.2,61.9,76.7,2254,28,0.0,0.01,48.0,50.0,3.8,0.76,76.2,Star,1
PLR-3416,Rodri Camavinga #2517,South Korea,Serie A,AC Milan,Midfielder,28,182,74,Right,Medium,Medium,65.5,59.5,76.0,68.8,66.0,68.8,68.1,64.2,74.7,78.9,75.4,59.6,69.2,66.6,62.0,65.6,72.5,72.8,54.0,82.3,1799,23,0.02,0.5,75.0,52.0,10.18,2.85,70.7,Developing,0
PLR-3417,Gabriel Oblak #2518,Belgium,Bundesliga,Borussia Dortmund,Forward,20,191,76,Right,Medium,Medium,77.9,75.6,69.6,64.9,77.8,62.4,73.4,77.6,70.9,51.3,70.0,82.2,71.1,43.4,32.9,44.3,59.4,61.6,71.5,66.0,601,8,0.58,0.2,65.0,40.0,8.8,8.59,74.3,Star,1
PLR-3418,Takefusa Saka #2519,Croatia,Serie A,AC Milan,Forward,31,179,73,Right,Low,Low,73.1,67.4,73.8,66.4,69.1,71.8,72.7,72.2,63.4,66.0,64.5,73.4,74.1,50.4,32.2,31.5,65.9,74.6,66.3,74.7,2052,26,0.38,0.16,65.0,40.0,8.89,7.69,73.8,Star,1
PLR-3419,Khvicha Schmidt #2520,Italy,Bundesliga,Bayer Leverkusen,Midfielder,22,178,74,Right,High,High,79.7,82.1,91.7,75.0,77.5,77.7,85.7,73.2,83.2,82.3,75.8,56.6,79.9,64.8,68.2,60.1,84.8,78.7,80.3,68.9,1276,16,0.02,0.64,75.0,52.3,11.52,20.45,81.9,Star,1
PLR-3420,Rodri Williams #2521,Morocco,Ligue 1,Paris Saint-Germain,Forward,25,179,74,Left,Medium,High,94.8,95.4,83.2,79.9,86.1,71.0,93.8,93.8,68.4,64.7,71.6,90.4,86.5,51.4,36.9,39.9,79.5,71.9,78.5,64.8,3247,38,0.58,0.24,65.0,40.0,9.37,31.04,89.3,Elite,2
PLR-3421,Theo Camavinga #2522,USA,Premier League,Liverpool,Forward,25,179,79,Left,Medium,Medium,79.9,85.9,85.1,71.5,71.9,73.9,85.2,83.9,76.6,66.6,70.8,86.6,81.4,41.2,29.9,37.8,68.3,70.7,57.5,81.2,450,8,0.54,0.34,65.4,40.0,9.3,16.98,83.8,Elite,2
PLR-3422,Jude Dias #2523,Morocco,Serie A,Inter Milan,Defender,24,184,83,Left,High,High,69.3,66.2,68.6,83.7,71.9,77.5,80.9,57.9,67.8,56.2,59.0,50.2,64.7,85.8,87.1,78.3,72.1,73.5,74.3,72.1,2275,29,0.03,0.01,72.0,85.3,8.5,21.39,82.8,Elite,2
PLR-3423,Leo Camavinga #2524,Canada,Premier League,Manchester United,Midfielder,34,168,76,Left,High,Medium,63.6,58.7,89.6,72.6,79.4,66.9,84.0,74.6,81.2,81.5,76.0,54.9,71.2,66.1,65.1,59.0,82.8,81.9,67.0,73.7,2283,29,0.07,0.64,75.0,54.2,11.59,5.62,79.8,Star,1
PLR-3424,Erling Davies #2525,Japan,La Liga,Atletico Madrid,Midfielder,34,180,72,Left,High,High,66.2,73.0,96.2,75.4,78.0,69.7,81.6,79.1,90.8,91.0,83.8,71.9,70.9,64.6,61.5,60.9,94.6,86.3,67.4,71.2,1986,25,0.19,0.85,85.2,52.0,11.71,14.1,85.5,Elite,2
PLR-3425,Rodri Kim #2526,Belgium,Serie A,AC Milan,Goalkeeper,19,190,89,Right,Medium,Low,47.5,49.9,40.0,77.8,63.5,70.7,48.0,32.7,45.4,51.3,33.7,29.0,52.5,29.0,31.6,20.3,61.2,60.8,69.8,69.3,3420,38,0.0,0.0,48.0,50.0,3.8,6.51,71.8,Star,1
PLR-3426,Nicolo Mendes #2527,Ghana,Bundesliga,VfB Stuttgart,Forward,30,185,78,Right,Medium,Low,84.5,73.8,75.6,70.2,74.8,79.3,80.6,75.6,73.7,67.2,64.7,86.0,79.1,42.0,35.6,30.5,69.9,71.2,63.5,66.4,2575,33,0.67,0.21,65.0,40.0,8.85,7.72,79.2,Star,1
PLR-3427,Aurélien Jones #2528,Netherlands,Ligue 1,Monaco,Goalkeeper,21,188,92,Right,High,Medium,54.9,44.0,41.6,79.7,62.3,81.5,30.0,38.4,45.7,45.6,23.5,23.4,48.8,35.2,22.4,15.9,55.4,63.7,58.2,80.1,2474,31,0.0,0.0,48.0,50.0,3.8,8.7,75.1,Star,1
PLR-3428,Rafael Jones #2529,Japan,Premier League,Manchester United,Midfielder,24,182,78,Right,High,Medium,63.8,59.6,70.6,64.0,71.9,61.0,77.8,60.9,81.3,78.9,55.5,62.4,64.5,51.5,56.7,55.6,81.4,62.2,67.9,69.4,1764,22,0.08,0.62,75.0,55.8,10.16,5.88,73.8,Star,1
PLR-3429,Darwin Rodriguez #2530,Spain,Premier League,Manchester United,Defender,28,181,81,Right,High,High,65.5,63.7,66.9,78.4,60.4,68.3,57.0,58.4,59.0,62.0,53.2,36.5,48.9,79.2,68.4,63.9,62.7,69.1,73.5,72.6,2227,28,0.15,0.07,72.0,62.0,8.5,6.03,70.3,Developing,0
PLR-3430,Rafael Bellingham #2531,Norway,Bundesliga,VfB Stuttgart,Midfielder,19,186,82,Left,Medium,Medium,57.5,70.7,77.9,61.0,76.9,68.3,80.5,74.5,86.4,81.1,75.3,76.2,75.9,69.9,64.7,48.8,76.4,61.5,69.9,80.2,2113,27,0.21,0.8,75.5,57.6,9.97,11.16,78.0,Star,1
PLR-3431,Federico Jones #2532,Belgium,Premier League,Aston Villa,Defender,28,182,87,Right,High,High,79.7,69.2,,85.6,74.5,81.0,77.1,62.1,64.4,67.4,59.1,53.1,57.5,81.9,87.3,84.9,68.3,74.5,86.5,63.6,2140,27,0.02,0.07,72.0,83.4,9.2,14.39,82.3,Elite,2
PLR-3432,Gabriel Haaland #2533,Germany,Serie A,Napoli,Goalkeeper,23,185,90,Right,Medium,Medium,50.0,46.1,51.8,82.1,65.2,82.3,40.0,28.4,55.8,64.2,25.5,16.3,60.5,25.0,22.7,22.4,72.5,73.4,79.7,64.9,2362,30,0.0,0.01,48.0,50.0,3.8,28.6,84.1,Elite,2
PLR-3433,Lucas Kroos #2534,Germany,Serie A,Fiorentina,Midfielder,26,176,77,Right,Medium,High,69.2,61.8,75.1,49.2,63.3,63.6,69.0,67.8,74.5,79.4,70.6,75.6,62.3,59.5,55.6,48.5,74.7,67.4,51.0,76.3,2167,27,0.18,0.46,75.0,52.0,9.82,5.57,71.4,Star,1
PLR-3434,Aurélien Musiala #2535,Japan,Serie A,Lazio,Goalkeeper,27,193,86,Right,Medium,Medium,49.1,50.3,44.6,71.3,56.9,70.5,39.9,25.0,40.0,58.2,22.5,27.3,60.7,38.9,24.5,22.8,66.3,65.3,56.2,81.6,2668,34,0.0,0.05,48.0,50.0,3.9,8.64,77.7,Star,1
PLR-3435,Kevin Modric #2536,USA,La Liga,Atletico Madrid,Midfielder,28,187,73,Right,Medium,Medium,74.2,62.0,74.3,61.3,73.5,60.8,78.0,67.2,77.7,80.8,74.6,67.6,70.9,57.6,55.5,59.3,76.1,72.5,59.5,81.7,1888,24,0.08,0.47,75.0,52.0,10.05,4.99,74.8,Star,1
PLR-3436,David Foden #2537,Germany,Bundesliga,Bayern Munich,Midfielder,27,190,73,Right,High,High,55.0,56.0,65.0,48.0,58.0,54.8,62.0,58.0,65.0,60.0,52.0,48.0,52.0,53.2,47.1,41.2,61.1,53.2,54.6,75.8,1493,19,0.02,0.22,75.0,52.0,9.8,0.5,60.0,Developing,0
PLR-3437,Federico Rodriguez #2538,Uruguay,Bundesliga,Eintracht Frankfurt,Midfielder,26,187,71,Right,Low,Medium,67.4,70.5,76.0,56.1,77.4,68.7,77.5,75.7,77.0,83.0,72.0,59.4,72.4,64.7,58.9,49.6,76.2,67.7,68.9,73.4,1956,25,0.1,0.51,75.0,53.8,10.74,7.6,75.7,Star,1
PLR-3438,Jude Silva #2539,Croatia,Bundesliga,Bayer Leverkusen,Midfielder,25,179,76,Left,Low,Medium,78.5,89.0,96.9,80.7,76.1,74.7,94.4,85.3,99.0,92.3,84.7,82.7,87.0,76.3,70.7,72.1,94.4,77.8,73.6,74.5,2873,36,0.17,0.85,87.5,64.9,12.1,53.02,93.1,Elite,2
PLR-3439,Osimhen Bastoni #2540,Brazil,Bundesliga,VfB Stuttgart,Forward,22,181,84,Right,Low,Medium,91.2,81.4,73.8,66.5,72.5,65.7,68.3,78.2,79.5,59.2,70.3,81.1,76.4,36.0,33.9,33.2,70.4,70.3,75.1,71.1,2139,27,0.33,0.26,65.0,40.0,8.89,11.62,77.9,Star,1
PLR-3440,Luka De Bruyne #2541,Nigeria,La Liga,Villarreal,Midfielder,28,166,74,Right,High,Medium,68.9,70.0,81.0,69.5,74.9,62.6,83.4,74.3,84.0,83.2,71.7,62.1,71.1,62.6,58.2,62.1,76.2,75.9,64.2,77.7,1429,18,0.09,0.67,77.3,55.1,10.95,6.21,78.3,Star,1
PLR-3441,Rafael Mbappe #2542,Norway,La Liga,Girona,Midfielder,21,183,69,Right,Low,Medium,70.8,71.2,79.5,58.5,71.0,54.1,71.3,71.2,77.2,76.3,61.3,62.2,69.8,62.5,57.2,50.4,78.4,67.8,70.5,72.4,1802,23,0.11,0.42,75.0,52.0,10.34,5.9,74.6,Star,1
PLR-3442,Victor Barella #2543,Belgium,Ligue 1,Paris Saint-Germain,Defender,25,183,80,Right,High,Medium,73.1,80.1,74.8,83.0,67.5,78.6,61.7,54.6,64.7,62.5,58.0,43.7,62.1,87.5,82.0,86.9,70.3,68.0,76.0,,2822,36,0.01,0.1,72.0,75.9,8.85,12.28,79.9,Star,1
PLR-3443,Ruben Kroos #2544,Belgium,La Liga,Girona,Defender,25,193,75,Right,Medium,Medium,80.5,80.0,79.4,85.5,76.7,80.0,69.5,67.6,78.8,72.5,65.8,47.7,69.8,87.9,96.3,85.8,84.3,80.8,88.3,69.6,2662,34,0.02,0.03,72.0,88.6,9.19,30.2,88.6,Elite,2
PLR-3444,Moises Mbappe #2545,USA,Premier League,Tottenham,Midfielder,26,188,75,Left,Medium,Medium,75.8,70.5,82.8,64.4,76.2,57.5,84.3,73.1,83.0,86.2,69.7,70.5,77.5,65.0,64.8,65.1,75.4,74.2,67.7,72.9,1537,19,0.14,0.65,75.0,61.2,11.81,12.11,79.5,Star,1
PLR-3445,Mateo Rodriguez #2546,Colombia,Bundesliga,Bayern Munich,Midfielder,27,177,85,Left,High,Medium,84.4,72.5,79.7,79.4,88.1,70.1,82.8,80.1,84.3,88.6,79.8,73.8,77.4,68.6,71.3,63.5,87.9,83.4,70.3,69.9,1167,14,0.2,0.69,76.8,63.6,10.23,15.04,82.8,Elite,2
PLR-3446,William Schmidt #2547,Japan,Serie A,Fiorentina,Forward,24,182,64,Right,Low,High,83.1,89.6,70.9,65.5,77.0,77.7,81.0,79.3,71.3,62.9,79.3,88.2,80.6,44.6,45.1,24.0,73.0,71.1,58.3,73.0,1657,21,0.62,0.23,65.0,40.9,8.8,15.09,80.4,Star,1
PLR-3447,Florian Oblak #2548,France,Serie A,Lazio,Forward,31,195,73,Right,High,Medium,68.5,68.6,67.8,50.0,72.4,58.0,65.4,70.6,60.6,50.5,66.1,79.4,79.7,39.2,30.8,30.3,55.9,63.8,52.7,83.9,1991,25,0.42,0.13,65.0,40.0,8.8,4.26,70.7,Developing,0
PLR-3448,Ederson Saka #2549,Netherlands,Bundesliga,Bayer Leverkusen,Forward,23,168,66,Right,Low,High,76.0,83.9,76.1,53.9,76.7,69.8,75.2,75.6,65.1,63.6,70.7,82.3,69.9,40.6,33.6,31.5,65.0,71.0,64.7,69.6,1742,22,0.51,0.14,65.0,40.0,8.86,7.45,75.9,Star,1
PLR-3449,Cole Mueller #2550,Morocco,Serie A,Napoli,Midfielder,23,179,68,Right,Medium,Medium,66.0,71.4,77.6,62.7,71.5,65.6,76.8,71.6,74.9,81.0,72.1,55.6,68.8,63.9,55.4,55.5,71.5,70.0,70.4,79.3,1991,25,0.02,0.42,75.0,52.1,9.96,7.61,72.1,Star,1
PLR-3450,Gianluigi Foden #2551,Uruguay,Bundesliga,Bayer Leverkusen,Forward,32,185,76,Right,High,Medium,65.5,68.4,55.0,55.8,68.6,57.9,64.4,60.4,61.6,44.9,57.1,72.8,68.2,31.1,25.0,39.2,58.3,52.5,61.2,,1143,14,0.32,0.15,65.0,40.0,8.8,0.5,64.8,Developing,0
PLR-3451,Liam Schmidt #2552,France,Serie A,Fiorentina,Goalkeeper,27,197,79,Right,High,High,47.6,43.2,40.0,81.4,58.5,74.1,30.0,33.7,49.7,51.6,20.0,19.4,53.8,33.1,18.0,15.0,64.0,63.6,82.6,68.9,2069,26,0.0,0.01,48.0,50.0,3.8,8.41,76.3,Star,1
PLR-3452,Alessandro Haaland #2553,Germany,Bundesliga,VfB Stuttgart,Midfielder,29,182,71,Right,High,High,70.7,86.8,93.4,79.6,83.2,71.8,88.2,79.2,86.4,91.3,83.4,74.6,80.4,72.4,75.9,72.8,95.4,81.0,70.4,70.2,2443,31,0.26,0.8,78.3,63.5,12.08,26.52,87.6,Elite,2
PLR-3453,Alejandro Diallo #2554,USA,Ligue 1,Nice,Midfielder,26,185,77,Left,High,Medium,67.1,79.4,88.0,72.5,82.8,71.0,74.8,82.3,87.1,90.5,74.2,71.6,82.7,71.3,73.1,59.3,87.2,70.6,75.1,75.3,2174,27,0.13,0.74,79.2,60.1,11.58,11.75,80.1,Star,1
PLR-3454,Carlos Williams #2555,Uruguay,Serie A,Inter Milan,Midfielder,26,184,73,Right,High,Low,74.7,78.9,82.0,71.6,84.7,61.9,86.7,84.4,93.9,96.7,77.0,78.0,79.1,66.4,67.3,56.3,91.9,80.2,83.5,68.3,2698,34,0.19,0.85,81.5,63.9,11.21,22.84,85.8,Elite,2
PLR-3455,Alessandro Camavinga #2556,Germany,Bundesliga,RB Leipzig,Forward,24,181,78,Right,Low,Medium,76.7,80.4,69.5,68.8,77.8,66.7,78.6,74.7,66.4,59.0,64.2,82.3,75.4,30.1,25.0,32.9,63.1,71.0,66.4,78.5,2159,27,0.46,0.19,65.0,40.0,8.86,13.48,78.5,Star,1
PLR-3456,Gavi Moreno #2557,Portugal,La Liga,Athletic Club,Midfielder,24,185,77,Right,Low,Low,76.8,72.3,86.1,67.3,73.9,77.8,86.6,68.4,87.8,85.4,71.2,70.8,77.3,61.4,60.4,48.6,79.5,70.3,75.1,73.7,2130,27,0.16,0.75,78.8,52.0,10.41,14.07,78.1,Star,1
PLR-3457,Ruben Smith #2558,Senegal,Premier League,Manchester City,Midfielder,27,173,74,Left,Medium,Medium,77.7,83.9,87.6,72.1,88.3,68.3,89.7,80.6,86.5,85.2,83.3,78.5,84.4,76.9,63.0,65.4,83.2,86.8,65.7,68.4,2941,37,0.22,0.8,76.4,56.0,11.65,21.59,85.9,Elite,2
PLR-3458,Noah Moreno #2559,Colombia,Premier League,Liverpool,Midfielder,26,180,77,Left,Medium,High,56.4,56.0,65.0,56.9,58.0,46.8,62.0,69.8,67.0,66.5,53.2,58.1,59.5,59.6,46.9,47.2,72.1,54.5,40.0,79.0,3420,38,0.02,0.4,75.0,52.0,9.8,2.05,65.8,Developing,0
PLR-3459,Nicolo Courtois #2560,South Korea,Ligue 1,Lyon,Midfielder,19,184,72,Left,Medium,Medium,55.8,61.7,75.1,64.5,59.6,56.9,71.6,73.3,68.1,75.4,63.4,64.5,59.0,47.5,46.7,51.5,74.9,53.3,52.8,76.0,1382,17,0.1,0.42,75.0,52.0,11.02,4.01,67.9,Developing,0
PLR-3460,Takefusa Hernandez #2561,Uruguay,Bundesliga,VfB Stuttgart,Goalkeeper,25,187,80,Right,High,High,46.7,49.4,52.6,75.2,56.0,65.6,37.1,30.0,56.3,51.5,25.3,21.2,50.7,42.8,21.9,25.1,67.5,76.4,60.5,71.6,2657,34,0.0,0.01,48.0,50.0,4.13,7.76,77.4,Star,1
PLR-3461,Federico Williams #2562,Argentina,La Liga,Villarreal,Defender,29,181,75,Right,Medium,Medium,76.3,86.6,66.1,76.1,73.5,83.0,69.0,50.2,69.6,76.7,56.8,40.8,68.2,84.8,88.6,77.8,65.6,70.6,69.3,85.8,1723,22,0.07,0.09,72.0,81.5,8.56,10.15,80.8,Star,1
PLR-3462,Kylian Hakimi #2563,Uruguay,Ligue 1,Nice,Midfielder,24,177,83,Right,Medium,Medium,68.3,74.7,80.8,66.9,75.3,71.5,79.8,90.2,88.2,77.1,68.5,73.3,72.1,61.1,59.8,56.4,78.1,78.1,79.5,71.9,3200,38,0.16,0.65,77.5,52.0,10.31,15.55,79.6,Star,1
PLR-3463,Mateo Wirtz #2564,Colombia,Ligue 1,Lyon,Midfielder,23,180,77,Right,High,High,69.1,73.8,80.4,71.4,82.4,62.8,85.2,78.9,86.2,91.5,77.3,68.8,76.6,64.7,71.1,59.5,82.0,71.3,68.9,68.8,1784,22,0.13,0.73,80.4,63.2,10.47,18.49,82.3,Elite,2
PLR-3464,Jan Valverde #2565,South Korea,Premier League,Tottenham,Midfielder,22,185,65,Right,High,High,63.4,62.7,75.9,54.6,71.8,64.7,73.9,67.7,72.9,72.4,73.3,59.0,65.5,55.2,53.4,52.2,72.3,62.4,71.6,74.9,3061,38,0.02,0.44,75.0,52.0,9.8,5.71,70.9,Developing,0
PLR-3465,Moises Alvarez #2566,USA,Serie A,Atalanta,Forward,24,184,82,Right,Low,Medium,81.8,81.2,62.0,62.4,72.8,66.9,71.1,72.5,62.4,57.1,71.0,86.6,72.2,47.3,33.0,31.3,71.9,68.4,64.9,79.6,2358,30,0.55,0.16,65.0,40.0,8.8,9.54,76.8,Star,1
PLR-3466,Bruno Kim #2567,South Korea,Bundesliga,Bayer Leverkusen,Midfielder,24,184,72,Left,High,Low,84.4,82.1,87.5,77.6,83.6,78.8,87.9,82.4,91.7,86.4,78.1,75.9,81.1,68.7,76.8,64.1,85.8,80.4,79.3,72.1,450,8,0.21,0.8,79.0,63.1,11.65,24.27,84.4,Elite,2
PLR-3467,Mike Saliba #2568,USA,Serie A,Inter Milan,Forward,33,178,66,Right,High,Low,84.2,83.6,80.9,62.1,89.2,74.9,83.2,88.5,81.0,67.1,77.6,85.4,88.5,41.4,40.6,28.5,73.9,83.6,70.0,70.9,2770,35,0.49,0.25,68.3,40.0,8.96,10.27,84.4,Elite,2
PLR-3468,David Smith #2569,Italy,Ligue 1,Monaco,Midfielder,25,177,78,Right,High,High,83.0,91.2,94.5,86.7,80.3,79.6,87.2,88.8,92.7,92.2,81.5,73.7,82.2,74.2,62.9,64.2,88.8,83.5,81.1,66.2,1600,20,0.15,0.77,82.0,53.2,12.29,24.39,86.6,Elite,2
PLR-3469,Carlos Courtois #2570,Argentina,Bundesliga,Bayer Leverkusen,Midfielder,30,185,73,Right,Medium,Medium,61.9,56.0,65.0,51.1,65.9,65.4,70.7,65.0,68.3,69.2,67.0,62.8,66.3,53.4,60.6,47.3,69.8,66.8,57.6,76.0,1977,25,0.1,0.37,75.0,57.1,9.8,1.8,65.6,Developing,0
PLR-3470,Florian Mueller #2571,Senegal,Serie A,Lazio,Forward,25,178,66,Right,Medium,High,60.0,63.4,61.5,62.5,60.0,54.6,58.0,63.5,55.5,53.7,47.2,71.7,66.2,30.0,25.3,24.9,58.0,56.3,58.2,71.3,1925,24,0.45,0.05,65.0,40.0,8.8,0.5,64.4,Developing,0
PLR-3471,Gabriel Fernandez #2572,Senegal,Serie A,AC Milan,Goalkeeper,23,189,88,Right,High,Low,51.3,49.8,40.0,78.5,57.6,66.8,37.5,27.4,47.4,60.9,22.1,18.5,52.5,31.2,18.0,18.0,73.0,64.6,62.0,73.9,2338,29,0.0,0.0,48.6,50.0,3.8,2.91,70.3,Developing,0
PLR-3472,Kevin Van Dijk #2573,England,La Liga,Real Madrid,Goalkeeper,27,185,80,Right,Medium,Low,44.9,40.4,40.0,69.2,49.9,67.6,39.2,28.9,42.0,42.0,22.7,27.8,51.6,29.6,21.6,15.0,53.2,60.9,55.5,69.9,731,9,0.0,0.0,48.0,50.0,3.8,0.77,66.1,Developing,0
PLR-3473,Federico Valverde #2574,France,La Liga,Atletico Madrid,Defender,30,186,87,Right,High,Low,70.5,63.3,72.3,87.1,63.5,78.4,65.1,57.8,64.4,68.8,55.4,43.0,61.6,85.9,84.8,82.7,64.4,73.6,70.8,,1903,24,0.02,0.02,72.0,71.3,8.72,10.56,82.2,Elite,2
PLR-3474,Federico Foden #2575,Japan,La Liga,Atletico Madrid,Midfielder,26,181,74,Left,Medium,Medium,85.1,76.6,89.7,69.5,72.3,69.3,90.8,78.3,86.9,87.3,74.8,69.7,77.2,65.6,72.7,72.2,86.0,80.8,68.8,59.6,1661,21,0.17,0.82,75.0,59.7,11.5,26.13,87.3,Elite,2
PLR-3475,Florian Fernandez #2576,USA,Serie A,AC Milan,Defender,27,181,72,Right,Medium,Medium,63.9,58.6,58.0,66.8,49.3,63.2,50.0,45.8,64.0,51.4,48.7,30.1,58.2,67.6,66.0,64.9,60.0,62.4,50.7,90.7,3004,38,0.04,0.01,72.0,62.0,8.5,4.48,64.0,Developing,0
PLR-3476,Eduardo Saka #2577,Senegal,Premier League,Newcastle,Forward,22,173,78,Left,High,High,92.3,90.8,80.8,84.4,82.2,79.6,86.5,92.1,78.1,69.3,75.1,97.1,88.0,49.8,36.7,35.9,71.3,75.7,87.5,70.0,1675,21,0.73,0.27,66.8,40.0,9.6,41.4,88.9,Elite,2
PLR-3477,Ederson Silva #2578,South Korea,Serie A,Juventus,Defender,30,185,83,Right,High,Medium,77.3,78.6,72.6,86.6,61.0,83.2,60.4,66.1,69.8,66.9,62.0,50.9,57.8,87.4,79.8,80.1,58.4,74.6,71.8,60.5,2302,29,0.05,0.15,72.0,77.3,8.5,7.27,80.2,Star,1
PLR-3478,David Oblak #2579,Brazil,Premier League,Liverpool,Forward,32,179,70,Right,Medium,Medium,76.9,62.7,66.8,63.9,71.7,61.5,73.7,81.1,63.0,65.3,58.9,77.9,71.1,43.7,25.0,29.8,61.0,71.5,72.5,70.9,1743,22,0.46,0.12,65.0,40.0,8.8,4.93,77.1,Star,1
PLR-3479,Gavi Moreno #2580,Uruguay,Premier League,Chelsea,Defender,23,183,82,Right,High,High,77.6,74.6,72.5,86.2,69.6,85.6,68.1,77.0,81.1,62.0,66.9,42.4,68.4,88.0,86.5,93.2,63.0,74.8,75.6,77.7,1806,23,0.1,0.05,72.0,73.7,8.5,36.71,87.9,Elite,2
PLR-3480,Jude Modric #2581,France,Serie A,Inter Milan,Forward,35,184,72,Right,High,Medium,66.5,80.1,81.4,69.5,78.5,69.9,77.6,81.8,76.1,62.8,65.5,79.5,71.2,41.2,42.7,40.6,65.5,69.6,69.0,73.9,2187,28,0.36,0.25,65.0,40.0,9.66,2.24,76.1,Star,1
PLR-3481,Bruno Kim #2582,Germany,Ligue 1,Marseille,Defender,28,180,73,Right,High,Medium,67.0,76.5,82.0,80.1,65.9,78.6,64.6,66.6,69.3,64.2,68.0,42.1,66.4,83.5,83.0,78.1,72.3,75.2,75.0,69.2,2003,25,0.02,0.09,72.0,74.1,9.75,12.26,79.9,Star,1
PLR-3482,Vinicius Sato #2583,USA,Bundesliga,Bayern Munich,Goalkeeper,28,189,79,Left,Medium,Medium,58.0,50.1,45.4,80.6,66.4,74.2,37.5,27.9,52.3,53.1,21.0,18.5,54.5,37.4,22.0,20.9,67.9,75.7,73.2,72.0,2425,31,0.0,0.03,48.0,50.0,3.8,7.08,75.9,Star,1
PLR-3483,Alisson Rice #2584,Senegal,La Liga,Barcelona,Forward,18,174,72,Left,Medium,High,73.6,73.7,71.3,60.3,68.6,60.5,69.4,74.5,59.8,55.1,65.4,71.9,68.0,43.1,39.5,22.0,61.8,56.8,63.4,71.3,2628,33,0.36,0.12,65.0,40.0,9.37,8.38,70.2,Developing,0
PLR-3484,Eduardo Wirtz #2585,Croatia,Premier League,Newcastle,Midfielder,20,174,82,Right,Medium,High,59.0,69.7,74.4,65.3,75.0,50.3,74.9,59.1,68.5,75.6,65.2,48.0,61.4,51.5,58.4,53.0,66.5,58.2,57.5,74.8,3244,38,0.02,0.33,75.0,52.0,9.8,4.03,68.7,Developing,0
PLR-3485,Mateo Oblak #2586,Belgium,Serie A,Juventus,Goalkeeper,25,187,84,Right,High,High,45.1,50.3,54.2,79.6,63.2,73.3,41.1,32.1,50.9,52.2,25.7,15.0,69.5,46.4,26.5,22.2,70.0,75.0,70.1,70.8,2632,33,0.0,0.0,48.0,50.0,3.8,10.71,78.9,Star,1
PLR-3486,Gianluigi Camavinga #2587,Italy,Serie A,Roma,Midfielder,19,175,72,Right,High,Medium,62.4,65.9,79.0,63.7,73.5,60.1,74.2,72.8,82.9,85.4,71.8,69.4,74.2,64.2,63.5,55.0,67.2,61.6,68.9,72.9,2179,27,0.06,0.5,75.0,56.4,10.87,7.64,73.4,Star,1
PLR-3487,Gavi Mendes #2588,South Korea,La Liga,Barcelona,Defender,20,187,80,Right,High,High,75.0,72.6,75.7,83.1,63.9,75.3,64.7,56.0,65.6,69.0,55.5,54.0,65.1,75.0,80.1,75.9,52.0,58.7,65.8,67.5,1736,22,0.03,0.1,72.0,77.7,9.06,10.93,74.8,Star,1
PLR-3488,Erling Foden #2589,Belgium,Serie A,Juventus,Midfielder,31,170,72,Left,High,High,63.4,60.2,71.9,52.5,63.5,48.7,65.8,58.0,65.0,65.7,55.9,56.9,63.1,56.5,51.6,55.7,67.8,64.9,69.2,69.8,2934,37,0.03,0.37,75.0,52.0,9.8,2.83,64.5,Developing,0
PLR-3489,Carlos Smith #2590,Netherlands,Premier League,Tottenham,Midfielder,26,183,71,Right,Medium,Medium,67.3,56.6,70.3,59.8,63.2,57.7,68.1,59.7,65.0,68.8,63.3,50.4,72.8,46.0,54.2,45.2,68.1,63.6,59.8,80.2,2693,34,0.02,0.28,75.0,52.0,9.8,1.45,63.9,Developing,0
PLR-3490,Alessandro Jones #2591,Portugal,La Liga,Villarreal,Midfielder,28,173,68,Right,Medium,High,74.3,71.6,79.2,71.5,80.8,66.3,75.5,76.3,85.7,75.2,78.5,54.5,69.7,63.5,63.6,56.1,87.1,65.7,61.9,78.9,2806,35,0.02,0.66,78.0,58.4,10.55,8.85,78.9,Star,1
PLR-3491,Gabriel Oblak #2592,USA,Premier League,Aston Villa,Forward,32,179,77,Right,Low,Medium,73.9,79.1,78.8,73.6,78.4,77.4,80.4,80.8,76.9,65.6,75.9,87.1,87.7,38.6,40.1,32.5,71.5,77.7,75.3,70.9,1664,21,0.58,0.25,65.0,40.0,9.74,6.34,79.3,Star,1
PLR-3492,Thibaut Van Dijk #2593,Uruguay,Serie A,Atalanta,Defender,29,180,85,Right,High,Medium,59.8,74.9,65.6,83.4,58.9,77.8,57.7,60.9,66.9,66.2,59.7,50.5,62.6,83.1,80.1,80.0,62.4,67.5,73.8,65.5,1992,25,0.1,0.05,72.0,74.1,8.5,7.24,77.5,Star,1
PLR-3493,Khvicha Rodriguez #2594,Belgium,Serie A,Napoli,Midfielder,20,190,73,Right,High,High,71.5,71.8,98.6,82.8,89.2,78.2,92.8,88.1,92.1,96.9,78.3,89.1,80.9,68.5,88.0,61.4,87.0,80.4,84.5,64.3,3052,38,0.29,0.77,81.3,75.6,11.31,43.95,89.4,Elite,2
PLR-3494,Liam Van Dijk #2595,Uruguay,La Liga,Atletico Madrid,Midfielder,23,186,79,Right,Low,Low,82.2,82.6,97.5,75.1,89.4,88.3,95.5,91.8,99.0,96.1,94.0,86.8,89.3,72.5,74.9,76.4,86.2,83.4,78.4,65.3,1210,15,0.26,0.85,91.9,67.6,12.52,58.55,91.8,Elite,2
PLR-3495,Noah Saka #2596,Brazil,Premier League,Manchester United,Midfielder,28,173,77,Right,Medium,High,69.7,70.0,80.7,68.3,72.4,60.9,75.2,67.5,79.7,76.4,67.3,56.0,74.2,59.1,69.4,62.0,77.5,67.6,73.3,73.9,2122,27,0.11,0.57,75.0,65.7,10.74,3.19,75.4,Star,1
PLR-3496,David Maignan #2597,South Korea,Premier League,Aston Villa,Midfielder,22,186,83,Right,High,Low,57.7,68.6,74.5,60.6,70.1,63.2,78.1,71.9,75.5,74.3,74.2,59.8,65.6,59.2,57.8,52.2,70.0,67.0,60.3,83.6,2550,32,0.11,0.4,75.0,52.0,10.33,7.43,73.2,Star,1
PLR-3497,Virgil Tchouameni #2598,Morocco,Ligue 1,Marseille,Defender,20,185,83,Right,Low,High,76.6,70.9,72.7,87.2,63.9,73.5,69.3,51.1,71.8,74.1,59.7,45.3,69.9,75.0,84.3,86.5,52.2,67.8,68.3,79.7,2403,30,0.12,0.06,72.0,79.3,8.65,12.4,80.3,Star,1
PLR-3498,Jude Bellingham #2599,Italy,Bundesliga,Bayern Munich,Goalkeeper,28,189,79,Left,High,High,54.7,52.0,45.1,80.7,70.6,77.8,37.6,33.9,,50.4,22.8,36.4,64.0,38.8,23.0,22.0,73.0,77.5,71.0,82.7,3113,38,0.0,0.0,48.0,50.0,3.8,3.53,77.5,Star,1
PLR-3499,Jamal Martinez #2600,Portugal,Serie A,AC Milan,Midfielder,26,179,73,Right,Medium,Low,70.6,71.0,81.4,64.5,71.2,59.0,77.8,73.5,77.7,74.2,69.7,60.3,70.9,59.9,60.4,45.9,74.5,69.9,60.0,69.7,2519,32,0.05,0.56,75.0,52.0,10.59,6.61,74.7,Star,1
PLR-3500,Rafael Martinez #2601,USA,La Liga,Athletic Club,Defender,26,182,85,Right,Medium,High,68.5,82.6,78.3,95.7,65.6,79.7,71.1,73.5,70.0,63.6,69.2,31.1,60.9,85.9,89.5,88.7,72.8,78.8,82.8,66.2,1961,25,0.0,0.05,72.0,83.9,,20.78,85.6,Elite,2
PLR-3501,Virgil Maignan #2602,Belgium,Premier League,Tottenham,Defender,28,185,86,Right,Medium,Medium,79.7,63.4,74.0,80.0,55.7,65.5,59.5,50.9,71.4,66.9,52.1,41.1,63.2,78.6,76.1,72.6,58.1,66.4,72.7,68.6,1603,20,0.0,0.05,72.0,65.7,8.5,4.49,74.1,Star,1
PLR-3502,David Tchouameni #2603,Germany,La Liga,Real Madrid,Midfielder,27,183,77,Right,High,Medium,71.2,60.9,75.8,65.8,68.7,67.1,72.5,69.4,74.4,77.8,68.4,69.6,63.9,65.6,56.6,53.7,72.4,58.7,68.8,68.5,1848,23,0.07,0.45,75.0,52.0,10.22,5.74,70.2,Developing,0
PLR-3503,Kaoru Saka #2604,Nigeria,Ligue 1,Rennes,Goalkeeper,20,191,89,Left,Medium,Medium,48.9,46.5,42.4,67.7,51.3,59.6,34.5,27.2,41.4,63.3,25.7,27.3,57.9,39.0,24.4,16.1,59.5,60.1,66.4,83.8,2819,36,0.0,0.0,48.0,50.0,3.8,3.83,66.9,Developing,0
PLR-3504,Bukayo Saliba #2605,Japan,Serie A,Napoli,Forward,25,173,77,Right,Medium,Medium,68.8,70.1,58.0,54.5,60.0,65.5,72.7,75.8,53.8,51.2,50.7,72.8,71.2,30.0,29.3,29.3,58.5,62.5,54.1,82.4,973,12,0.38,0.08,65.0,40.0,8.8,4.19,73.1,Star,1
PLR-3505,Kylian Valverde #2606,Spain,La Liga,Barcelona,Forward,25,183,68,Left,Low,Medium,78.4,78.0,67.6,57.8,75.6,68.7,66.1,74.6,65.1,54.1,65.4,79.6,75.0,30.5,28.2,31.8,59.1,66.6,61.4,73.6,1980,25,0.54,0.14,65.0,40.0,8.8,9.72,73.6,Star,1
PLR-3506,Ederson Fernandez #2607,Croatia,La Liga,Athletic Club,Defender,24,191,73,Left,Medium,Medium,78.5,82.2,66.1,85.5,67.7,93.1,74.8,65.5,80.4,74.8,53.1,37.9,77.4,90.8,90.1,88.3,74.7,75.8,87.7,66.4,2309,29,0.01,0.11,72.0,83.7,8.5,38.12,88.2,Elite,2
PLR-3507,Achraf Bellingham #2608,Nigeria,Serie A,Fiorentina,Midfielder,27,180,66,Left,Medium,Medium,75.1,76.8,88.0,67.3,81.3,65.9,84.6,72.2,79.5,80.6,82.6,70.7,63.9,68.6,68.0,52.8,81.2,64.8,65.2,75.1,1876,24,0.15,0.55,75.0,61.3,11.67,16.37,80.2,Star,1
PLR-3508,Luka Haaland #2609,Nigeria,Bundesliga,Borussia Dortmund,Defender,26,183,76,Right,Low,Low,59.1,57.4,64.9,71.0,63.2,73.3,67.6,49.3,63.9,69.3,61.0,30.0,50.3,78.7,73.9,72.7,65.4,68.1,75.8,65.0,2258,28,0.04,0.09,72.0,72.6,8.5,4.25,73.7,Star,1
PLR-3509,Theo Traore #2610,Belgium,Bundesliga,Eintracht Frankfurt,Defender,24,180,86,Right,Medium,Medium,79.8,92.1,95.9,99.0,79.2,89.8,77.7,62.4,81.8,79.8,78.7,59.0,79.4,95.1,98.3,95.8,79.4,84.3,89.9,59.3,1728,22,0.0,0.11,72.0,94.0,10.74,56.84,91.7,Elite,2
PLR-3510,Ruben Saka #2611,Spain,Bundesliga,RB Leipzig,Forward,20,189,73,Right,High,Medium,60.0,62.0,55.0,51.8,64.6,52.0,60.8,60.0,50.0,42.0,45.0,62.0,61.6,33.2,36.4,22.0,45.0,48.0,40.0,84.8,2726,34,0.24,0.03,65.0,40.0,8.8,0.5,56.2,Developing,0
PLR-3511,Alphonso Hernandez #2612,Canada,Serie A,Juventus,Defender,25,180,86,Left,High,Medium,71.2,57.6,74.9,82.8,71.6,70.9,61.2,55.2,67.2,64.2,57.7,34.6,59.0,82.5,86.2,82.6,57.2,79.9,76.2,69.7,1656,21,0.01,0.13,72.0,81.6,8.69,18.5,82.4,Elite,2
PLR-3512,Theo Sato #2613,England,La Liga,Athletic Club,Midfielder,24,175,72,Right,High,Medium,73.9,71.4,82.7,60.9,73.7,70.4,76.2,79.8,86.8,79.0,79.2,65.3,77.8,75.0,68.2,65.9,87.2,75.0,66.1,74.5,2914,37,0.14,0.72,77.3,57.7,10.05,13.1,80.0,Star,1
PLR-3513,Antony Silva #2614,Senegal,Bundesliga,Borussia Dortmund,Midfielder,21,191,77,Right,Medium,Medium,70.4,72.6,92.9,75.0,70.7,63.5,79.9,74.6,82.8,87.0,79.8,77.6,76.8,71.5,69.5,58.0,75.8,70.1,74.3,65.8,705,9,0.16,0.55,75.5,62.4,12.13,14.37,80.4,Star,1
PLR-3514,Theo Williams #2615,Colombia,La Liga,Real Sociedad,Midfielder,20,178,80,Right,Medium,Medium,73.4,73.4,89.9,71.9,75.3,76.4,78.8,78.0,82.2,85.0,76.5,72.5,86.0,60.8,60.0,56.9,82.0,69.8,75.9,74.3,2073,26,0.2,0.5,75.0,52.0,11.89,15.09,81.9,Star,1
PLR-3515,Eduardo Alvarez #2616,Spain,La Liga,Girona,Goalkeeper,20,193,77,Right,Medium,High,35.3,44.1,40.0,65.3,47.1,60.8,32.9,28.6,40.0,47.9,20.9,23.9,49.6,36.6,22.1,20.2,49.2,55.7,63.0,70.3,2449,31,0.0,0.01,48.0,50.0,3.8,4.22,67.6,Developing,0
PLR-3516,David Valverde #2617,Colombia,Bundesliga,Eintracht Frankfurt,Forward,19,182,71,Right,Medium,Medium,63.2,65.3,55.0,50.8,64.3,56.4,68.4,67.1,67.1,59.2,59.5,74.4,64.1,35.5,29.8,31.3,56.0,57.2,66.5,67.7,2284,29,0.32,0.18,65.0,40.0,8.8,0.53,66.0,Developing,0
PLR-3517,Nicolo Camavinga #2618,Morocco,La Liga,Athletic Club,Midfielder,25,170,77,Right,High,Medium,69.3,76.8,84.2,74.7,89.0,66.7,79.7,75.0,89.9,84.8,76.0,66.4,73.2,59.5,65.2,56.7,86.1,78.0,60.9,81.6,2229,28,0.06,0.76,81.7,52.0,,11.31,80.6,Star,1
PLR-3518,Vinicius Kim #2619,Morocco,Premier League,Arsenal,Defender,25,176,74,Right,Medium,High,60.2,61.9,74.9,72.5,62.4,74.8,60.5,53.2,59.5,61.7,46.0,37.9,57.0,80.7,74.4,72.5,65.0,68.7,72.7,68.7,1079,13,0.03,0.01,72.0,66.8,8.92,6.26,74.2,Star,1
PLR-3519,Nicolo Silva #2620,Ghana,Bundesliga,RB Leipzig,Defender,22,185,93,Right,Medium,Medium,65.3,65.9,80.5,82.9,60.7,79.2,62.6,57.1,61.6,60.1,48.6,37.3,57.3,72.1,79.3,81.7,56.6,62.9,64.7,72.3,884,11,0.05,0.06,72.0,71.6,8.5,9.88,75.1,Star,1
PLR-3520,Mike Kim #2621,Norway,Ligue 1,Rennes,Defender,33,176,91,Right,Medium,Medium,69.9,69.6,76.2,87.5,63.7,76.9,68.6,69.3,,64.8,54.2,34.1,65.7,86.8,93.5,83.5,71.7,76.1,75.3,68.5,2780,35,0.06,0.04,72.0,87.7,8.92,8.7,82.8,Elite,2
PLR-3521,Eduardo Hakimi #2622,Uruguay,La Liga,Atletico Madrid,Forward,30,167,80,Right,High,Medium,86.0,86.1,73.0,71.9,74.7,84.3,85.1,83.2,70.9,67.7,80.9,95.0,90.0,46.9,32.7,34.3,72.5,88.3,63.5,75.3,1624,20,0.72,0.2,65.0,40.0,9.07,17.77,86.8,Elite,2
PLR-3522,Osimhen Smith #2623,Portugal,Premier League,Arsenal,Midfielder,28,189,72,Left,Medium,Low,72.5,81.9,79.0,73.7,69.1,60.8,81.4,83.5,84.6,82.2,70.9,74.4,75.8,65.4,72.4,52.6,82.4,75.4,74.4,74.4,2327,29,0.19,0.7,76.0,62.7,10.71,13.39,81.4,Star,1
PLR-3523,Florian Rice #2624,South Korea,Serie A,Lazio,Midfielder,31,172,73,Left,Low,Low,68.2,64.6,69.4,63.5,70.3,63.0,72.7,66.7,78.4,74.8,67.8,60.7,75.0,56.7,60.9,55.1,71.4,61.4,53.4,86.6,2381,30,0.14,0.44,75.0,52.0,9.8,0.5,71.7,Star,1
PLR-3524,Leo Hakimi #2625,Netherlands,Premier League,Arsenal,Defender,30,187,79,Right,Medium,High,52.4,50.0,58.0,62.8,52.8,62.2,50.9,48.9,52.0,48.0,53.3,33.2,57.3,65.0,70.0,62.0,52.6,62.3,63.1,78.4,2577,33,0.0,0.01,72.0,67.8,8.5,0.5,62.4,Developing,0
PLR-3525,Thibaut Kroos #2626,Japan,Premier League,Aston Villa,Forward,22,173,78,Right,High,High,84.4,84.6,74.2,79.5,79.9,75.0,86.7,76.7,77.2,55.1,65.6,90.7,81.6,37.3,44.5,40.4,64.9,75.9,68.2,78.5,1739,22,0.58,0.33,65.0,40.0,9.11,18.71,82.0,Elite,2
PLR-3526,Son Schmidt #2627,Colombia,Ligue 1,Nice,Forward,28,185,76,Left,Low,Medium,77.6,86.0,67.3,63.7,76.8,62.9,78.7,82.6,74.9,60.6,63.9,80.4,81.4,39.0,25.0,30.8,72.8,74.0,67.2,76.8,2106,27,0.41,0.37,65.0,40.0,8.8,11.25,80.5,Star,1
PLR-3527,Virgil Valverde #2628,Senegal,Serie A,Juventus,Goalkeeper,32,193,81,Right,High,High,46.1,48.8,55.6,71.7,60.6,74.7,45.5,37.2,40.0,62.3,26.5,25.9,59.8,40.8,28.0,21.7,66.1,80.0,66.0,72.0,2369,30,0.0,0.0,48.0,50.0,4.22,20.71,89.3,Elite,2
PLR-3528,Trent Foden #2629,Canada,La Liga,Real Madrid,Forward,18,183,84,Right,Low,Medium,61.3,64.4,58.5,56.5,72.9,61.1,66.3,70.1,53.7,47.4,58.1,78.1,69.9,31.8,27.2,37.5,46.9,57.4,58.1,81.1,1816,23,0.38,0.05,65.0,40.0,8.8,4.15,68.4,Developing,0
PLR-3529,Bruno Davies #2630,Brazil,Bundesliga,Bayern Munich,Goalkeeper,23,188,76,Right,Medium,Medium,35.0,36.9,42.6,56.2,49.0,69.0,34.9,25.0,42.8,47.5,29.7,21.1,45.0,25.4,18.0,15.5,57.9,61.2,50.8,82.4,630,8,0.0,0.0,48.0,50.0,3.8,1.04,65.5,Developing,0
PLR-3530,David Foden #2631,England,La Liga,Real Madrid,Defender,25,182,75,Left,High,Medium,59.6,61.7,62.0,73.4,62.1,78.4,61.9,62.6,55.3,59.9,43.9,42.7,63.2,76.5,81.1,78.8,66.5,64.4,66.1,75.9,3252,38,0.22,0.12,72.0,75.5,8.5,8.25,76.6,Star,1
PLR-3531,Aurélien Courtois #2632,Germany,Bundesliga,Bayer Leverkusen,Defender,26,184,86,Right,Medium,Medium,72.3,80.0,82.3,88.6,71.3,85.3,71.1,74.5,67.0,71.6,53.5,39.4,69.7,82.5,89.4,87.7,71.5,79.5,81.1,72.4,2203,28,0.05,0.09,72.0,84.4,9.6,29.34,87.2,Elite,2
PLR-3532,Cole Davies #2633,Portugal,La Liga,Real Madrid,Midfielder,23,170,75,Right,High,Low,82.6,76.9,93.5,70.1,77.9,64.4,84.6,79.3,86.5,95.3,75.6,72.3,78.4,75.7,63.1,61.0,86.5,80.1,67.1,63.1,2875,36,0.16,0.76,80.9,52.7,12.01,23.45,84.2,Elite,2
PLR-3533,Noah Diallo #2634,Colombia,Premier League,Tottenham,Forward,18,179,80,Right,High,High,75.1,82.8,76.2,67.3,84.6,62.2,76.5,84.6,72.8,69.3,71.1,77.9,79.6,42.0,49.5,41.1,57.6,62.7,73.3,72.4,2411,30,0.35,0.26,65.0,40.0,8.8,9.93,76.8,Star,1
PLR-3534,Alejandro Donnarumma #2635,Nigeria,Ligue 1,Monaco,Defender,29,190,76,Right,High,Medium,75.4,69.5,76.8,77.4,71.9,72.8,72.8,60.6,69.2,67.6,62.4,46.5,65.3,83.6,83.7,75.6,74.6,73.0,80.4,63.9,1314,16,0.0,0.03,72.0,77.6,9.09,11.75,78.7,Star,1
PLR-3535,Son Haaland #2636,England,Bundesliga,RB Leipzig,Defender,24,176,77,Right,High,Medium,54.8,50.0,66.4,66.3,58.0,61.1,52.1,44.1,58.6,59.2,53.3,44.3,56.9,66.2,75.4,69.1,56.5,60.7,61.5,70.6,2961,37,0.02,0.02,72.0,69.3,8.5,1.18,68.4,Developing,0
PLR-3536,Khvicha Garcia #2637,Norway,Ligue 1,Monaco,Defender,29,197,83,Right,Medium,Medium,71.1,65.2,66.7,73.7,67.7,76.6,70.5,58.4,58.1,68.2,58.0,42.1,64.5,74.6,84.5,72.4,65.8,68.8,68.1,67.4,909,11,0.03,0.08,72.0,79.9,8.5,3.89,74.3,Star,1
PLR-3537,Son Traore #2638,Morocco,Serie A,Napoli,Forward,26,191,72,Right,High,Medium,82.4,85.4,70.7,76.6,80.7,76.8,84.2,82.5,69.9,64.8,79.8,89.5,93.1,42.8,34.0,32.2,69.8,72.1,70.6,63.8,2231,28,0.65,0.23,65.0,40.0,8.99,16.0,84.3,Elite,2
PLR-3538,Vinicius Moreno #2639,Senegal,Ligue 1,Monaco,Defender,25,181,80,Right,High,High,69.5,57.3,70.6,70.9,56.5,63.7,56.2,53.1,63.7,52.4,47.3,34.9,53.9,78.3,79.0,69.4,54.6,65.6,69.5,73.2,2060,26,0.02,0.05,72.0,70.8,8.79,3.21,72.7,Star,1
PLR-3539,Darwin Rodriguez #2640,Colombia,Ligue 1,Rennes,Defender,32,186,68,Left,Medium,Medium,61.4,71.8,83.4,86.5,71.2,74.5,62.2,65.5,73.8,71.8,63.6,39.6,66.8,96.4,88.9,81.7,69.8,78.6,77.3,67.3,1733,22,0.02,0.14,72.0,81.3,9.38,14.16,85.2,Elite,2
PLR-3540,Leo Courtois #2641,Portugal,Bundesliga,RB Leipzig,Defender,23,177,72,Left,High,Medium,81.1,73.9,74.0,76.4,63.2,82.4,66.5,53.5,70.4,67.0,58.3,45.9,76.7,79.4,91.7,84.0,71.6,78.9,82.1,67.0,1598,20,0.01,0.03,72.0,85.8,9.2,18.09,82.9,Elite,2
PLR-3541,Julian Bellingham #2642,South Korea,Serie A,Fiorentina,Defender,22,183,78,Right,High,Medium,71.5,72.3,82.7,84.2,68.8,85.1,75.2,64.9,70.9,72.9,59.6,44.6,63.9,82.3,92.5,88.4,67.3,74.7,85.3,74.6,2257,28,0.02,0.11,72.0,84.5,8.95,23.33,84.5,Elite,2
PLR-3542,Julian Barella #2643,Italy,Ligue 1,Marseille,Defender,22,182,74,Right,High,Medium,86.3,62.0,80.4,77.9,77.4,85.1,71.4,62.6,,68.6,63.1,36.9,66.9,80.3,93.0,93.2,57.6,73.3,78.8,69.3,1514,19,0.01,0.16,72.0,88.4,9.7,32.19,86.9,Elite,2
PLR-3543,Son Mbappe #2644,Croatia,Bundesliga,Borussia Dortmund,Midfielder,27,177,70,Right,High,High,79.3,80.7,83.8,82.8,79.2,69.9,88.0,86.8,94.7,87.0,79.6,79.5,78.5,63.5,72.9,62.5,82.6,79.3,81.0,,2263,29,0.22,0.68,84.6,59.1,10.87,21.11,86.5,Elite,2
PLR-3544,Eduardo Haaland #2645,Nigeria,Bundesliga,Bayern Munich,Forward,22,176,83,Right,Low,Medium,82.8,85.0,85.6,75.4,72.0,72.6,84.7,85.2,74.7,68.4,68.4,90.6,83.1,45.6,37.5,33.1,72.1,78.0,79.6,69.7,2816,36,0.73,0.25,68.1,40.0,9.67,33.46,86.7,Elite,2
PLR-3545,Alexis Williams #2646,Argentina,Ligue 1,Lyon,Midfielder,27,184,70,Right,High,High,79.3,75.4,90.0,73.0,78.3,71.0,85.5,82.9,86.2,82.3,67.6,73.1,77.7,79.5,70.8,61.0,86.0,75.6,75.6,63.0,1427,18,0.22,0.79,78.1,57.5,12.04,19.13,84.2,Elite,2
PLR-3546,Jude Fernandez #2647,Brazil,Ligue 1,Rennes,Forward,23,171,65,Right,High,High,74.6,80.4,67.6,60.9,70.5,76.1,75.3,80.4,66.0,52.1,66.7,77.0,77.7,30.0,29.1,31.3,65.5,63.7,51.5,82.5,1737,22,0.33,0.23,65.0,40.0,8.8,9.43,76.1,Star,1
PLR-3547,Jamal Valverde #2648,Nigeria,La Liga,Villarreal,Midfielder,27,180,77,Left,High,Medium,66.5,61.3,70.5,62.8,75.8,59.1,70.3,70.5,79.3,69.7,63.9,56.9,67.3,56.1,60.4,55.6,73.1,56.8,67.5,66.2,3285,38,0.05,0.7,75.0,52.9,9.8,4.42,69.4,Developing,0
PLR-3548,Erling Davies #2649,England,Serie A,Juventus,Midfielder,22,179,76,Right,Low,Medium,69.4,74.0,77.7,66.9,75.9,57.8,75.6,76.8,82.2,85.9,77.7,66.5,67.9,63.2,64.7,56.0,88.1,71.7,69.8,75.0,1704,21,0.06,0.61,75.0,56.8,9.8,10.22,78.4,Star,1
PLR-3549,Bukayo Courtois #2650,Morocco,Ligue 1,Lyon,Forward,31,184,75,Right,Medium,Low,67.4,79.3,63.9,61.6,78.7,72.9,73.9,75.3,62.9,54.7,69.0,88.6,76.4,30.7,38.9,35.2,71.3,71.5,61.6,70.6,1365,17,0.67,0.25,65.0,40.0,8.8,3.21,76.9,Star,1
PLR-3550,Alisson Santos #2651,Ghana,Ligue 1,Paris Saint-Germain,Midfielder,36,178,79,Left,High,High,64.3,59.7,89.6,60.1,87.9,67.7,97.1,87.3,98.3,85.3,78.2,73.3,84.9,75.3,63.5,71.4,98.0,85.5,77.6,68.2,2091,26,0.21,0.85,90.9,53.7,,37.97,94.3,Elite,2
PLR-3551,Kevin Davies #2652,Canada,La Liga,Athletic Club,Forward,34,191,71,Left,High,Medium,75.7,80.7,70.0,64.1,84.1,76.0,81.4,93.6,79.7,69.5,71.5,86.5,77.9,47.4,34.4,32.4,83.9,85.9,60.5,77.1,1334,17,0.5,0.49,66.0,40.0,8.8,9.57,82.4,Elite,2
PLR-3552,Federico Mendes #2653,Ghana,Ligue 1,Paris Saint-Germain,Defender,23,189,72,Left,Medium,Medium,61.7,52.1,69.1,69.2,57.4,71.9,66.6,51.2,66.0,60.1,47.6,40.8,60.9,74.9,77.0,72.6,60.4,64.0,77.4,,2352,30,0.02,0.02,72.0,71.6,8.5,6.29,70.6,Developing,0
PLR-3553,Trent Tanaka #2654,England,Premier League,Manchester City,Goalkeeper,28,189,82,Left,Medium,Low,51.9,56.7,47.4,92.7,70.0,92.6,45.3,42.5,60.4,70.4,27.2,25.8,62.1,32.6,33.1,21.0,81.4,74.2,76.4,74.6,450,8,0.0,0.0,51.5,50.0,,44.26,91.6,Elite,2
PLR-3554,Mike Garcia #2655,Ghana,Bundesliga,Bayer Leverkusen,Forward,28,185,79,Left,Medium,Low,82.3,92.7,81.6,66.5,83.6,77.1,78.7,89.0,82.9,63.0,72.7,92.6,94.3,49.9,36.0,30.7,72.9,67.5,73.5,69.1,1602,20,0.67,0.34,65.0,40.0,9.79,15.5,84.2,Elite,2
PLR-3555,Aurélien Rice #2656,Colombia,Ligue 1,Monaco,Goalkeeper,22,189,82,Left,Medium,High,38.8,43.9,42.1,71.5,53.5,75.4,32.6,28.4,47.1,61.7,20.9,24.3,55.8,25.0,27.4,22.4,64.6,62.9,64.3,76.1,1542,19,0.0,0.02,50.5,50.0,3.97,6.82,73.4,Star,1
PLR-3556,William Rodri #2657,Nigeria,Bundesliga,Bayer Leverkusen,Midfielder,27,169,68,Right,Medium,Medium,63.8,68.2,79.7,65.5,61.9,63.0,73.2,68.8,77.4,85.4,67.7,60.9,63.8,59.4,49.7,59.8,74.3,66.6,57.6,71.8,1866,23,0.08,0.46,75.0,52.0,10.38,5.24,74.3,Star,1
PLR-3557,Khvicha Haaland #2658,Ghana,Premier League,Chelsea,Midfielder,27,182,62,Right,High,Medium,69.1,78.3,81.0,53.4,66.4,67.6,79.0,73.5,85.6,80.9,73.8,57.1,68.1,66.7,65.1,61.7,78.9,80.2,56.7,82.6,689,8,0.02,0.69,75.5,55.3,10.85,10.15,79.0,Star,1
PLR-3558,Trent Rice #2659,Brazil,Bundesliga,Bayer Leverkusen,Forward,27,179,78,Left,Medium,High,63.5,67.9,58.1,59.5,60.0,52.0,58.0,73.4,57.8,47.7,64.4,68.7,64.1,31.3,25.0,36.3,56.1,62.7,59.0,83.8,1802,23,0.23,0.17,65.0,40.0,8.8,0.83,65.9,Developing,0
PLR-3559,Ederson Mbappe #2660,Argentina,La Liga,Athletic Club,Midfielder,22,176,72,Left,Low,Medium,68.4,73.0,83.9,69.6,70.6,78.4,78.3,74.3,85.9,89.5,80.4,63.7,68.9,71.1,62.0,62.1,75.0,72.0,74.4,70.0,2800,35,0.11,0.58,78.4,52.0,10.99,8.67,77.6,Star,1
PLR-3560,Marcus Bastoni #2661,Italy,Serie A,AC Milan,Defender,21,189,89,Right,Medium,Medium,90.3,86.2,96.0,99.0,76.6,94.6,78.4,75.7,82.3,88.0,65.2,39.5,81.6,92.4,99.0,97.3,80.2,83.6,97.4,57.9,1697,21,0.02,0.19,72.6,92.8,9.58,74.16,94.1,Elite,2
PLR-3561,Jan Sato #2662,USA,Premier League,Newcastle,Defender,28,185,83,Right,High,Low,65.7,71.0,71.7,80.6,68.1,66.3,63.3,65.2,68.9,57.4,57.8,40.9,67.2,77.5,83.2,72.4,73.5,72.6,64.3,69.1,3420,38,0.0,0.02,72.0,72.5,,5.62,75.8,Star,1
PLR-3562,Thibaut Foden #2663,France,La Liga,Barcelona,Forward,20,184,83,Right,Medium,Medium,68.2,65.9,55.1,60.3,60.1,64.4,73.8,67.4,59.0,54.5,61.1,72.8,60.8,42.7,38.3,22.0,45.0,62.8,57.7,77.8,1240,15,0.38,0.14,65.0,40.0,8.8,3.65,68.0,Developing,0
PLR-3563,William Saka #2664,Croatia,La Liga,Villarreal,Forward,25,190,72,Right,High,High,90.3,89.6,67.7,70.8,71.1,72.6,83.8,70.0,70.9,55.4,63.4,90.1,79.4,43.8,42.2,38.9,69.1,77.6,72.7,77.3,2187,28,0.58,0.36,65.0,40.0,8.8,14.03,81.7,Star,1
PLR-3564,Dominik Foden #2665,Norway,Premier League,Aston Villa,Midfielder,21,176,72,Right,Medium,Medium,64.0,74.8,75.2,59.0,74.3,74.2,79.9,66.0,79.9,83.3,67.8,55.7,69.0,60.1,57.0,58.5,66.3,60.7,64.4,78.8,2161,27,0.12,0.5,75.0,52.0,10.08,4.83,71.8,Star,1
PLR-3565,Alessandro Rodriguez #2666,Canada,Serie A,Inter Milan,Midfielder,23,181,62,Right,Medium,Low,66.7,70.8,86.3,61.0,72.1,61.5,73.2,75.6,81.9,72.5,66.4,74.8,70.0,59.1,54.3,63.0,71.4,68.4,51.7,75.9,2261,28,0.19,0.58,75.6,52.0,11.24,8.8,76.5,Star,1
PLR-3566,Ruben Hakimi #2667,Netherlands,Premier League,Manchester United,Forward,28,172,74,Right,Low,Medium,70.1,66.9,61.5,56.3,60.0,54.6,63.5,60.9,53.4,51.3,49.9,69.6,60.4,30.0,29.7,29.0,53.2,54.0,64.0,72.7,2047,26,0.22,0.02,65.0,40.0,8.8,2.6,66.0,Developing,0
PLR-3567,Thibaut Bastoni #2668,Argentina,Bundesliga,RB Leipzig,Midfielder,27,179,69,Right,Medium,Medium,84.6,83.0,95.2,71.8,80.6,76.8,86.0,87.2,96.1,86.4,80.7,74.8,86.9,65.0,73.1,62.8,92.4,82.0,76.2,67.6,2174,27,0.26,0.85,81.8,66.5,11.77,33.73,89.8,Elite,2
PLR-3568,Mateo Modric #2669,Nigeria,Ligue 1,Rennes,Defender,24,188,79,Right,High,High,61.3,61.4,58.0,79.6,56.2,71.0,57.9,54.9,64.9,57.9,54.8,30.0,62.5,72.5,78.9,76.2,71.6,65.9,73.8,70.6,580,8,0.05,0.01,72.0,72.0,8.5,9.19,74.4,Star,1
PLR-3569,Alisson Smith #2670,France,Ligue 1,Marseille,Goalkeeper,27,193,92,Left,Medium,High,55.8,66.9,48.6,92.6,67.6,85.9,45.8,37.4,59.0,62.7,22.9,30.7,75.9,45.1,25.6,30.6,78.5,80.3,83.8,65.7,2623,33,0.0,0.0,48.0,50.0,3.8,42.49,91.3,Elite,2
PLR-3570,Nicolo Haaland #2671,Argentina,Ligue 1,Nice,Midfielder,28,182,70,Right,Medium,Medium,65.6,56.8,66.7,48.0,59.5,47.1,62.0,64.1,65.8,68.5,57.3,48.0,58.5,51.9,46.5,44.6,58.2,49.9,45.9,85.7,3271,38,0.02,0.28,75.0,52.0,9.8,3.54,59.3,Developing,0
PLR-3571,Alexis Tchouameni #2672,Nigeria,La Liga,Girona,Goalkeeper,30,196,80,Left,Medium,High,51.6,44.9,40.0,74.9,59.3,77.8,36.4,38.5,51.0,47.9,20.0,25.1,74.3,28.1,28.5,15.0,69.7,75.8,66.9,71.5,1775,22,0.0,0.0,48.0,50.0,3.8,5.46,77.8,Star,1
PLR-3572,Jude Hernandez #2673,Croatia,Ligue 1,Nice,Midfielder,28,169,70,Right,High,High,66.7,77.3,82.5,64.6,74.5,69.0,75.1,70.1,81.3,77.3,69.8,72.1,66.6,66.0,61.6,50.6,77.5,69.6,56.4,68.6,1172,15,0.14,0.56,75.7,52.0,10.89,8.17,78.0,Star,1
PLR-3573,Dominik Barella #2674,Morocco,Ligue 1,Rennes,Midfielder,30,171,62,Right,Low,High,71.9,68.9,84.0,63.7,78.6,65.1,85.6,75.1,86.3,79.5,75.8,66.2,71.4,69.0,64.2,56.6,79.7,78.0,61.1,67.1,1676,21,0.11,0.59,78.3,52.8,10.78,8.35,81.5,Star,1
PLR-3574,Alisson Mueller #2675,Croatia,Ligue 1,Marseille,Forward,23,174,79,Right,Medium,Medium,70.0,62.0,67.8,59.6,61.6,64.2,61.1,69.0,66.6,49.8,63.3,78.2,78.9,40.0,34.5,26.7,58.3,68.6,64.5,78.1,1228,15,0.4,0.17,65.0,40.0,8.8,5.59,71.5,Star,1
PLR-3575,Pedri Saliba #2676,Senegal,Bundesliga,VfB Stuttgart,Defender,29,188,90,Right,Medium,Medium,70.2,71.8,81.7,91.9,69.1,79.3,71.6,68.8,73.4,71.2,59.6,41.4,63.3,88.5,85.2,78.7,68.4,73.0,78.1,73.9,1273,16,0.03,0.1,72.0,81.8,8.75,17.02,82.5,Elite,2
PLR-3576,Eduardo Saka #2677,Canada,Serie A,Lazio,Goalkeeper,33,191,85,Right,Low,High,48.4,45.9,41.2,78.6,57.6,67.7,44.9,26.7,44.5,54.3,38.0,22.4,56.5,31.6,27.2,24.7,76.4,72.7,66.4,81.4,2255,28,0.0,0.0,48.0,50.0,3.8,4.03,73.3,Star,1
PLR-3577,Lucas Smith #2678,Argentina,Ligue 1,Monaco,Midfielder,20,168,75,Right,Low,High,66.1,58.8,74.4,68.0,66.3,59.9,75.8,73.2,75.5,72.2,68.7,53.6,61.1,52.1,56.2,62.0,75.4,58.2,43.0,86.3,736,9,0.08,0.49,75.0,52.0,9.91,4.01,72.4,Star,1
PLR-3578,Ederson Bastoni #2679,Spain,Bundesliga,RB Leipzig,Midfielder,25,175,70,Right,Low,Medium,75.9,67.7,73.5,66.7,77.5,64.8,82.3,75.7,77.9,79.0,79.9,61.7,70.8,67.2,65.1,53.5,85.2,65.4,55.1,75.7,1469,18,0.11,0.73,75.0,56.5,10.07,9.7,78.1,Star,1
PLR-3579,Takefusa Bastoni #2680,Colombia,Bundesliga,VfB Stuttgart,Defender,30,181,75,Right,High,Medium,68.3,77.8,76.5,75.4,71.8,75.3,76.8,69.9,70.6,64.0,57.4,48.9,60.1,89.8,93.8,85.0,63.7,73.5,75.2,72.8,1370,17,0.01,0.08,72.0,84.7,8.56,10.99,83.2,Elite,2
PLR-3580,Jan Barella #2681,France,La Liga,Barcelona,Forward,28,193,78,Right,Medium,High,80.8,78.2,67.0,63.6,73.6,71.8,69.7,73.8,69.5,57.0,65.5,82.8,74.2,34.4,45.1,33.6,70.9,77.0,64.4,73.5,2169,27,0.26,0.25,65.0,40.0,8.8,5.83,76.3,Star,1
PLR-3581,Noah Smith #2682,France,Serie A,Inter Milan,Defender,27,190,82,Right,Medium,High,86.7,75.1,73.4,89.2,65.9,74.7,69.0,71.1,72.4,66.6,54.0,50.3,72.7,89.1,87.6,91.6,72.4,68.2,87.7,60.7,1157,14,0.01,0.01,72.0,80.2,8.72,24.41,86.3,Elite,2
PLR-3582,William Kroos #2683,Canada,Premier League,Aston Villa,Midfielder,25,166,81,Right,Medium,High,74.1,77.1,88.3,74.7,78.8,81.2,87.1,80.7,91.3,87.7,86.4,69.2,77.7,67.8,62.1,64.4,89.2,81.4,67.3,65.8,3174,38,0.1,0.73,79.1,53.5,11.66,21.01,84.8,Elite,2
PLR-3583,Alejandro Rodriguez #2684,Italy,Premier League,Aston Villa,Midfielder,20,167,71,Right,High,Low,64.4,63.1,84.9,61.0,68.2,71.3,79.9,76.1,87.7,82.3,79.4,67.9,76.9,57.5,67.4,56.0,72.7,70.3,61.7,72.6,2501,32,0.04,0.67,78.7,59.2,10.66,7.82,76.6,Star,1
PLR-3584,Kaoru Hernandez #2685,Canada,Bundesliga,Bayer Leverkusen,Midfielder,23,179,62,Right,Medium,Medium,62.6,58.0,66.2,50.9,60.5,64.8,64.1,62.8,72.0,76.6,63.8,64.3,68.2,55.8,49.8,55.0,64.7,59.6,58.8,65.7,2160,27,0.12,0.36,75.0,52.0,9.8,3.33,65.6,Developing,0
PLR-3585,Carlos Kim #2686,Croatia,Serie A,Lazio,Midfielder,27,180,74,Right,Medium,High,80.4,56.7,79.9,63.0,64.1,59.4,72.1,67.5,78.4,73.6,68.1,62.9,63.1,58.0,58.0,55.4,70.5,69.8,56.2,78.2,1715,21,0.03,0.46,75.0,52.0,10.42,2.53,74.2,Star,1
PLR-3586,Ederson Saliba #2687,Ghana,Premier League,Aston Villa,Forward,28,184,83,Right,Low,Low,79.5,80.7,,69.4,79.0,65.1,75.8,73.8,63.7,56.2,61.5,82.8,70.6,36.7,25.0,22.0,60.7,74.9,71.0,74.3,3192,38,0.5,0.05,65.0,40.0,8.97,7.03,73.7,Star,1
PLR-3587,Victor De Bruyne #2688,Spain,Ligue 1,Paris Saint-Germain,Defender,28,187,75,Right,Medium,Medium,73.6,59.7,61.3,69.1,56.5,80.2,56.3,52.2,57.0,57.0,52.4,30.0,56.9,71.1,76.3,77.6,55.9,62.2,76.7,71.8,3420,38,0.13,0.07,72.0,75.4,8.5,6.0,75.2,Star,1
PLR-3588,Cole Saliba #2689,South Korea,Serie A,Roma,Forward,27,180,75,Right,Medium,Medium,77.5,78.6,55.8,70.0,68.6,67.8,68.4,72.1,66.8,61.4,60.5,77.3,66.9,44.1,25.0,22.0,57.0,59.9,57.5,73.3,1172,15,0.45,0.15,65.0,40.0,8.8,2.98,70.2,Developing,0
PLR-3589,Jude Fernandez #2690,England,Premier League,Newcastle,Defender,21,188,91,Right,Medium,Medium,52.2,56.1,65.6,81.4,60.5,68.3,68.4,53.5,59.2,60.0,52.6,34.1,63.7,71.2,77.6,71.8,56.4,57.3,70.5,70.4,2001,25,0.06,0.01,72.0,69.4,8.5,7.06,71.8,Star,1
PLR-3590,Luka Tanaka #2691,South Korea,Premier League,Newcastle,Defender,29,185,73,Right,High,High,72.4,55.9,73.4,70.7,62.2,79.8,58.1,64.2,66.8,57.3,53.4,44.2,57.3,74.4,73.5,75.0,65.3,72.0,68.7,67.9,2570,32,0.01,0.02,72.0,72.5,8.7,6.23,74.3,Star,1
PLR-3591,Alisson De Bruyne #2692,Uruguay,Bundesliga,RB Leipzig,Defender,27,174,73,Left,High,High,63.8,66.6,,73.1,53.5,69.3,50.0,57.0,,61.1,54.5,30.0,63.4,72.7,72.0,74.6,59.9,59.7,62.9,85.0,1823,23,0.04,0.05,72.0,65.5,8.5,3.45,71.2,Star,1
PLR-3592,Rodri Kim #2693,Uruguay,Serie A,Fiorentina,Midfielder,24,182,72,Right,Medium,High,60.9,67.1,78.2,71.0,75.2,68.2,76.9,72.3,85.0,77.2,69.4,60.7,72.4,59.9,62.3,55.2,80.0,69.1,66.1,69.1,2684,34,0.06,0.67,76.2,56.1,10.7,10.4,77.6,Star,1
PLR-3593,Nicolo Saliba #2694,South Korea,Ligue 1,Paris Saint-Germain,Midfielder,30,189,72,Left,Medium,High,66.4,76.9,84.3,72.6,85.7,75.6,84.0,80.1,81.6,82.7,82.8,76.9,85.2,64.4,66.3,56.4,81.1,80.1,84.4,66.3,2104,26,0.22,0.69,77.8,58.9,11.82,7.22,80.1,Star,1
PLR-3594,Leo Musiala #2695,Norway,Premier League,Liverpool,Forward,32,177,75,Left,High,Medium,71.6,80.3,78.4,71.8,81.6,79.1,85.6,81.9,73.5,64.3,74.9,91.5,88.0,46.6,43.6,39.9,72.5,78.7,74.0,84.1,2154,27,0.49,0.43,65.6,40.0,8.97,13.82,84.2,Elite,2
PLR-3595,Erling Rodriguez #2696,Germany,Ligue 1,Marseille,Defender,25,185,80,Right,High,Medium,70.9,66.5,81.0,83.1,75.0,86.7,62.0,69.4,69.9,70.4,60.8,37.3,64.3,89.1,87.4,78.3,74.4,76.8,71.5,74.9,1042,13,0.02,0.12,72.0,77.0,10.31,16.35,83.2,Elite,2
PLR-3596,David Rodriguez #2697,Netherlands,La Liga,Real Madrid,Forward,32,191,83,Left,High,High,73.6,73.0,72.6,58.1,71.2,59.7,81.0,80.7,66.4,52.4,71.7,80.5,78.1,40.1,36.5,30.0,72.4,72.5,63.0,67.2,2064,26,0.55,0.38,65.0,40.0,8.8,5.78,76.7,Star,1
PLR-3597,Nicolo Oblak #2698,Nigeria,Premier League,Newcastle,Midfielder,22,179,76,Right,Medium,High,72.4,81.0,90.9,66.1,79.9,66.8,87.3,76.3,84.3,84.7,76.6,75.1,70.8,61.1,66.6,65.6,82.6,74.7,77.8,78.4,2153,27,0.23,0.68,75.0,54.6,11.94,18.64,82.4,Elite,2
PLR-3598,Dominik Saliba #2699,Netherlands,Ligue 1,Monaco,Midfielder,21,174,67,Right,Medium,Medium,58.7,61.8,65.2,57.1,66.1,61.8,64.8,58.0,,73.9,57.4,53.6,59.1,47.8,42.3,57.6,64.5,61.8,60.2,75.7,897,11,0.02,0.26,75.0,52.0,9.8,2.02,61.7,Developing,0
PLR-3599,Luka Davies #2700,Croatia,Serie A,AC Milan,Forward,23,172,70,Right,High,Medium,86.9,93.5,74.7,74.1,80.6,79.8,85.5,92.3,73.5,70.4,76.3,89.6,80.2,34.8,38.5,32.0,71.6,76.5,67.9,,1299,16,0.58,0.33,65.0,40.0,9.39,30.22,86.2,Elite,2
PLR-3600,Noah Traore #2701,Portugal,Bundesliga,Borussia Dortmund,Midfielder,23,188,74,Right,Low,Medium,55.6,56.0,72.5,56.6,58.8,54.6,65.9,58.3,67.9,63.4,52.6,59.6,59.1,47.7,52.3,47.1,67.9,62.8,54.5,77.1,2494,31,0.09,0.4,75.0,52.0,10.01,6.49,63.6,Developing,0
PLR-3601,Jude Rodriguez #2702,Belgium,La Liga,Athletic Club,Forward,34,180,80,Right,High,High,81.5,85.5,86.1,78.9,81.1,80.0,84.5,88.7,79.1,64.3,74.4,92.5,86.5,47.1,45.5,36.7,75.5,85.2,77.1,71.1,1247,15,0.7,0.3,65.4,40.0,9.88,13.56,85.9,Elite,2
PLR-3602,Khvicha Williams #2703,Japan,La Liga,Barcelona,Defender,23,184,71,Right,Low,High,62.7,68.1,65.1,76.6,61.2,65.7,50.0,47.5,61.6,51.5,40.0,37.7,48.0,70.0,71.6,63.9,61.0,65.8,53.0,88.3,2542,32,0.02,0.01,72.0,69.8,8.5,2.63,68.7,Developing,0
PLR-3603,Mateo Garcia #2704,England,Ligue 1,Lyon,Midfielder,22,187,70,Right,High,Medium,71.0,72.2,73.2,56.4,66.2,59.3,70.8,66.2,72.9,78.6,69.1,61.6,61.7,64.1,51.4,57.3,74.8,63.2,54.4,79.1,1813,23,0.02,0.62,75.0,52.0,10.11,7.32,71.1,Star,1
PLR-3604,Kylian Moreno #2705,USA,La Liga,Barcelona,Forward,28,172,83,Right,High,Low,72.2,78.5,68.5,55.5,77.4,72.7,76.5,74.6,69.0,57.6,57.4,80.5,65.9,32.8,30.4,31.8,71.1,67.3,71.7,60.6,1566,20,0.42,0.27,65.0,40.0,8.8,6.1,72.3,Star,1
PLR-3605,Alexis Smith #2706,Nigeria,Ligue 1,Lyon,Midfielder,29,174,75,Right,High,Medium,67.7,56.0,65.5,56.5,63.8,58.2,66.8,59.3,68.5,69.4,59.0,57.2,63.8,53.2,52.0,46.3,68.3,62.4,58.4,76.2,2916,37,0.05,0.34,75.0,52.0,9.8,0.5,65.2,Developing,0
PLR-3606,Alejandro De Bruyne #2707,USA,Premier League,Manchester City,Forward,23,190,72,Right,Medium,High,74.8,69.1,57.9,58.9,70.4,58.4,66.8,72.8,57.7,63.2,65.5,71.5,72.1,35.8,34.6,29.0,54.6,59.5,71.5,61.9,529,8,0.3,0.05,65.0,40.0,8.8,6.94,70.3,Developing,0
PLR-3607,Son Maignan #2708,Germany,Premier League,Liverpool,Forward,24,183,71,Right,Medium,Medium,73.5,75.2,60.2,59.5,68.0,74.4,72.5,72.3,62.1,50.6,56.8,77.5,71.2,41.3,27.5,31.1,63.1,63.3,66.8,67.9,2462,31,0.36,0.25,65.0,40.0,8.8,4.92,72.2,Star,1
PLR-3608,Alessandro Bastoni #2709,Norway,Bundesliga,Bayer Leverkusen,Defender,23,180,77,Left,Medium,Medium,55.3,61.7,58.8,67.8,48.0,58.0,57.9,51.0,52.0,53.9,40.0,30.0,50.7,65.0,72.6,63.6,52.3,56.7,64.8,71.8,450,8,0.02,0.06,72.0,70.9,8.5,2.58,65.2,Developing,0
PLR-3609,Victor Santos #2710,Ghana,Premier League,Liverpool,Forward,23,175,72,Right,Low,Medium,63.9,65.8,55.2,59.0,73.6,56.7,66.0,69.1,63.8,47.2,52.2,76.5,66.7,42.7,39.2,22.0,58.3,67.9,60.2,69.0,1956,25,0.26,0.16,65.0,40.0,8.8,5.37,69.1,Developing,0
PLR-3610,William Kroos #2711,Nigeria,Bundesliga,Borussia Dortmund,Defender,27,187,70,Left,Medium,Medium,64.7,61.0,71.2,67.4,60.8,70.9,60.1,47.5,67.2,64.5,54.4,46.0,62.5,79.8,83.1,78.7,65.1,64.6,74.1,69.1,1614,20,0.06,0.04,72.0,72.6,8.5,7.79,74.5,Star,1
PLR-3611,Kylian Mueller #2712,Colombia,Premier League,Arsenal,Forward,21,176,83,Right,High,Medium,66.4,62.0,56.8,53.3,70.7,55.6,68.7,60.0,57.4,46.7,57.6,68.2,58.0,36.0,28.0,25.5,52.0,58.8,48.7,89.9,2432,31,0.25,0.05,65.0,40.0,8.8,4.45,63.4,Developing,0
PLR-3612,Alessandro Bellingham #2713,Spain,Premier League,Aston Villa,Forward,25,186,85,Left,High,Medium,84.9,98.1,69.3,81.9,79.9,82.5,86.9,98.8,74.4,67.1,78.5,89.5,85.4,55.6,41.8,32.0,78.1,83.4,84.0,57.2,2889,37,0.6,0.38,65.0,40.0,8.8,30.97,88.6,Elite,2
PLR-3613,Thibaut Diallo #2714,Senegal,Serie A,Atalanta,Defender,25,187,83,Left,Medium,Medium,76.2,69.3,81.8,88.5,72.4,85.9,64.9,66.9,79.4,71.0,64.7,44.0,66.4,94.2,87.7,84.6,76.0,81.2,89.0,55.9,2987,38,0.01,0.11,72.0,75.8,9.24,24.77,87.0,Elite,2
PLR-3614,Alejandro Wirtz #2715,Brazil,Bundesliga,Bayern Munich,Midfielder,27,177,78,Right,High,High,60.4,64.8,82.9,62.4,66.5,54.2,72.5,68.4,77.4,76.5,62.9,65.1,67.9,57.5,55.7,58.2,73.5,63.9,60.8,74.0,2404,30,0.06,0.42,75.0,52.0,11.31,6.65,74.3,Star,1
PLR-3615,Alejandro Hernandez #2716,South Korea,La Liga,Atletico Madrid,Forward,31,182,79,Left,Medium,High,80.2,88.2,79.7,77.6,70.7,77.2,87.1,88.9,74.9,68.5,67.9,94.5,83.4,39.5,39.7,31.5,69.6,80.0,80.1,64.1,3420,38,0.68,0.36,65.0,40.0,8.88,17.16,86.3,Elite,2
PLR-3616,Moises Saliba #2717,Japan,La Liga,Real Sociedad,Midfielder,18,181,68,Right,High,High,63.3,70.5,77.0,63.8,73.3,54.6,80.2,69.3,79.5,74.1,79.1,64.9,66.0,69.2,59.6,62.2,67.4,57.4,67.0,69.0,2557,32,0.06,0.44,75.0,52.0,9.83,7.35,72.6,Star,1
PLR-3617,Darwin Bellingham #2718,Germany,Premier League,Tottenham,Forward,28,180,70,Right,Medium,Medium,75.9,69.0,62.9,62.1,60.0,61.3,63.2,70.6,64.3,52.7,57.5,71.5,66.5,40.4,36.2,39.2,62.0,63.5,61.6,75.8,2091,26,0.25,0.06,65.0,40.0,8.8,3.75,71.8,Star,1
PLR-3618,Marcus Kim #2719,Italy,Serie A,Lazio,Defender,23,193,80,Right,Low,High,62.4,63.9,58.0,65.3,62.5,62.6,52.0,45.1,52.0,53.1,51.7,30.0,52.5,66.8,66.0,62.0,55.1,56.3,63.9,72.4,3176,38,0.04,0.01,72.0,63.8,8.5,3.16,60.5,Developing,0
PLR-3619,Gianluigi Alvarez #2720,England,La Liga,Real Sociedad,Midfielder,27,181,72,Right,High,Medium,55.3,57.7,65.1,48.0,58.4,56.6,66.5,58.0,65.0,65.5,57.2,48.0,55.4,53.9,44.1,55.5,61.1,59.9,57.5,76.2,2586,33,0.02,0.38,75.0,52.0,9.8,1.98,64.6,Developing,0
PLR-3620,Ederson Bellingham #2721,Colombia,Ligue 1,Paris Saint-Germain,Defender,30,175,79,Right,Medium,Medium,82.4,68.7,81.9,91.2,74.9,80.9,72.6,65.7,77.6,70.2,61.1,49.8,75.7,88.7,98.0,93.5,73.9,72.8,78.8,69.0,1887,24,0.04,0.15,72.0,90.8,9.83,20.66,88.9,Elite,2
PLR-3621,Achraf Saliba #2722,Portugal,Ligue 1,Paris Saint-Germain,Defender,25,187,75,Right,Medium,Medium,77.2,69.2,74.7,76.5,63.5,76.7,71.3,70.2,74.5,75.3,66.2,41.4,73.3,84.8,82.0,82.3,66.3,68.9,79.0,62.5,2094,26,0.01,0.06,72.0,76.5,8.5,14.09,81.2,Star,1
PLR-3622,Khvicha Modric #2723,Canada,Bundesliga,VfB Stuttgart,Midfielder,19,178,73,Right,High,Medium,70.7,65.2,81.3,63.6,76.0,65.3,74.0,75.4,76.4,82.4,67.6,59.9,71.6,59.5,66.3,58.0,69.0,67.9,59.4,79.4,1326,17,0.07,0.58,75.0,58.0,10.73,5.87,74.5,Star,1
PLR-3623,Cole Haaland #2724,Japan,Bundesliga,VfB Stuttgart,Goalkeeper,31,185,90,Left,Medium,Medium,46.3,44.1,40.0,89.4,63.6,76.8,43.5,40.0,52.7,45.0,21.0,33.2,75.4,51.5,27.1,18.6,74.8,94.5,78.3,61.7,1130,14,0.0,0.02,48.0,50.0,3.8,16.78,88.2,Elite,2
PLR-3624,Takefusa Courtois #2725,Italy,Premier League,Arsenal,Midfielder,21,181,68,Right,High,Medium,72.5,84.4,97.4,72.0,82.6,79.3,88.9,85.9,95.1,89.0,82.4,69.5,81.3,66.3,67.3,69.2,83.2,70.6,75.5,67.8,2732,35,0.18,0.72,86.2,54.5,12.46,37.36,88.0,Elite,2
PLR-3625,Noah Sato #2726,Spain,Premier League,Newcastle,Goalkeeper,26,187,80,Right,High,Low,53.9,57.8,40.0,78.5,63.5,76.2,43.2,33.2,49.9,50.9,28.5,24.6,69.3,40.9,23.7,25.2,73.7,75.0,65.4,77.3,2061,26,0.0,0.01,48.0,50.0,3.8,3.85,78.7,Star,1
PLR-3626,Erling Foden #2727,England,Ligue 1,Lyon,Forward,27,190,72,Right,High,Medium,84.3,86.2,71.3,69.2,77.2,73.0,76.2,84.9,73.2,64.2,67.4,90.5,81.9,36.8,46.3,33.7,75.5,71.2,76.4,70.3,2449,31,0.54,0.2,65.0,40.0,8.8,18.11,83.5,Elite,2
PLR-3627,Alisson Donnarumma #2728,Belgium,Bundesliga,RB Leipzig,Defender,28,180,83,Right,Medium,Medium,71.3,62.9,71.4,78.8,59.8,75.5,63.4,70.6,66.6,60.3,52.3,30.8,60.1,80.2,84.7,84.4,70.1,66.1,88.3,64.7,2958,37,0.02,0.01,72.0,79.6,8.5,10.18,80.6,Star,1
PLR-3628,Rodri Musiala #2729,Argentina,La Liga,Barcelona,Midfielder,30,171,74,Right,Medium,Medium,61.3,62.2,79.6,67.4,68.3,59.8,78.7,69.9,84.2,80.9,69.1,66.5,67.9,58.7,68.8,65.7,75.5,63.5,73.6,64.3,2467,31,0.15,0.64,76.3,57.9,,3.82,75.9,Star,1
PLR-3629,Florian Musiala #2730,Nigeria,Bundesliga,Borussia Dortmund,Midfielder,36,170,69,Right,High,High,55.0,56.0,65.0,61.8,64.2,61.3,67.7,72.6,69.8,69.7,56.9,60.5,60.0,56.9,59.4,48.9,73.9,68.6,56.7,87.4,1145,14,0.14,0.35,75.0,52.0,9.8,1.36,68.5,Developing,0
PLR-3630,Victor Williams #2731,Japan,La Liga,Barcelona,Midfielder,28,186,76,Right,Medium,High,73.2,83.6,93.2,82.6,90.2,70.6,90.0,84.4,93.9,86.0,85.0,79.3,80.4,61.8,67.3,63.3,86.8,77.9,79.2,64.8,1980,25,0.24,0.8,83.8,58.3,11.93,24.44,86.0,Elite,2
PLR-3631,Vinicius Wirtz #2732,Norway,Serie A,Atalanta,Defender,30,184,78,Right,Medium,Low,73.8,74.2,75.1,90.0,70.8,82.0,66.9,66.9,81.4,75.5,62.7,51.6,67.4,88.4,88.7,86.2,73.7,79.2,82.7,58.3,2365,30,0.1,0.13,73.8,79.3,8.5,12.64,85.8,Elite,2
PLR-3632,Florian Saka #2733,Morocco,Serie A,Roma,Forward,20,170,76,Right,Medium,Medium,83.4,87.2,69.2,79.9,77.6,73.1,84.9,86.6,80.1,68.3,76.7,92.0,88.2,48.7,35.0,28.6,70.2,76.7,70.9,73.0,1505,19,0.63,0.26,65.0,40.0,,32.2,86.5,Elite,2
PLR-3633,Gianluigi Alvarez #2734,Argentina,La Liga,Atletico Madrid,Forward,23,171,70,Right,Medium,Medium,85.4,88.3,77.1,73.6,79.2,77.3,87.7,88.8,77.2,71.4,71.4,93.1,87.4,34.5,26.1,43.6,76.4,71.8,76.4,69.9,2177,27,0.77,0.32,65.0,40.0,8.8,32.15,86.4,Elite,2
PLR-3634,Alexis Tchouameni #2735,Morocco,Serie A,Roma,Defender,25,180,89,Right,Low,High,69.7,78.1,75.9,86.0,72.8,83.8,76.4,64.9,73.3,71.5,60.1,38.8,71.6,87.1,92.1,83.4,67.1,74.4,74.8,62.3,3215,38,0.0,0.09,72.0,81.8,8.5,22.24,85.7,Elite,2
PLR-3635,Virgil Wirtz #2736,Italy,Bundesliga,Eintracht Frankfurt,Defender,20,183,84,Right,Medium,Low,56.0,56.5,66.4,78.6,60.9,69.6,66.2,53.7,63.6,53.6,40.0,37.3,64.0,67.6,74.0,68.1,51.6,60.9,67.0,75.6,1822,23,0.01,0.07,72.0,62.0,8.5,4.98,67.3,Developing,0
PLR-3636,Bruno Diallo #2737,Italy,Serie A,Lazio,Goalkeeper,22,182,83,Left,High,High,50.0,44.9,40.0,76.5,53.9,71.9,39.4,36.6,47.9,57.1,20.0,15.7,60.0,34.5,23.5,25.7,70.4,66.9,70.6,83.9,2472,31,0.0,0.0,48.0,50.0,3.8,9.79,76.7,Star,1
PLR-3637,Alphonso Moreno #2738,Portugal,Bundesliga,Borussia Dortmund,Defender,22,181,69,Left,Medium,Medium,63.0,63.3,,76.4,62.7,76.5,55.6,53.5,66.6,60.1,49.1,45.1,49.6,73.0,77.0,75.7,59.5,67.3,65.8,74.7,2063,26,0.0,0.01,72.0,69.4,8.83,6.34,73.8,Star,1
PLR-3638,Federico Mueller #2739,Japan,La Liga,Real Sociedad,Goalkeeper,24,194,85,Left,Medium,High,38.3,46.7,40.0,72.5,55.2,71.0,44.6,38.7,50.2,53.8,20.0,20.6,59.2,25.0,32.8,19.5,64.7,73.0,57.8,77.2,1996,25,0.0,0.0,48.0,50.0,3.8,5.64,71.9,Star,1
PLR-3639,Bukayo Fernandez #2740,Portugal,Serie A,Atalanta,Defender,22,183,85,Right,High,High,77.8,79.1,84.5,92.2,73.6,81.5,74.3,62.1,75.1,76.1,69.9,49.4,70.4,86.6,94.8,87.7,69.9,78.4,81.6,68.2,2287,29,0.12,0.07,72.0,91.0,9.85,30.61,86.4,Elite,2
PLR-3640,Noah Wirtz #2741,Ghana,Serie A,Fiorentina,Midfielder,29,181,74,Right,Medium,High,64.9,65.3,74.0,67.9,79.4,63.6,80.2,75.5,82.1,88.8,69.9,76.7,76.9,57.3,65.6,53.4,74.0,67.8,68.2,65.1,3420,38,0.32,0.56,77.3,59.7,10.4,5.95,75.7,Star,1
PLR-3641,David Diallo #2742,Portugal,Premier League,Aston Villa,Forward,28,182,74,Right,High,Medium,99.0,88.4,80.3,69.8,86.0,94.4,80.7,90.2,73.2,70.9,82.3,89.5,93.3,55.4,48.3,39.4,73.7,80.7,76.8,67.0,1932,24,0.65,0.29,65.0,40.0,9.29,25.4,86.9,Elite,2
PLR-3642,William Camavinga #2743,Canada,Serie A,Fiorentina,Defender,30,183,79,Right,High,Low,81.7,70.0,75.9,80.8,64.3,75.4,71.8,63.7,69.8,68.5,60.1,42.2,61.1,85.3,89.0,78.0,70.2,71.7,76.8,70.2,1731,22,0.03,0.04,72.0,88.0,9.74,7.59,80.9,Star,1
PLR-3643,Aurélien Courtois #2744,Nigeria,Serie A,Atalanta,Defender,22,187,73,Right,High,Low,85.8,77.0,96.0,99.0,78.8,93.5,80.4,73.1,89.4,76.0,74.4,45.4,84.1,92.3,99.0,98.0,80.0,88.7,87.7,57.4,1217,15,0.02,0.15,76.1,91.0,10.62,67.96,92.6,Elite,2
PLR-3644,Alejandro Mueller #2745,Uruguay,Ligue 1,Marseille,Forward,26,178,85,Left,High,Medium,89.3,80.4,73.5,71.2,76.9,73.5,79.1,85.9,66.2,64.8,75.6,86.1,85.2,40.6,37.3,22.0,72.6,75.6,76.0,68.8,2635,33,0.54,0.29,65.0,40.0,8.8,23.29,84.6,Elite,2
PLR-3645,William Jones #2746,Senegal,Ligue 1,Lille,Midfielder,24,189,73,Right,Medium,Medium,75.3,78.8,85.8,77.9,80.3,74.7,85.8,79.1,87.6,80.2,88.5,72.3,76.9,63.3,66.9,53.5,91.3,81.3,74.6,77.2,3277,38,0.19,0.81,79.3,61.4,10.72,19.2,84.2,Elite,2
PLR-3646,Thibaut Hakimi #2747,Norway,Ligue 1,Rennes,Goalkeeper,29,189,88,Right,Medium,High,44.5,46.2,40.0,65.5,52.6,65.5,47.6,25.0,50.5,51.1,20.0,22.7,52.3,39.3,21.9,24.2,57.7,63.9,58.2,71.6,1978,25,0.0,0.03,48.0,50.0,3.8,2.47,68.2,Developing,0
PLR-3647,Moises Mueller #2748,Ghana,Ligue 1,Lyon,Midfielder,26,169,78,Right,Medium,Low,81.1,80.6,87.2,76.1,85.7,76.2,91.9,81.3,86.3,88.6,79.4,70.6,84.2,75.8,84.0,59.2,90.4,78.6,73.5,73.1,1779,22,0.07,0.85,75.8,65.2,11.23,23.09,86.9,Elite,2
PLR-3648,Bruno Smith #2749,Japan,Premier League,Newcastle,Midfielder,22,184,77,Right,Medium,High,71.4,64.6,72.2,65.7,65.4,68.9,76.7,63.6,81.0,79.6,68.9,63.0,69.1,58.4,61.4,47.9,62.8,71.7,59.0,78.2,1908,24,0.06,0.57,75.4,54.4,10.06,0.65,71.6,Star,1
PLR-3649,David Moreno #2750,USA,Premier League,Liverpool,Midfielder,34,179,79,Right,High,High,58.7,56.0,68.8,60.6,65.1,55.3,62.0,71.4,75.8,66.7,61.2,52.8,56.4,50.2,54.6,52.3,68.6,67.8,59.6,75.7,1918,24,0.1,0.38,75.0,52.0,9.8,0.5,68.9,Developing,0
PLR-3650,Marcus Schmidt #2751,France,Serie A,Inter Milan,Forward,21,187,81,Right,High,High,81.5,81.0,76.2,67.5,80.0,75.0,73.7,70.1,68.1,67.2,71.6,79.2,73.3,44.3,36.1,36.0,64.8,73.7,67.5,,1548,19,0.47,0.11,65.0,40.0,8.8,9.29,74.3,Star,1
PLR-3651,Alexis Davies #2752,England,La Liga,Real Sociedad,Midfielder,21,187,68,Right,Medium,Medium,81.2,77.6,87.1,72.1,75.6,66.6,86.0,81.2,87.8,87.2,76.4,65.7,73.7,71.3,75.0,64.4,84.1,73.1,61.8,73.8,2581,33,0.21,0.63,78.4,61.4,11.53,31.32,86.0,Elite,2
PLR-3652,Nicolo Oblak #2753,Nigeria,Serie A,Napoli,Midfielder,28,179,72,Right,Medium,Medium,81.0,77.6,94.0,79.1,94.8,77.9,91.6,92.8,95.8,89.8,81.4,81.7,81.9,80.2,82.8,75.6,91.6,80.9,78.8,67.7,2262,29,0.28,0.85,84.8,75.0,12.16,45.47,91.9,Elite,2
PLR-3653,Vinicius De Bruyne #2754,Spain,Ligue 1,Rennes,Forward,28,182,73,Right,High,Low,96.0,98.1,66.6,72.9,86.2,73.9,89.1,88.4,81.8,67.7,76.8,95.7,86.3,47.1,41.2,26.4,80.9,83.1,63.8,73.3,1424,18,0.67,0.42,65.6,40.0,8.8,29.8,89.1,Elite,2
PLR-3654,Declan Rodriguez #2755,Uruguay,Serie A,Inter Milan,Defender,23,179,79,Right,Medium,Medium,85.1,79.3,88.4,92.1,71.2,88.5,71.7,69.6,79.5,75.0,67.1,52.0,75.6,88.4,99.0,90.6,71.8,79.6,85.0,63.8,2598,33,0.04,0.13,72.0,93.6,9.89,47.29,89.8,Elite,2
PLR-3655,Pedri Maignan #2756,Colombia,La Liga,Atletico Madrid,Midfielder,29,188,78,Right,Medium,Medium,76.2,72.1,89.1,78.4,83.1,63.4,78.4,79.4,83.6,84.2,76.5,70.7,74.0,71.5,73.4,69.1,83.7,77.4,87.6,63.0,2379,30,0.1,0.64,76.5,61.4,11.7,11.8,81.4,Star,1
PLR-3656,Alessandro Foden #2757,Canada,Serie A,Napoli,Defender,19,182,82,Right,High,Medium,55.8,50.0,58.0,69.7,56.1,63.1,50.5,42.8,57.6,51.0,41.9,30.0,60.5,65.0,66.0,62.0,46.1,52.2,63.0,78.2,2294,29,0.01,0.01,72.0,62.5,8.5,1.28,64.9,Developing,0
PLR-3657,Gavi Smith #2758,Italy,Serie A,Atalanta,Defender,26,177,79,Right,Medium,High,58.4,66.0,77.4,74.0,57.9,77.0,58.7,58.5,63.1,61.6,51.2,42.8,67.2,80.4,80.0,85.3,70.2,67.6,88.1,57.2,2906,37,0.03,0.09,72.0,72.6,8.54,7.71,77.9,Star,1
PLR-3658,Kevin Saliba #2759,Netherlands,Serie A,Napoli,Forward,22,185,69,Right,High,High,87.6,97.3,90.1,79.2,81.4,81.7,89.3,96.5,87.0,72.1,73.1,97.7,87.7,50.0,38.8,36.2,77.2,88.6,84.1,69.9,1625,20,0.7,0.38,72.5,40.0,9.91,50.43,90.6,Elite,2
PLR-3659,Darwin Tanaka #2760,Senegal,Bundesliga,VfB Stuttgart,Defender,25,188,75,Right,High,Medium,78.4,78.2,77.5,86.0,76.6,91.1,66.4,64.4,73.7,75.8,66.2,51.8,67.0,91.5,90.0,90.1,69.9,74.6,74.9,70.8,3273,38,0.03,0.06,72.0,86.3,8.97,22.48,87.0,Elite,2
PLR-3660,Trent Mendes #2761,Senegal,Bundesliga,Eintracht Frankfurt,Midfielder,25,188,68,Right,Low,High,75.3,91.6,99.0,81.7,87.7,82.2,92.3,94.1,99.0,98.0,94.0,76.5,91.0,78.5,84.0,71.1,96.6,89.1,81.7,62.3,1534,19,0.16,0.85,91.1,73.3,12.86,64.22,94.5,Elite,2
PLR-3661,Pedri Modric #2762,England,Ligue 1,Rennes,Defender,19,191,88,Right,Medium,High,63.5,69.7,74.8,83.2,60.4,74.6,53.2,52.0,61.4,53.8,52.6,40.7,55.4,68.3,76.3,70.4,57.9,60.7,67.5,76.4,2426,31,0.0,0.02,72.0,69.1,9.06,3.37,72.3,Star,1
PLR-3662,David Hakimi #2763,Morocco,Ligue 1,Monaco,Forward,25,185,85,Right,Medium,Low,77.4,77.4,59.4,62.4,75.7,65.3,76.5,69.1,71.1,58.8,63.1,81.8,71.3,32.7,31.5,31.0,67.8,67.1,73.5,71.2,2714,34,0.39,0.16,65.0,40.0,8.8,8.65,75.3,Star,1
PLR-3663,Pedri Saka #2764,Croatia,Serie A,Lazio,Defender,27,191,75,Right,Low,High,72.8,61.9,71.5,75.5,58.3,79.2,60.0,62.5,61.8,64.3,50.5,39.2,74.4,80.2,77.0,82.2,61.1,72.0,65.4,75.3,2595,33,0.06,0.01,72.0,70.4,8.5,14.4,78.9,Star,1
PLR-3664,Bruno Bastoni #2765,Colombia,La Liga,Barcelona,Midfielder,24,182,74,Right,Medium,High,76.6,74.8,81.3,70.3,74.1,64.6,77.4,73.5,81.3,77.7,80.9,66.6,81.6,65.1,63.1,54.5,82.7,79.6,64.6,77.7,2549,32,0.08,0.55,75.0,52.0,10.3,12.73,79.9,Star,1
PLR-3665,Mateo Rodri #2766,Ghana,Ligue 1,Marseille,Midfielder,25,178,76,Right,Medium,High,72.5,80.8,85.1,71.3,79.1,64.4,89.2,79.0,86.7,85.9,68.5,81.3,76.5,75.1,67.0,62.9,89.2,78.0,63.8,74.6,1744,22,0.21,0.72,76.7,56.2,11.14,15.34,83.1,Elite,2
PLR-3666,Nicolo Mueller #2767,Netherlands,La Liga,Villarreal,Forward,25,175,80,Right,Medium,Medium,75.3,73.9,69.1,68.7,74.3,68.0,70.8,76.6,64.5,45.2,63.0,82.3,66.7,36.1,27.8,42.0,59.0,76.7,57.8,79.5,2310,29,0.67,0.24,65.0,40.0,9.09,5.37,74.3,Star,1
PLR-3667,Luka Bastoni #2768,Colombia,Ligue 1,Lille,Defender,24,177,80,Right,High,High,78.9,82.8,88.4,92.3,74.5,87.7,77.3,59.6,83.5,84.8,67.4,50.5,80.6,99.0,93.0,95.0,76.0,81.7,91.8,75.6,1283,16,0.03,0.16,73.8,86.3,9.68,59.75,92.2,Elite,2
PLR-3668,Eduardo Courtois #2769,France,Ligue 1,Monaco,Defender,25,188,80,Right,High,Medium,62.0,68.3,69.1,75.7,53.8,66.1,56.4,59.4,60.8,60.9,55.8,30.0,64.3,77.1,72.7,73.9,60.3,70.7,61.2,71.7,2146,27,0.04,0.11,72.0,69.8,8.53,0.5,71.4,Star,1
PLR-3669,Rafael Rodri #2770,Croatia,Ligue 1,Paris Saint-Germain,Midfielder,27,178,69,Right,High,Medium,79.5,82.6,90.3,74.0,87.3,69.4,89.4,84.5,86.9,92.6,82.7,73.2,84.3,61.7,66.9,68.0,85.8,79.0,67.2,74.2,2064,26,0.26,0.69,80.0,57.8,11.16,18.45,85.1,Elite,2
PLR-3670,Gianluigi Courtois #2771,Ghana,Serie A,Lazio,Defender,32,187,76,Right,Medium,Medium,61.3,70.3,71.1,83.1,61.7,79.3,71.1,61.0,70.3,68.5,54.0,34.2,72.4,84.4,87.0,84.9,66.8,76.5,78.1,68.9,1963,25,0.09,0.09,72.0,82.0,8.54,7.04,82.1,Elite,2
PLR-3671,Darwin Valverde #2772,Croatia,Bundesliga,VfB Stuttgart,Midfielder,31,181,81,Right,Medium,Medium,62.3,62.4,69.7,60.7,67.0,67.9,72.9,66.1,75.7,71.9,70.5,64.9,70.4,58.3,53.5,53.5,76.3,72.0,60.7,71.5,1797,23,0.06,0.51,75.0,52.0,10.07,5.86,71.9,Star,1
PLR-3672,Ederson Saka #2773,Croatia,La Liga,Atletico Madrid,Defender,29,177,74,Left,High,High,73.6,63.8,70.0,74.3,67.2,76.5,59.2,59.0,61.7,58.5,56.6,46.6,64.4,80.2,84.5,78.5,62.5,71.8,70.8,74.8,966,12,0.04,0.01,72.0,84.5,8.5,10.11,77.5,Star,1
PLR-3673,Erling Musiala #2774,Croatia,Ligue 1,Lyon,Forward,28,177,75,Left,Medium,Medium,98.4,98.9,88.2,74.2,91.6,92.3,88.1,91.3,79.5,67.8,81.6,98.8,86.1,50.0,51.1,30.3,70.7,80.2,86.5,65.3,890,11,0.63,0.26,66.9,40.0,10.58,52.14,93.0,Elite,2
PLR-3674,Liam Alvarez #2775,Croatia,Ligue 1,Nice,Defender,23,174,89,Left,Medium,Medium,66.7,75.6,71.9,89.9,73.7,82.4,64.0,69.6,73.6,61.9,63.0,40.5,68.2,79.2,79.3,83.2,62.0,74.0,69.0,70.4,2244,28,0.02,0.08,72.0,70.4,8.5,13.57,80.0,Star,1
PLR-3675,Mike Hernandez #2776,Argentina,Ligue 1,Rennes,Midfielder,32,186,73,Right,High,Medium,60.6,72.8,88.6,75.2,71.2,69.7,76.7,70.6,78.5,75.4,70.0,70.5,72.3,50.1,57.5,53.6,75.2,65.9,68.2,76.2,2786,35,0.21,0.51,75.0,56.3,10.82,5.55,74.0,Star,1
PLR-3676,Ederson Alvarez #2777,France,La Liga,Villarreal,Midfielder,31,182,76,Left,Medium,Medium,62.3,61.1,78.4,67.2,66.5,55.1,68.8,68.6,66.8,76.8,67.0,53.5,62.1,50.8,54.0,50.5,71.7,65.7,64.2,75.3,1959,25,0.05,0.37,75.0,52.0,10.78,0.5,68.7,Developing,0
PLR-3677,Alexis Maignan #2778,Croatia,Ligue 1,Marseille,Forward,29,174,76,Right,Medium,Medium,83.0,75.7,59.8,57.8,65.2,53.5,58.0,66.5,66.0,42.2,60.0,78.2,72.4,30.0,32.6,22.0,55.5,56.1,58.2,80.3,2098,26,0.45,0.08,65.0,40.0,8.8,4.33,69.9,Developing,0
PLR-3678,Ruben Traore #2779,Germany,Bundesliga,RB Leipzig,Forward,22,171,75,Left,Medium,Medium,69.2,74.7,58.0,56.3,67.9,54.9,69.2,62.5,58.2,51.1,49.9,70.4,61.5,30.0,39.1,25.7,59.5,58.1,57.5,75.5,1401,17,0.25,0.13,65.0,40.0,,0.97,64.0,Developing,0
PLR-3679,Thibaut Traore #2780,Japan,La Liga,Real Sociedad,Midfielder,28,176,76,Right,Medium,Medium,73.2,76.9,81.0,71.7,78.3,50.4,83.2,80.1,82.0,86.9,69.2,69.9,75.6,71.2,67.6,59.0,81.2,73.4,80.9,68.8,1816,23,0.12,0.56,75.0,63.8,10.02,12.4,81.0,Star,1
PLR-3680,Luka Silva #2781,Nigeria,Serie A,Juventus,Forward,29,182,76,Left,Medium,Low,83.0,84.7,71.4,71.7,76.8,72.0,82.6,77.9,74.0,56.4,68.8,87.1,78.5,48.1,49.8,22.0,74.7,80.1,70.1,79.6,2172,27,0.61,0.22,65.0,40.0,9.1,13.68,81.2,Star,1
PLR-3681,Takefusa Kroos #2782,France,La Liga,Atletico Madrid,Defender,20,187,89,Right,Medium,Medium,63.5,61.5,66.0,84.2,61.2,74.3,69.6,54.4,62.6,58.4,56.8,36.3,56.6,71.4,80.9,77.6,62.6,62.2,81.0,66.4,2134,27,0.02,0.08,72.0,72.4,8.5,8.85,74.5,Star,1
PLR-3682,Khvicha Hernandez #2783,Croatia,Bundesliga,Bayern Munich,Forward,24,182,75,Right,Medium,High,86.8,90.1,72.6,67.1,80.8,82.2,76.2,81.1,71.5,65.1,68.9,87.8,80.4,43.7,43.3,26.0,75.9,75.7,76.1,64.7,2570,32,0.64,0.32,65.0,40.0,8.98,19.97,83.0,Elite,2
PLR-3683,Marcus Camavinga #2784,Portugal,Ligue 1,Marseille,Midfielder,21,178,67,Right,Low,Medium,72.6,66.3,73.8,54.6,76.2,64.3,74.3,69.4,77.5,75.0,66.6,66.2,66.2,64.5,57.7,45.8,70.1,68.6,56.7,77.9,2175,27,0.21,0.53,75.0,52.0,9.8,6.03,73.6,Star,1
PLR-3684,Achraf Kim #2785,France,Ligue 1,Lyon,Midfielder,20,177,73,Left,High,Low,70.7,64.7,75.1,80.0,77.5,60.0,83.5,75.5,81.3,78.3,73.7,73.4,76.6,74.7,61.4,58.4,74.4,74.7,55.3,76.3,1752,22,0.16,0.56,75.0,55.8,10.07,9.7,78.3,Star,1
PLR-3685,Victor Rice #2786,Brazil,Ligue 1,Lyon,Forward,24,184,73,Right,Low,Medium,71.3,74.8,67.3,70.9,69.3,64.9,68.5,77.3,66.9,61.4,65.0,80.3,73.6,37.4,30.7,25.5,59.6,62.4,67.6,74.2,1451,18,0.49,0.15,65.0,40.0,8.8,4.81,71.9,Star,1
PLR-3686,Theo Santos #2787,France,La Liga,Atletico Madrid,Forward,27,182,69,Right,Medium,Medium,77.3,75.0,67.5,64.0,75.3,68.4,71.6,81.1,62.5,50.8,62.5,78.0,70.6,42.3,31.9,35.1,66.3,72.0,54.5,84.6,2830,36,0.51,0.28,65.0,40.0,8.8,8.47,75.5,Star,1
PLR-3687,Gavi Donnarumma #2788,Belgium,Ligue 1,Monaco,Midfielder,35,174,69,Right,Medium,High,58.2,70.5,89.0,68.8,83.5,64.8,84.8,81.6,86.8,88.4,68.1,66.4,71.9,69.2,67.1,59.8,88.5,81.6,65.0,61.9,2588,33,0.07,0.85,75.0,54.0,11.24,12.01,83.4,Elite,2
PLR-3688,Khvicha Mbappe #2789,Germany,Bundesliga,VfB Stuttgart,Midfielder,22,183,69,Right,High,High,85.5,75.2,89.6,71.3,82.2,70.4,84.7,86.7,90.5,92.2,74.1,74.7,76.3,74.6,70.3,60.7,80.5,78.6,65.6,63.4,3181,38,0.12,0.77,84.4,62.0,11.44,33.29,86.6,Elite,2
PLR-3689,Gavi Kim #2790,Ghana,Premier League,Tottenham,Midfielder,28,171,72,Right,High,High,62.4,75.4,78.0,67.3,71.7,72.8,83.4,76.7,75.3,73.7,68.9,64.4,69.6,61.8,65.6,59.4,74.1,68.6,64.4,,1459,18,0.02,0.63,75.0,52.0,10.8,6.45,74.8,Star,1
PLR-3690,Marcus Van Dijk #2791,Morocco,Premier League,Newcastle,Midfielder,27,180,72,Right,Medium,Medium,55.0,56.0,65.0,49.1,58.0,49.5,62.0,60.3,65.0,60.0,54.0,53.3,52.0,46.4,42.0,38.0,58.7,59.7,44.5,84.1,2599,33,0.04,0.16,75.0,52.0,9.8,0.5,60.8,Developing,0
PLR-3691,Mike Rodriguez #2792,Japan,Premier League,Tottenham,Midfielder,21,187,72,Left,High,Medium,82.6,76.8,89.3,76.9,82.2,69.5,87.7,83.4,99.0,95.2,84.0,78.4,75.4,78.0,75.8,69.3,88.8,75.4,86.3,79.8,2179,27,0.25,0.85,90.4,62.5,11.51,38.84,88.6,Elite,2
PLR-3692,Alphonso Schmidt #2793,Ghana,Serie A,Roma,Forward,31,184,81,Left,Low,Medium,90.6,92.1,81.2,77.9,87.9,74.2,87.5,89.8,80.2,61.9,77.6,88.9,79.9,48.7,43.3,29.8,81.1,81.9,83.8,71.7,2647,33,0.77,0.48,73.3,40.0,9.26,13.97,85.4,Elite,2
PLR-3693,Florian Sato #2794,Brazil,Premier League,Liverpool,Midfielder,27,177,72,Left,High,Low,59.6,59.9,65.7,66.1,61.4,48.5,66.2,58.3,65.4,69.4,68.3,48.2,62.3,59.3,45.7,50.3,65.7,58.5,66.2,85.2,2783,35,0.02,0.26,75.0,52.0,9.8,1.82,63.2,Developing,0
PLR-3694,Cole Jones #2795,USA,La Liga,Girona,Goalkeeper,25,191,88,Right,High,Medium,40.4,48.1,48.5,78.2,55.3,61.9,31.8,32.4,52.7,54.8,20.2,18.5,56.3,29.2,22.9,20.9,67.9,72.5,63.1,78.3,2342,30,0.0,0.02,48.0,50.0,4.08,7.86,77.0,Star,1
PLR-3695,Bukayo Musiala #2796,Canada,Bundesliga,Bayern Munich,Midfielder,26,178,69,Left,Low,Medium,56.1,60.7,71.1,55.1,61.2,58.4,69.6,58.1,65.0,61.9,52.0,59.6,60.5,57.9,49.4,38.0,67.4,58.2,59.2,82.3,2225,28,0.1,0.25,75.0,52.0,10.14,3.46,65.5,Developing,0
PLR-3696,Victor Alvarez #2797,Germany,Premier League,Liverpool,Defender,27,187,73,Left,High,Medium,70.8,63.1,70.3,68.0,53.2,70.3,63.4,49.4,62.6,64.2,44.0,39.6,53.0,74.8,71.8,67.1,58.5,71.3,59.8,78.9,2709,34,0.01,0.01,72.0,66.0,8.5,5.1,72.0,Star,1
PLR-3697,Aurélien Tchouameni #2798,Norway,Bundesliga,Bayer Leverkusen,Midfielder,26,187,76,Left,High,High,79.4,73.8,81.2,63.4,72.6,62.4,81.4,76.5,83.9,76.7,68.0,70.2,71.2,69.2,63.1,51.5,76.5,75.8,65.3,78.0,2050,26,0.05,0.63,75.0,54.9,10.58,9.5,79.6,Star,1
PLR-3698,Lucas Kim #2799,Belgium,La Liga,Barcelona,Defender,25,183,68,Left,High,Medium,80.1,72.0,85.2,84.5,64.5,74.6,68.3,63.1,77.2,71.7,50.7,49.0,77.4,92.7,88.1,84.0,75.5,76.6,84.5,70.2,1773,22,0.01,0.08,72.6,79.5,9.24,20.74,84.7,Elite,2
PLR-3699,Federico Tchouameni #2800,Uruguay,Ligue 1,Lyon,Defender,25,186,82,Right,High,Medium,71.6,64.6,72.2,81.4,71.5,75.6,65.5,52.8,73.1,58.2,49.4,48.0,62.8,84.7,82.8,78.3,63.4,72.9,68.1,75.0,2221,28,0.01,0.01,72.0,71.9,8.7,10.75,80.2,Star,1
PLR-3700,Osimhen Dias #2801,Nigeria,Serie A,Napoli,Midfielder,22,179,72,Right,High,High,65.8,79.5,80.6,61.0,73.3,64.0,86.1,77.2,87.5,72.5,76.2,70.3,73.8,64.5,75.9,62.6,76.2,73.8,74.1,64.1,2621,33,0.14,0.69,83.1,68.0,9.96,17.84,81.1,Star,1
PLR-3701,Osimhen Rice #2802,Germany,Premier League,Chelsea,Goalkeeper,26,195,84,Right,High,High,55.0,45.7,40.0,82.6,59.2,78.9,45.0,26.0,54.8,53.4,30.5,19.7,60.0,35.9,26.2,23.7,71.7,72.3,76.5,69.5,2094,26,0.0,0.01,48.0,50.0,,13.77,81.8,Star,1
PLR-3702,Eduardo Hernandez #2803,Spain,Serie A,Fiorentina,Forward,24,183,70,Right,Medium,Medium,77.7,83.9,64.9,63.3,80.3,76.1,78.6,80.8,73.5,58.9,62.7,85.3,78.6,36.3,46.1,35.3,69.2,72.9,70.6,72.9,2749,35,0.5,0.25,65.0,40.0,8.8,11.25,78.3,Star,1
PLR-3703,Kylian Sato #2804,Portugal,Serie A,Lazio,Forward,27,177,68,Right,High,Medium,76.3,76.0,64.1,60.8,67.9,57.8,69.5,62.8,61.9,46.3,66.0,73.6,72.8,45.3,25.0,31.6,60.1,64.1,60.7,79.5,2084,26,0.36,0.17,65.0,40.0,8.8,0.5,68.0,Developing,0
PLR-3704,Federico Santos #2805,South Korea,Bundesliga,Bayer Leverkusen,Defender,29,183,80,Right,Low,Low,66.4,57.1,80.2,74.3,56.8,78.3,60.6,43.5,62.7,64.3,48.9,43.8,57.2,73.4,71.2,74.2,66.0,68.9,71.2,70.4,2188,28,0.04,0.07,72.0,69.3,9.18,1.25,72.2,Star,1
PLR-3705,Erling Moreno #2806,Spain,Ligue 1,Lille,Defender,29,184,76,Left,Medium,Low,64.8,64.0,75.0,78.2,64.8,75.9,60.8,53.4,71.8,69.3,58.5,38.3,61.7,87.1,89.1,83.9,71.6,79.0,69.5,68.6,2996,38,0.02,0.05,72.0,83.3,9.12,16.32,81.8,Star,1
PLR-3706,Khvicha Mueller #2807,South Korea,La Liga,Barcelona,Forward,25,184,76,Right,High,Medium,62.3,71.1,55.0,50.0,65.0,52.5,58.0,60.0,57.2,42.0,51.6,62.0,68.5,30.0,28.8,25.0,47.2,48.0,58.4,69.0,958,12,0.12,0.02,65.0,40.0,8.8,0.5,58.8,Developing,0
PLR-3707,Alejandro Sato #2808,Netherlands,Bundesliga,RB Leipzig,Forward,19,184,72,Right,High,Medium,69.4,71.3,63.2,68.7,73.7,67.5,77.0,77.1,63.6,58.7,64.8,79.4,76.7,44.3,35.8,26.0,54.6,59.2,54.8,79.2,2121,27,0.48,0.15,65.0,40.0,8.8,7.62,74.4,Star,1
PLR-3708,Khvicha Tanaka #2809,Colombia,Serie A,Roma,Forward,29,178,74,Right,Medium,Medium,61.9,73.2,66.7,63.0,67.6,64.4,68.6,68.9,60.4,53.9,54.1,74.8,65.1,31.1,31.2,28.7,57.8,63.2,63.6,76.0,1927,24,0.37,0.15,65.0,40.0,8.8,2.15,67.4,Developing,0
PLR-3709,Ruben De Bruyne #2810,Ghana,La Liga,Barcelona,Midfielder,28,173,72,Right,Medium,Medium,74.3,77.7,81.3,61.2,84.1,71.2,85.3,80.3,87.8,90.6,87.9,61.9,73.9,65.1,66.8,69.4,86.3,73.2,65.8,74.2,1634,20,0.11,0.85,76.9,60.1,11.12,15.48,83.4,Elite,2
PLR-3710,Mike Williams #2811,Spain,Serie A,Atalanta,Defender,33,189,78,Right,High,Medium,59.8,50.0,60.2,61.3,48.0,58.0,58.9,42.0,53.0,48.0,40.0,41.1,54.2,71.6,69.1,66.4,61.0,61.5,62.5,70.3,1880,24,0.04,0.04,72.0,64.9,8.5,2.48,65.2,Developing,0
PLR-3711,Alessandro Barella #2812,Portugal,Bundesliga,VfB Stuttgart,Midfielder,23,180,86,Right,Medium,Medium,62.3,63.9,73.1,73.1,71.2,62.1,75.0,66.8,76.1,78.6,59.9,65.4,62.9,60.1,58.6,47.3,73.9,66.0,75.3,59.6,2521,32,0.14,0.41,75.0,52.0,9.95,5.72,71.5,Star,1
PLR-3712,Jan Traore #2813,Morocco,Premier League,Liverpool,Midfielder,26,191,75,Right,Medium,Medium,79.8,78.0,83.0,71.1,83.1,80.6,81.8,81.6,88.0,84.8,79.0,73.0,77.9,61.6,67.1,65.5,78.6,82.9,69.6,61.0,1584,20,0.15,0.64,80.6,57.1,10.46,12.21,79.7,Star,1
PLR-3713,Jamal Schmidt #2814,Germany,La Liga,Atletico Madrid,Midfielder,20,184,78,Right,High,High,74.0,72.0,82.0,64.4,72.0,65.5,77.9,74.5,83.2,84.0,74.2,62.0,74.8,62.0,55.2,52.3,80.0,60.3,76.3,69.3,1938,24,0.02,0.55,75.0,52.0,10.43,9.83,75.8,Star,1
PLR-3714,Takefusa Modric #2815,Colombia,Premier League,Newcastle,Forward,34,182,78,Right,Medium,Medium,73.8,85.1,72.0,75.0,79.5,77.8,78.6,88.3,74.9,56.5,71.7,89.0,83.3,36.8,36.5,35.5,72.2,79.4,65.0,74.0,2151,27,0.53,0.23,65.3,40.0,8.8,6.63,78.8,Star,1
PLR-3715,Eduardo Haaland #2816,Croatia,Premier League,Arsenal,Midfielder,22,169,66,Right,High,Low,59.7,60.7,69.9,60.5,64.1,64.1,72.4,65.1,69.1,71.6,72.2,67.6,59.0,61.1,50.5,48.3,69.2,60.8,61.9,77.0,1849,23,0.11,0.4,75.0,52.0,9.8,3.03,67.4,Developing,0
PLR-3716,Achraf Martinez #2817,Colombia,Premier League,Manchester United,Defender,22,179,84,Left,High,Medium,69.5,73.0,81.3,96.9,73.8,83.8,70.3,73.3,78.1,64.9,64.6,52.1,68.8,87.3,88.4,93.0,70.8,71.8,79.9,66.2,1500,19,0.02,0.09,72.6,80.9,8.83,33.01,88.1,Elite,2
PLR-3717,Alejandro Hakimi #2818,Belgium,Bundesliga,Bayern Munich,Goalkeeper,29,187,80,Right,High,Medium,53.7,64.3,40.0,88.7,70.7,87.7,51.0,26.6,54.2,59.9,26.1,17.2,73.6,36.2,27.4,17.4,79.8,80.3,81.4,59.7,2518,32,0.0,0.01,48.0,50.0,3.8,25.06,87.3,Elite,2
PLR-3718,Gavi Bastoni #2819,Italy,Premier League,Arsenal,Defender,27,187,87,Left,Medium,Medium,65.4,63.7,58.9,73.0,67.4,72.6,54.2,45.2,57.4,56.1,55.1,30.0,66.4,76.1,80.1,73.7,58.4,75.4,61.5,77.2,1345,17,0.06,0.1,72.0,75.1,8.5,0.81,73.4,Star,1
PLR-3719,Osimhen Valverde #2820,Argentina,La Liga,Atletico Madrid,Forward,27,181,74,Right,Low,Low,81.7,76.8,71.4,62.5,72.3,64.1,77.3,71.9,56.3,54.8,61.9,79.8,71.4,45.8,39.4,31.0,59.6,69.7,66.3,72.3,3381,38,0.51,0.19,65.0,40.0,8.8,5.93,76.0,Star,1
PLR-3720,Gavi Fernandez #2821,Senegal,Bundesliga,Bayern Munich,Defender,24,187,77,Right,Medium,Medium,73.6,74.9,71.1,85.5,64.1,76.5,75.1,64.0,69.5,67.6,55.2,45.4,76.2,90.0,88.6,84.6,73.0,73.0,85.3,70.5,2243,28,0.03,0.11,72.0,81.4,9.21,25.3,85.6,Elite,2
PLR-3721,Declan Fernandez #2822,Belgium,Premier League,Chelsea,Defender,23,177,76,Left,Medium,Low,65.9,63.2,69.1,84.7,70.0,81.9,61.2,62.1,71.8,60.8,46.5,45.1,53.9,77.4,76.9,80.2,72.0,66.9,72.7,72.9,1715,21,0.03,0.04,72.0,72.3,8.66,9.6,76.4,Star,1
PLR-3722,Alphonso Mbappe #2823,Ghana,Ligue 1,Nice,Defender,26,186,80,Right,High,Medium,88.2,63.1,81.4,85.9,75.0,82.6,72.9,69.2,71.7,77.0,62.9,46.6,72.4,86.1,97.2,91.5,73.1,76.3,93.2,55.8,2086,26,0.05,0.12,72.0,86.8,8.83,28.99,87.2,Elite,2
PLR-3723,Aurélien Hakimi #2824,Portugal,La Liga,Girona,Midfielder,23,167,76,Right,High,High,75.4,75.5,82.6,66.4,68.2,71.3,78.1,71.2,77.0,81.1,72.8,63.3,75.5,65.2,57.2,49.9,77.0,66.2,75.3,,1750,22,0.06,0.4,75.0,52.0,10.78,9.69,75.8,Star,1
PLR-3724,Jude Kim #2825,Nigeria,La Liga,Atletico Madrid,Midfielder,30,175,80,Right,High,Medium,73.2,68.8,78.0,69.1,69.3,59.1,83.5,70.0,79.1,85.2,71.3,67.9,65.7,61.1,61.2,52.4,69.0,67.0,61.4,79.3,3420,38,0.12,0.45,75.0,56.2,10.18,3.75,73.9,Star,1
PLR-3725,Gavi Smith #2826,Belgium,Premier League,Arsenal,Midfielder,21,184,71,Right,Medium,Medium,79.0,79.9,99.0,91.3,86.2,72.9,89.5,81.4,96.1,95.3,91.3,71.1,79.0,70.5,90.0,62.0,82.7,82.4,72.4,71.3,2651,33,0.13,0.85,83.0,72.3,12.13,51.69,90.7,Elite,2
PLR-3726,Jude Haaland #2827,Argentina,Serie A,Inter Milan,Forward,22,189,83,Right,High,Medium,76.9,81.2,74.4,66.2,66.7,72.0,74.0,83.0,72.6,59.6,63.0,80.9,82.3,50.1,36.7,22.0,61.4,67.6,73.7,68.7,1652,21,0.43,0.15,65.0,40.0,8.8,12.58,78.4,Star,1
PLR-3727,Achraf Tanaka #2828,Germany,Premier League,Manchester City,Forward,28,174,72,Right,High,Medium,81.6,86.2,74.5,70.0,83.2,75.6,80.8,85.7,76.6,57.2,67.7,82.0,82.2,40.3,33.2,34.4,67.1,76.0,67.3,74.4,1798,23,0.58,0.29,69.8,40.0,8.95,12.19,81.7,Star,1
PLR-3728,Darwin Kim #2829,Germany,La Liga,Girona,Forward,26,185,80,Right,Low,Low,74.1,76.4,63.9,70.4,78.6,65.0,78.3,76.9,61.9,60.2,64.2,75.7,76.8,41.2,33.3,26.3,57.3,71.0,69.4,74.5,3177,38,0.32,0.16,65.0,40.0,8.8,5.11,74.6,Star,1
PLR-3729,Liam Martinez #2830,Germany,Premier League,Newcastle,Midfielder,26,188,62,Right,Medium,Medium,77.6,84.0,,61.8,83.7,78.7,83.3,79.3,95.5,87.2,77.4,62.7,75.6,65.2,75.0,56.3,86.4,78.2,77.4,59.8,2398,30,0.2,0.83,83.9,61.3,11.47,21.88,85.0,Elite,2
PLR-3730,Declan Hernandez #2831,South Korea,Serie A,AC Milan,Defender,25,182,82,Right,High,Medium,81.0,77.0,74.9,79.6,71.5,75.5,65.0,62.1,74.6,72.3,63.9,35.2,66.3,87.6,81.9,84.3,74.0,77.1,67.6,75.9,1883,24,0.07,0.06,72.0,69.9,9.4,15.84,82.6,Elite,2
PLR-3731,Osimhen Saliba #2832,Spain,Serie A,Fiorentina,Midfielder,23,185,62,Right,High,High,63.1,67.6,80.4,58.7,67.6,58.5,74.1,75.6,77.8,74.4,75.1,61.6,70.5,58.6,57.7,62.5,76.2,64.2,72.6,64.2,2085,26,0.02,0.53,75.0,52.0,10.62,5.22,74.0,Star,1
PLR-3732,Osimhen Foden #2833,Italy,La Liga,Athletic Club,Forward,25,186,83,Right,High,High,69.1,65.7,67.3,59.6,70.3,65.5,62.3,60.0,59.5,48.7,55.1,68.2,59.6,37.1,26.2,22.0,55.0,60.6,62.4,73.4,1604,20,0.29,0.19,65.0,40.0,8.8,0.71,62.8,Developing,0
PLR-3733,Cole Moreno #2834,USA,La Liga,Real Madrid,Goalkeeper,30,190,75,Right,High,High,43.2,47.4,40.0,80.4,72.0,71.0,36.7,29.0,51.8,68.4,20.7,26.5,57.6,39.2,18.0,25.0,65.8,71.0,71.4,79.4,2557,32,0.0,0.01,49.1,50.0,3.8,9.06,80.1,Star,1
PLR-3734,Theo Santos #2835,France,Bundesliga,RB Leipzig,Goalkeeper,23,189,91,Right,High,Medium,46.2,35.0,40.0,73.0,55.5,59.3,30.1,25.0,40.0,44.4,23.9,25.5,53.9,35.3,18.0,18.0,57.0,55.5,54.7,85.9,1901,24,0.0,0.01,48.0,50.0,3.8,1.53,63.7,Developing,0
PLR-3735,David Kroos #2836,Nigeria,Premier League,Aston Villa,Defender,27,183,71,Right,Medium,High,79.3,86.8,89.2,86.8,70.6,96.6,75.4,65.8,77.4,71.3,58.0,45.7,79.1,93.0,94.4,94.5,84.4,83.6,89.3,58.6,3299,38,0.01,0.1,72.0,88.5,9.74,42.71,91.3,Elite,2
PLR-3736,Alphonso Barella #2837,Senegal,Ligue 1,Paris Saint-Germain,Goalkeeper,30,186,87,Right,Medium,Medium,46.8,49.5,43.4,82.3,62.8,73.5,38.8,32.7,52.2,56.1,28.3,15.0,63.4,42.3,24.1,19.9,63.8,69.1,67.3,76.0,2967,38,0.0,0.0,48.0,50.0,3.8,6.99,79.8,Star,1
PLR-3737,Julian Rodriguez #2838,Uruguay,Premier League,Aston Villa,Midfielder,29,183,69,Right,High,Low,70.8,70.1,83.5,60.4,64.6,58.0,81.1,66.3,80.6,84.3,72.0,71.1,71.9,57.8,65.1,55.9,76.3,72.6,63.8,69.1,2003,25,0.18,0.52,75.0,52.9,11.01,9.39,77.8,Star,1
PLR-3738,Khvicha Davies #2839,Ghana,Premier League,Aston Villa,Goalkeeper,29,190,83,Right,High,Low,44.6,46.9,40.0,76.1,57.7,73.3,42.1,34.8,45.5,42.0,24.6,21.5,46.0,42.7,26.1,27.6,62.8,64.7,56.9,65.8,1981,25,0.0,0.0,48.0,50.0,3.8,5.94,77.3,Star,1
PLR-3739,Gianluigi Donnarumma #2840,Brazil,Serie A,Napoli,Forward,29,188,68,Right,High,High,66.9,75.0,63.3,58.7,62.1,64.9,66.1,80.9,62.2,48.1,54.8,71.3,76.5,39.7,40.0,22.0,63.0,72.4,65.2,83.1,1773,22,0.44,0.28,65.0,40.0,8.8,3.37,72.9,Star,1
PLR-3740,Bukayo Santos #2841,Italy,Serie A,Roma,Midfielder,28,174,74,Left,High,Low,61.6,79.4,68.3,62.5,69.3,57.5,69.6,68.6,67.6,65.1,64.1,60.5,62.8,62.8,56.0,60.2,70.3,72.3,60.3,79.9,1777,22,0.04,0.39,75.0,52.0,9.81,0.59,66.1,Developing,0
PLR-3741,Ruben Rodriguez #2842,Ghana,La Liga,Atletico Madrid,Forward,23,178,78,Right,High,Medium,67.9,75.4,67.4,61.6,70.0,64.1,71.4,70.0,64.8,46.3,64.8,74.2,68.8,41.3,31.9,34.7,53.0,62.4,60.4,77.1,1743,22,0.34,0.1,65.0,40.0,8.8,2.94,68.8,Developing,0
PLR-3742,Ruben Smith #2843,Ghana,Ligue 1,Rennes,Forward,28,174,76,Right,High,Low,84.1,86.0,77.2,73.1,84.6,70.6,78.4,80.2,69.3,62.5,73.2,94.7,87.8,46.3,30.6,32.8,76.3,77.0,73.1,67.6,1493,19,0.73,0.2,65.0,40.0,8.86,19.0,85.2,Elite,2
PLR-3743,Bukayo Maignan #2844,France,La Liga,Athletic Club,Forward,25,186,81,Left,Medium,High,68.0,73.7,65.8,59.5,67.2,62.7,69.7,72.1,61.3,62.9,60.2,73.5,67.5,37.2,31.3,27.5,63.7,65.9,61.1,73.9,2819,36,0.38,0.13,65.0,40.0,8.8,2.35,70.3,Developing,0
PLR-3744,David De Bruyne #2845,South Korea,Bundesliga,Bayer Leverkusen,Midfielder,28,183,67,Right,Medium,High,70.9,69.6,84.4,69.2,77.1,73.7,78.3,73.7,82.3,84.9,75.4,60.1,74.7,57.8,67.3,63.9,85.8,71.1,72.8,73.6,1718,22,0.11,0.64,75.0,56.7,10.55,6.3,78.3,Star,1
PLR-3745,Osimhen Davies #2846,Argentina,Serie A,Fiorentina,Defender,24,177,86,Right,High,Medium,54.5,50.0,58.0,68.0,50.3,58.0,50.0,42.0,52.0,48.0,49.2,30.0,54.2,65.0,66.4,63.0,52.0,48.1,54.8,83.1,2276,29,0.01,0.04,72.0,66.4,8.5,1.58,62.4,Developing,0
PLR-3746,Kaoru Musiala #2847,Japan,Ligue 1,Nice,Midfielder,27,175,71,Right,Medium,Medium,69.6,61.8,81.5,67.3,82.3,62.3,79.3,75.1,84.4,83.0,78.6,68.1,73.4,68.7,62.6,57.3,84.1,73.3,70.1,73.1,1853,23,0.14,0.77,75.0,52.0,11.43,11.11,78.1,Star,1
PLR-3747,Declan Haaland #2848,Japan,Ligue 1,Nice,Forward,19,179,70,Right,High,High,89.6,89.6,76.0,69.9,90.3,84.7,92.7,90.5,77.9,60.0,77.3,90.5,87.3,45.2,36.2,45.7,72.6,78.5,81.6,64.5,2876,36,0.57,0.24,65.0,40.0,9.22,37.18,88.5,Elite,2
PLR-3748,Alessandro Santos #2849,Italy,La Liga,Barcelona,Defender,26,187,83,Right,High,High,81.9,75.7,79.4,89.4,72.8,80.5,68.1,53.5,73.8,65.7,59.4,44.5,65.4,87.8,94.3,87.0,69.3,75.6,85.5,59.8,2572,32,0.07,0.11,72.0,87.5,8.99,27.4,87.2,Elite,2
PLR-3749,Federico Martinez #2850,Croatia,La Liga,Atletico Madrid,Midfielder,26,179,77,Right,Medium,Medium,66.7,61.5,72.6,62.0,58.0,51.4,64.2,61.7,68.2,71.7,58.1,52.2,59.4,49.0,58.3,41.6,56.1,60.8,70.3,77.0,2420,31,0.1,0.2,75.0,52.9,,3.9,63.7,Developing,0
PLR-3750,Carlos Tanaka #2851,Croatia,Serie A,Napoli,Midfielder,22,179,66,Right,Medium,Medium,73.3,67.4,93.3,74.1,80.6,62.6,83.4,77.7,84.4,83.5,72.5,58.5,78.8,63.8,55.0,58.1,80.5,69.4,60.1,75.0,2221,28,0.09,0.65,76.0,52.0,,13.2,77.8,Star,1
PLR-3751,Rafael Haaland #2852,Spain,La Liga,Real Madrid,Defender,21,183,82,Right,Medium,High,69.9,74.0,76.2,98.0,72.9,82.5,71.9,56.8,74.2,69.0,68.4,44.5,64.5,88.0,87.3,82.1,67.5,67.6,75.3,63.6,1983,25,0.02,0.06,72.0,83.1,8.5,28.21,85.4,Elite,2
PLR-3752,Declan Jones #2853,Portugal,Ligue 1,Nice,Forward,20,187,73,Right,High,Low,84.5,90.8,69.7,67.3,81.7,76.0,84.6,84.2,74.1,53.3,78.8,83.1,77.0,34.8,34.5,41.3,70.9,69.7,77.1,,2280,29,0.59,0.21,65.0,40.0,8.8,19.05,81.6,Star,1
PLR-3753,Gianluigi Diallo #2854,Nigeria,Serie A,Juventus,Midfielder,31,169,76,Right,Medium,Medium,84.9,81.3,85.0,71.4,81.9,83.0,94.4,86.4,95.9,91.4,90.9,80.0,78.1,77.8,62.1,60.4,94.6,78.9,75.8,74.3,2184,28,0.22,0.85,87.6,52.4,11.35,21.54,87.7,Elite,2
PLR-3754,Erling Diallo #2855,Colombia,Serie A,Lazio,Goalkeeper,26,196,78,Left,High,High,53.2,55.4,47.9,85.5,67.5,75.4,43.5,37.9,58.3,58.8,31.8,22.7,57.3,37.8,18.0,25.4,74.8,73.9,69.4,71.1,1535,19,0.0,0.01,48.0,50.0,3.81,14.56,80.8,Star,1
PLR-3755,Achraf Jones #2856,Germany,Ligue 1,Nice,Midfielder,26,191,74,Left,Medium,High,64.2,65.6,77.2,56.1,73.6,69.0,82.4,77.0,79.1,83.9,67.6,66.7,69.1,63.7,56.3,43.3,82.6,68.8,52.7,70.6,3420,38,0.02,0.63,75.0,54.1,10.09,7.97,78.9,Star,1
PLR-3756,Erling Donnarumma #2857,England,La Liga,Real Madrid,Midfielder,25,174,74,Left,Medium,Low,68.8,72.6,79.8,65.4,74.8,60.9,71.4,63.6,72.2,76.2,68.9,68.6,69.2,60.8,54.6,59.4,74.8,61.1,62.8,74.6,3272,38,0.2,0.57,75.0,52.0,10.8,2.55,69.6,Developing,0
PLR-3757,Cole Traore #2858,Belgium,Serie A,Fiorentina,Defender,21,187,73,Left,Medium,Medium,62.9,71.7,75.4,71.6,54.6,75.7,61.7,60.4,66.8,61.6,54.3,38.8,57.2,69.2,79.3,78.0,61.5,54.9,69.3,77.7,1848,23,0.14,0.03,72.0,78.1,8.5,3.52,70.9,Developing,0
PLR-3758,Gabriel Mendes #2859,Uruguay,Serie A,Roma,Defender,26,183,76,Right,Medium,Medium,73.2,64.7,76.0,86.0,64.8,79.4,67.7,55.6,70.7,70.9,63.4,47.9,71.8,82.7,93.5,91.8,64.0,73.1,77.7,73.8,1635,20,0.03,0.1,72.0,87.7,9.28,15.97,83.5,Elite,2
PLR-3759,Alisson Bellingham #2860,Morocco,Bundesliga,Bayer Leverkusen,Forward,26,173,70,Left,High,Medium,89.2,88.6,84.5,77.5,83.1,84.6,81.9,90.9,80.2,62.6,61.5,89.8,87.4,47.3,29.3,37.4,68.9,79.1,79.9,70.5,2444,31,0.7,0.29,72.6,40.0,9.5,27.16,86.5,Elite,2
PLR-3760,Pedri Silva #2861,Germany,Bundesliga,Bayern Munich,Forward,23,187,77,Right,Medium,Medium,83.5,83.8,64.9,74.3,79.9,69.3,70.1,85.1,61.4,61.0,71.1,89.2,80.7,39.2,54.1,38.2,71.1,78.9,70.3,76.0,3060,38,0.49,0.15,65.0,40.0,8.8,13.33,81.0,Star,1
PLR-3761,Jude Courtois #2862,France,Premier League,Arsenal,Forward,20,181,84,Left,Medium,High,81.8,83.2,85.6,73.4,77.8,76.5,78.6,83.6,74.2,65.8,64.1,87.9,76.3,36.3,45.5,43.0,67.0,68.7,72.9,70.3,2488,31,0.54,0.16,65.0,40.0,10.32,16.83,81.3,Star,1
PLR-3762,Enzo Mendes #2863,Argentina,Premier League,Arsenal,Midfielder,31,187,74,Right,High,Medium,55.0,56.0,65.0,52.1,67.2,61.8,65.2,70.0,,71.5,73.3,61.0,63.4,52.2,50.7,42.9,66.0,61.1,44.3,85.0,2116,27,0.15,0.43,75.0,52.0,9.8,2.76,64.3,Developing,0
PLR-3763,Mike Sato #2864,Uruguay,Premier League,Liverpool,Midfielder,29,172,74,Left,Medium,High,71.3,78.1,89.7,81.9,77.0,68.1,80.7,76.1,86.2,89.4,73.6,75.3,74.9,72.9,53.6,58.2,87.9,78.3,70.8,70.1,1770,22,0.14,0.79,77.9,52.0,12.22,20.48,82.8,Elite,2
PLR-3764,Alphonso Santos #2865,Nigeria,Serie A,Fiorentina,Forward,28,177,75,Left,Medium,Medium,79.8,85.4,78.0,61.6,79.3,69.1,81.3,79.7,66.8,72.6,67.3,83.1,74.5,31.0,42.7,29.6,65.8,77.3,68.5,72.6,3160,38,0.52,0.24,65.0,40.0,9.3,9.93,79.3,Star,1
PLR-3765,Dominik Musiala #2866,Italy,La Liga,Barcelona,Goalkeeper,29,184,87,Left,Low,High,46.4,61.3,40.0,84.4,65.3,84.2,35.6,44.8,61.0,64.3,25.7,15.0,70.5,38.8,18.9,26.6,79.6,74.4,78.1,68.2,1686,21,0.0,0.02,48.0,50.0,3.8,24.32,86.0,Elite,2
PLR-3766,Bukayo Courtois #2867,Norway,Bundesliga,VfB Stuttgart,Midfielder,33,176,73,Right,High,High,62.6,68.7,75.1,66.9,80.1,66.5,78.8,84.0,83.4,79.3,76.6,74.3,72.0,62.8,60.5,56.7,82.4,77.0,63.3,69.9,1621,20,0.11,0.63,76.2,52.0,9.8,4.17,77.9,Star,1
PLR-3767,Ruben Musiala #2868,Japan,Ligue 1,Lyon,Forward,25,179,76,Left,High,High,67.5,79.9,74.9,60.5,67.4,64.8,70.3,79.1,57.0,58.0,66.6,71.9,75.6,31.1,25.0,28.1,63.9,65.1,58.0,79.9,2999,38,0.3,0.11,65.0,40.0,8.94,1.17,69.3,Developing,0
PLR-3768,Son Saliba #2869,England,La Liga,Real Sociedad,Midfielder,19,182,66,Left,Low,Low,66.7,68.2,78.1,56.5,70.8,56.9,80.3,76.2,84.3,84.6,75.9,61.7,71.8,63.4,59.6,55.0,74.3,68.2,49.7,62.9,1329,17,0.12,0.55,76.7,52.0,10.94,9.93,75.0,Star,1
PLR-3769,Gianluigi Maignan #2870,Nigeria,Bundesliga,Bayer Leverkusen,Defender,30,179,82,Right,High,Medium,55.1,65.5,58.0,69.5,53.8,68.2,54.4,54.8,57.5,54.9,53.6,31.2,64.7,65.0,71.8,69.8,58.5,64.2,51.1,,1935,24,0.11,0.03,72.0,64.8,8.5,2.83,65.9,Developing,0
PLR-3770,Enzo Musiala #2871,France,La Liga,Real Sociedad,Forward,27,189,75,Right,Medium,Medium,86.3,86.2,74.8,75.3,80.0,79.3,85.1,86.5,74.2,64.4,72.6,95.1,83.7,45.2,35.9,28.9,70.0,75.9,66.2,68.3,1806,23,0.49,0.26,65.0,40.0,8.8,23.4,85.8,Elite,2
PLR-3771,Victor Valverde #2872,Argentina,Premier League,Newcastle,Forward,18,186,83,Right,High,High,81.2,85.7,71.6,75.3,82.9,70.6,80.9,83.5,73.3,62.4,69.3,95.7,88.1,48.3,43.7,33.0,68.4,64.4,60.6,70.8,1192,15,0.68,0.36,65.0,40.0,8.8,15.37,81.7,Star,1
PLR-3772,Osimhen Camavinga #2873,Italy,Bundesliga,VfB Stuttgart,Defender,24,187,83,Right,Low,Medium,75.7,71.6,70.8,87.4,68.1,78.0,65.4,59.4,65.5,61.7,60.1,42.1,66.3,78.8,82.5,78.9,68.9,67.6,72.7,66.5,3086,38,0.21,0.07,72.0,70.5,8.5,14.76,80.3,Star,1
PLR-3773,Rodri Smith #2874,Germany,La Liga,Atletico Madrid,Midfielder,26,168,80,Right,Medium,High,78.5,74.4,78.3,65.9,69.7,69.4,77.4,80.8,84.1,88.7,72.6,72.9,75.2,68.7,68.9,60.7,83.2,78.5,70.6,77.0,2423,31,0.08,0.67,79.8,64.1,10.08,8.48,79.6,Star,1
PLR-3774,Virgil Martinez #2875,Nigeria,Ligue 1,Paris Saint-Germain,Midfielder,30,183,86,Right,High,Medium,68.4,69.8,77.6,66.4,75.3,61.9,79.6,73.1,76.3,80.7,75.0,70.1,70.0,64.3,58.9,64.8,79.6,76.7,63.5,73.3,2785,35,0.08,0.6,75.0,52.0,10.07,2.64,75.3,Star,1
PLR-3775,Eduardo Tanaka #2876,Nigeria,Bundesliga,Bayer Leverkusen,Midfielder,25,182,80,Right,High,High,76.2,75.2,92.9,77.4,83.2,75.4,84.0,79.5,88.7,84.6,74.8,75.9,80.1,58.2,66.1,68.4,88.5,77.8,67.0,70.6,1976,25,0.18,0.83,77.7,58.2,12.13,22.43,85.9,Elite,2
PLR-3776,Vinicius Oblak #2877,Norway,Serie A,Atalanta,Forward,24,178,79,Right,High,High,83.4,83.7,81.2,68.9,76.1,77.6,80.0,90.6,70.7,66.9,74.6,90.3,88.8,47.2,40.6,40.0,66.7,79.7,79.5,78.1,1431,18,0.59,0.23,65.0,40.0,9.65,27.41,85.6,Elite,2
PLR-3777,Antony Van Dijk #2878,Nigeria,La Liga,Real Sociedad,Forward,22,171,64,Right,Medium,High,89.6,85.6,81.9,71.7,80.9,79.2,85.4,86.8,80.6,64.2,71.8,83.2,83.8,37.7,30.2,37.9,67.7,75.6,67.5,74.9,475,8,0.58,0.31,74.5,40.0,9.72,25.81,84.8,Elite,2
PLR-3778,Federico Camavinga #2879,Morocco,Bundesliga,Bayern Munich,Midfielder,20,188,78,Right,Low,Medium,58.4,66.6,77.5,69.3,73.6,65.4,78.7,74.5,77.1,82.5,76.0,64.2,68.8,65.0,54.6,52.9,70.7,64.4,55.7,73.5,2286,29,0.09,0.48,75.0,52.0,,4.83,71.3,Star,1
PLR-3779,William Kim #2880,South Korea,Premier League,Manchester United,Forward,30,191,79,Right,High,Medium,77.6,74.4,67.1,66.5,71.1,62.1,67.7,74.6,70.2,60.0,59.7,77.3,80.1,30.0,28.7,30.6,62.7,61.0,62.3,81.1,2768,35,0.39,0.23,65.0,40.0,8.8,3.65,73.3,Star,1
PLR-3780,Son Garcia #2881,Belgium,La Liga,Real Sociedad,Forward,21,168,80,Left,High,High,80.5,74.4,77.8,74.7,82.5,76.5,88.3,84.6,75.8,64.6,66.5,89.9,79.9,38.6,45.1,28.7,63.9,70.7,69.7,69.0,1294,16,0.72,0.19,65.0,40.0,8.8,13.79,80.6,Star,1
PLR-3781,Mateo Musiala #2882,Argentina,La Liga,Real Sociedad,Defender,28,182,75,Right,High,Medium,69.0,67.1,,80.0,65.9,72.6,72.2,64.0,66.9,76.9,57.3,35.8,65.3,88.2,87.1,81.8,73.7,77.7,83.4,72.3,1437,18,0.04,0.07,72.0,80.5,9.16,12.16,82.9,Elite,2
PLR-3782,Marcus Williams #2883,Italy,Premier League,Newcastle,Goalkeeper,22,196,77,Right,High,Medium,48.9,42.5,40.0,74.5,61.4,69.2,40.0,26.1,46.1,43.3,25.1,23.0,57.7,39.4,22.5,18.3,63.5,60.8,58.7,80.5,3092,38,0.0,0.01,48.0,50.0,3.84,3.78,70.6,Developing,0
PLR-3783,Luka Maignan #2884,England,Serie A,AC Milan,Defender,24,180,77,Right,Low,High,67.2,70.1,73.4,73.2,63.8,71.7,65.5,52.2,65.2,66.1,57.2,35.2,63.8,81.4,76.4,71.9,61.4,71.6,74.5,,1081,13,0.01,0.04,72.0,71.2,8.67,6.7,75.0,Star,1
PLR-3784,Mateo Hernandez #2885,Ghana,Premier League,Liverpool,Defender,22,177,68,Right,Medium,Medium,77.7,74.7,88.1,85.1,68.0,86.6,68.9,72.9,75.1,72.9,65.5,52.9,71.4,90.8,99.0,93.4,67.7,76.6,77.0,72.7,2222,28,0.02,0.15,72.0,89.3,9.59,65.0,92.7,Elite,2
PLR-3785,Gianluigi Foden #2886,USA,Ligue 1,Monaco,Forward,20,179,66,Right,High,Medium,76.0,80.2,69.8,67.8,78.8,59.2,77.7,80.7,74.1,60.6,65.6,87.8,75.4,32.2,40.8,40.6,62.6,67.9,70.8,69.4,2307,29,0.49,0.21,65.0,40.0,8.8,11.58,78.4,Star,1
PLR-3786,Mike Hakimi #2887,Spain,Bundesliga,Eintracht Frankfurt,Goalkeeper,23,190,84,Right,Medium,High,53.5,49.1,45.2,73.5,62.8,71.5,35.0,29.8,50.7,58.5,30.8,21.6,66.5,42.7,27.4,19.7,67.5,71.8,64.2,76.6,2297,29,0.0,0.0,48.0,50.0,3.8,10.45,78.4,Star,1
PLR-3787,Nicolo Sato #2888,England,Serie A,Juventus,Forward,24,177,65,Left,High,High,75.8,67.1,62.6,58.3,68.3,65.6,75.5,71.8,63.8,59.7,62.7,70.0,69.8,35.9,25.5,23.7,63.4,69.5,53.5,84.5,1989,25,0.23,0.16,65.0,40.0,8.8,3.59,69.3,Developing,0
PLR-3788,Darwin Smith #2889,France,La Liga,Barcelona,Goalkeeper,22,189,85,Right,High,Medium,46.0,38.6,40.0,68.6,61.6,73.6,43.0,26.1,46.9,48.1,20.0,16.4,52.0,37.4,31.9,25.5,64.7,65.2,69.5,69.6,1534,19,0.0,0.02,48.0,50.0,3.8,11.2,74.0,Star,1
PLR-3789,Federico Davies #2890,Brazil,La Liga,Girona,Goalkeeper,21,184,80,Right,High,Medium,50.5,45.1,47.1,72.9,46.7,68.8,35.3,37.9,,54.3,30.4,19.8,61.6,25.9,23.6,26.9,50.2,55.2,59.6,77.9,1786,22,0.0,0.0,48.0,50.0,3.8,3.15,70.9,Developing,0
PLR-3790,Virgil Tanaka #2891,Portugal,Bundesliga,Eintracht Frankfurt,Defender,30,179,80,Right,High,Medium,89.9,92.1,93.5,98.3,86.8,96.7,81.7,74.5,,79.8,71.4,53.5,78.8,99.0,99.0,98.0,88.0,85.8,80.9,65.4,2535,32,0.04,0.14,73.6,91.0,10.71,44.89,94.5,Elite,2
PLR-3791,Son Wirtz #2892,USA,Ligue 1,Marseille,Goalkeeper,23,191,80,Right,High,Medium,48.1,49.9,47.4,80.5,67.5,77.8,30.0,29.5,56.3,51.1,31.2,15.0,59.5,39.7,24.6,15.8,72.0,70.3,58.2,79.8,2232,28,0.0,0.01,48.0,50.0,3.8,15.67,80.2,Star,1
PLR-3792,Alisson Bellingham #2893,Brazil,La Liga,Real Sociedad,Midfielder,27,189,72,Left,High,Medium,81.5,80.8,96.2,71.2,78.4,70.9,97.0,82.5,92.8,93.1,85.6,78.1,79.1,80.8,70.8,72.4,86.3,84.6,71.7,66.8,2999,38,0.24,0.83,80.2,63.4,11.74,30.23,89.2,Elite,2
PLR-3793,Erling Rice #2894,England,La Liga,Villarreal,Forward,28,192,71,Right,High,Medium,63.0,64.7,57.5,50.0,60.0,52.0,58.0,61.5,57.3,44.1,53.1,67.3,60.3,38.7,29.0,22.0,55.9,57.5,60.9,84.5,3215,38,0.33,0.02,65.0,40.0,8.8,0.69,62.6,Developing,0
PLR-3794,Alisson Rodriguez #2895,Brazil,Premier League,Tottenham,Midfielder,26,189,85,Left,Medium,Medium,75.5,79.3,88.4,70.0,76.3,70.9,81.9,74.1,81.1,77.5,63.8,67.5,68.5,58.9,73.1,61.7,79.8,68.2,68.8,76.6,2081,26,0.15,0.54,75.0,59.1,11.02,9.81,79.5,Star,1
PLR-3795,Luka Hernandez #2896,Japan,Ligue 1,Rennes,Midfielder,27,181,77,Left,Medium,Medium,67.4,71.1,85.5,71.6,78.0,62.6,83.2,73.6,77.9,86.0,83.1,66.1,74.0,60.7,64.7,58.8,77.7,73.1,62.6,84.4,1718,22,0.18,0.65,75.0,53.9,11.48,7.83,76.3,Star,1
PLR-3796,Kylian Courtois #2897,Croatia,La Liga,Villarreal,Forward,25,196,90,Left,Medium,Medium,83.1,96.3,62.0,72.0,87.5,81.1,86.8,85.2,75.3,66.6,69.9,88.0,83.8,44.3,40.2,47.8,69.3,78.6,58.8,,1993,25,0.6,0.37,65.0,40.0,,10.71,82.0,Star,1
PLR-3797,Alessandro Rice #2898,Argentina,Premier League,Tottenham,Midfielder,23,183,70,Right,Low,Medium,75.6,73.8,88.8,71.4,88.5,64.1,95.0,81.8,93.9,94.7,80.6,70.5,88.8,70.8,68.6,75.8,86.2,72.4,70.3,70.4,1673,21,0.18,0.72,85.7,56.6,10.82,36.36,87.1,Elite,2
PLR-3798,Achraf Mendes #2899,Croatia,La Liga,Barcelona,Goalkeeper,22,182,88,Right,Medium,Medium,41.5,37.2,41.4,69.2,59.8,65.2,35.4,29.6,40.0,45.5,20.0,16.0,63.1,29.3,21.7,17.1,62.8,64.7,58.0,75.9,2314,29,0.0,0.0,48.0,50.0,3.8,2.29,65.4,Developing,0
PLR-3799,Alexis Hernandez #2900,Canada,Serie A,Juventus,Forward,20,188,74,Right,High,Medium,67.3,64.2,57.9,62.9,70.5,61.3,67.0,75.9,67.0,59.4,51.9,76.0,67.6,39.2,27.9,22.0,51.8,65.5,62.7,74.4,1780,22,0.44,0.05,65.0,40.0,8.8,4.77,70.5,Developing,0
PLR-3800,Eduardo Sato #2901,Senegal,Bundesliga,VfB Stuttgart,Defender,25,188,84,Left,Medium,Low,62.1,59.0,68.4,83.8,61.3,67.1,60.8,54.9,59.3,63.4,53.7,37.3,59.9,80.9,80.5,75.1,66.1,66.1,75.1,67.3,1553,19,0.09,0.02,72.0,72.6,8.5,5.94,75.9,Star,1
PLR-3801,Virgil Dias #2902,Senegal,Premier League,Liverpool,Goalkeeper,22,194,91,Left,Medium,High,46.5,38.3,40.0,72.1,62.5,69.1,34.9,29.9,49.5,57.8,20.7,21.7,58.7,26.1,26.4,17.8,56.8,61.6,65.9,65.7,1502,19,0.0,0.02,48.0,50.0,3.8,7.2,74.8,Star,1
PLR-3802,Pedri Silva #2903,Norway,Serie A,Inter Milan,Goalkeeper,23,194,79,Right,Medium,High,47.9,48.5,43.3,66.9,51.5,86.0,42.9,25.0,42.6,51.7,22.8,24.8,73.3,42.0,18.2,23.2,66.8,70.0,61.8,73.6,2898,37,0.0,0.01,48.0,50.0,3.8,7.52,74.6,Star,1
PLR-3803,Jamal Diallo #2904,Belgium,Serie A,Roma,Goalkeeper,20,187,86,Right,High,High,51.3,39.7,40.0,65.2,61.4,60.3,34.8,31.1,45.0,42.1,24.9,25.4,49.9,36.9,21.5,15.0,51.7,57.7,58.5,70.0,2266,29,0.0,0.03,48.0,50.0,3.8,0.5,67.7,Developing,0
PLR-3804,Gabriel Hakimi #2905,Germany,La Liga,Atletico Madrid,Midfielder,19,177,69,Left,Low,High,72.3,81.2,97.5,76.0,92.5,72.5,93.9,80.3,96.4,91.5,83.4,74.6,86.5,74.4,76.1,74.2,92.8,81.1,79.3,64.4,2399,30,0.16,0.85,89.3,63.9,12.6,42.11,89.6,Elite,2
PLR-3805,Gabriel Bellingham #2906,USA,Ligue 1,Nice,Goalkeeper,23,186,80,Right,Medium,High,38.6,52.9,49.1,86.1,57.1,76.1,47.3,35.2,65.3,52.1,22.7,15.0,60.5,36.0,26.5,24.2,68.9,66.1,63.8,72.8,2538,32,0.0,0.0,48.0,50.0,3.8,11.97,78.9,Star,1
PLR-3806,Ruben Camavinga #2907,Germany,Ligue 1,Lyon,Defender,28,188,81,Right,High,Medium,77.6,82.4,90.6,95.0,73.4,88.6,84.0,72.4,,82.4,76.4,47.9,79.1,99.0,99.0,95.3,89.6,79.7,90.9,58.5,747,9,0.03,0.08,74.6,88.8,9.58,60.95,94.5,Elite,2
PLR-3807,Virgil Diallo #2908,France,Ligue 1,Lyon,Forward,31,186,75,Left,Medium,Low,78.9,80.8,77.2,74.6,85.8,65.5,83.9,80.0,77.7,65.1,69.8,85.8,74.1,40.0,36.7,40.0,73.6,85.2,71.4,69.6,1915,24,0.54,0.26,65.0,40.0,8.8,11.5,80.8,Star,1
PLR-3808,Jamal Saliba #2909,Uruguay,Premier League,Manchester City,Midfielder,31,179,76,Right,Medium,Medium,70.3,71.2,87.6,67.5,78.4,69.2,78.0,74.6,80.7,83.9,75.6,73.8,72.6,60.5,63.0,63.1,88.2,83.0,73.5,75.5,2140,27,0.18,0.65,75.0,55.6,11.0,8.07,80.2,Star,1
PLR-3809,Bruno Martinez #2910,Spain,Serie A,Juventus,Defender,26,180,81,Right,High,High,76.6,80.2,74.3,93.0,73.1,73.9,78.1,63.1,70.6,74.5,57.9,49.6,64.1,94.3,91.1,85.3,69.0,75.3,80.6,68.8,2022,25,0.1,0.12,72.0,80.6,8.5,24.69,86.1,Elite,2
PLR-3810,Achraf Jones #2911,Belgium,Serie A,Lazio,Forward,20,180,78,Right,High,High,73.1,95.0,73.1,73.6,79.8,80.5,77.9,87.1,76.5,61.9,73.1,89.9,85.2,42.6,34.9,31.3,69.7,69.0,66.7,72.1,2499,32,0.61,0.16,65.0,40.0,,16.3,80.2,Star,1
PLR-3811,Gianluigi Williams #2912,South Korea,Serie A,Napoli,Defender,24,179,73,Right,Low,Medium,69.2,73.5,71.2,76.9,59.2,69.2,62.5,50.1,62.9,54.5,47.8,46.2,48.0,79.7,85.4,76.8,58.6,61.3,68.3,73.3,1916,24,0.09,0.07,72.0,79.3,8.5,7.4,76.4,Star,1
PLR-3812,Ederson Saliba #2913,Japan,Premier League,Chelsea,Defender,24,179,80,Right,Medium,Medium,90.5,83.3,85.6,92.7,73.6,80.7,67.1,66.8,80.7,71.8,60.4,41.5,72.9,89.5,99.0,88.1,74.2,78.7,80.1,60.7,2293,29,0.05,0.09,72.0,93.2,9.04,47.95,90.6,Elite,2
PLR-3813,Nicolo Barella #2914,Ghana,Premier League,Manchester United,Forward,24,179,77,Right,High,High,90.6,93.7,84.4,79.4,90.8,89.4,87.3,93.4,78.1,63.9,74.4,99.0,92.3,53.7,41.7,41.8,79.6,82.3,81.1,66.1,2655,34,0.66,0.24,65.0,40.0,9.35,61.95,91.9,Elite,2
PLR-3814,Declan Silva #2915,Netherlands,Serie A,Fiorentina,Midfielder,26,184,75,Right,Medium,High,80.6,84.6,80.5,71.2,84.9,62.4,80.4,80.6,83.4,84.0,82.2,66.9,71.9,70.3,68.8,53.5,79.1,80.4,75.2,68.7,1586,20,0.1,0.65,77.3,57.9,10.41,9.39,78.8,Star,1
PLR-3815,Eduardo Saka #2916,Croatia,Premier League,Arsenal,Defender,20,182,71,Right,Medium,High,61.8,69.5,70.0,70.6,60.9,63.7,55.3,49.6,65.3,56.4,57.8,35.5,55.5,71.5,80.6,74.1,55.2,59.8,63.0,79.5,2228,28,0.19,0.01,72.0,75.3,8.76,9.95,73.4,Star,1
PLR-3816,Noah Jones #2917,Italy,Premier League,Aston Villa,Midfielder,27,176,75,Left,Medium,Medium,67.1,71.6,81.7,58.8,70.7,64.3,74.2,71.2,81.5,79.8,71.4,62.5,62.4,60.8,67.5,65.0,72.8,75.1,67.8,67.7,2518,32,0.07,0.55,75.0,64.4,10.89,7.18,76.4,Star,1
PLR-3817,Mateo Rodri #2918,Portugal,Serie A,Napoli,Forward,34,180,75,Right,High,Medium,80.0,79.9,66.9,66.4,78.7,77.1,78.0,80.0,71.2,70.2,80.2,88.4,71.6,48.3,32.2,36.7,68.4,77.5,70.7,68.5,2616,33,0.51,0.19,65.0,40.0,8.97,2.99,78.4,Star,1
PLR-3818,Nicolo Maignan #2919,Italy,Premier League,Chelsea,Forward,24,173,81,Right,High,High,82.2,77.8,64.9,64.8,74.6,66.4,76.5,74.9,69.3,54.3,63.7,81.4,72.3,43.6,32.3,34.6,65.4,74.9,62.3,70.5,1129,14,0.48,0.32,65.0,40.0,8.8,9.22,74.2,Star,1
PLR-3819,Achraf Bellingham #2920,Argentina,Serie A,Atalanta,Midfielder,32,179,74,Right,High,Medium,74.3,69.7,84.0,73.0,71.8,64.4,79.6,80.6,78.1,79.9,60.8,65.2,74.1,59.7,54.5,60.0,82.1,76.3,67.5,68.6,1655,21,0.02,0.65,75.0,52.0,10.86,4.55,78.7,Star,1
PLR-3820,Jude Camavinga #2921,Brazil,Serie A,Juventus,Goalkeeper,29,188,82,Right,Medium,Low,43.7,55.5,49.3,86.6,70.1,84.0,43.7,37.9,55.6,63.6,22.5,20.1,72.7,30.5,28.8,26.6,74.9,74.7,73.4,68.8,1428,18,0.0,0.0,50.4,50.0,3.8,24.17,86.1,Elite,2
PLR-3821,Moises Bellingham #2922,Nigeria,Ligue 1,Lille,Forward,22,186,79,Right,Medium,High,80.5,83.0,60.7,74.9,80.4,73.2,78.2,80.5,78.4,51.6,65.5,84.4,83.3,43.6,33.1,27.8,65.9,66.5,67.5,78.2,3233,38,0.61,0.3,68.4,40.0,8.8,11.51,77.7,Star,1
PLR-3822,Erling Foden #2923,South Korea,Premier League,Manchester United,Midfielder,23,182,73,Right,Medium,Medium,55.0,59.9,65.0,56.8,58.0,52.9,64.4,65.4,68.1,73.8,59.8,60.2,64.0,57.6,49.3,43.5,57.5,61.7,61.9,80.1,945,12,0.02,0.37,75.0,52.0,9.8,2.22,63.3,Developing,0
PLR-3823,Federico Kim #2924,Spain,Ligue 1,Lille,Forward,23,178,73,Right,Low,Medium,99.0,97.5,74.9,85.6,97.6,82.1,98.0,98.8,88.8,74.6,81.1,99.0,97.5,48.3,50.4,39.6,79.3,95.6,75.6,74.4,2284,29,0.75,0.48,76.6,40.0,9.02,80.06,94.5,Elite,2
PLR-3824,Aurélien Diallo #2925,Portugal,Bundesliga,Borussia Dortmund,Midfielder,28,182,75,Left,Medium,High,70.2,70.4,75.7,59.9,71.5,62.5,75.3,75.8,84.3,80.9,69.2,70.8,73.7,70.6,58.3,53.2,87.1,72.0,56.6,,2368,30,0.04,0.75,76.1,52.0,10.43,10.03,78.9,Star,1
PLR-3825,Ruben Tchouameni #2926,Ghana,Ligue 1,Marseille,Defender,28,185,79,Right,High,Medium,60.9,55.5,65.7,75.8,54.4,70.7,53.0,46.2,52.0,64.9,47.3,44.8,51.8,71.4,75.1,75.2,59.8,59.3,55.3,82.7,1913,24,0.1,0.07,72.0,67.6,8.5,6.36,72.9,Star,1
PLR-3826,Eduardo Davies #2927,Ghana,Serie A,Inter Milan,Defender,37,187,77,Right,High,High,53.3,53.9,73.4,81.5,63.2,81.6,68.2,58.7,65.7,61.7,62.9,43.2,69.9,86.8,87.1,70.0,84.3,78.3,76.4,,1691,21,0.01,0.06,72.0,75.8,9.27,7.38,80.9,Star,1
PLR-3827,Dominik Hernandez #2928,Canada,La Liga,Atletico Madrid,Forward,22,176,71,Right,Medium,Medium,65.0,70.4,56.2,51.0,70.0,65.9,74.5,66.7,56.2,51.1,48.9,69.1,80.4,39.2,27.3,25.0,65.6,61.9,64.2,70.6,2058,26,0.37,0.05,65.0,40.0,8.8,3.13,67.9,Developing,0
PLR-3828,Pedri Hernandez #2929,Japan,Ligue 1,Monaco,Midfielder,26,182,81,Right,Medium,Medium,68.4,62.7,85.6,78.3,77.9,63.8,74.4,78.5,85.0,79.9,73.0,71.2,76.8,68.1,70.3,60.5,82.4,76.9,66.6,75.0,1840,23,0.22,0.68,79.1,62.6,10.98,12.48,79.8,Star,1
PLR-3829,Vinicius Tanaka #2930,USA,Premier League,Aston Villa,Forward,27,182,74,Right,High,Medium,69.3,73.8,55.0,50.0,66.2,67.4,65.5,61.2,59.4,52.3,59.5,70.4,66.9,39.0,33.1,32.3,54.4,51.7,45.7,71.8,2264,29,0.19,0.16,65.0,40.0,8.8,0.61,65.0,Developing,0
PLR-3830,Achraf Diallo #2931,Italy,Premier League,Chelsea,Midfielder,23,179,83,Right,Medium,High,64.6,65.4,68.1,60.2,58.0,51.8,66.6,60.6,69.6,70.8,57.1,52.7,63.5,54.6,56.1,55.0,66.8,66.8,60.9,75.6,2091,26,0.02,0.35,75.0,52.0,9.8,2.12,66.1,Developing,0
PLR-3831,Dominik De Bruyne #2932,Japan,Serie A,AC Milan,Defender,23,188,78,Left,Low,Medium,70.4,79.0,81.0,81.7,68.5,74.3,60.6,55.3,72.6,64.7,58.2,42.2,77.6,76.8,84.6,84.6,67.3,67.1,70.7,74.7,2259,28,0.04,0.03,72.0,77.3,9.06,14.39,79.2,Star,1
PLR-3832,Alisson Schmidt #2933,Morocco,Ligue 1,Monaco,Forward,30,191,76,Right,High,Low,67.4,74.4,77.4,65.8,73.0,53.9,75.1,75.3,,50.8,52.7,79.3,76.4,46.4,39.5,30.3,63.9,72.4,69.1,76.1,2187,28,0.42,0.18,65.0,40.0,8.98,6.63,73.2,Star,1
PLR-3833,Trent Davies #2934,Morocco,La Liga,Atletico Madrid,Midfielder,28,181,76,Right,Medium,High,73.7,66.6,75.1,76.4,65.6,58.0,77.1,77.1,76.9,75.0,64.5,65.0,67.7,55.0,66.4,62.2,73.8,75.6,81.8,63.0,2037,26,0.1,0.46,75.0,62.2,10.22,7.28,76.9,Star,1
PLR-3834,Ederson Sato #2935,Portugal,Premier League,Newcastle,Midfielder,31,170,70,Right,Low,High,62.3,72.6,83.1,64.6,74.2,62.8,75.5,70.0,78.1,75.3,76.7,69.6,70.9,51.5,59.0,60.8,80.5,75.1,61.4,69.7,2220,28,0.12,0.65,75.0,53.2,10.83,3.38,74.3,Star,1
PLR-3835,Gavi Sato #2936,Portugal,Bundesliga,Eintracht Frankfurt,Goalkeeper,30,187,84,Left,Medium,Low,52.5,49.0,54.5,83.5,60.2,76.5,51.1,36.8,,51.4,38.9,22.1,65.1,27.2,28.9,18.3,75.9,79.7,81.2,66.3,2468,31,0.0,0.0,48.0,50.0,4.04,22.93,88.9,Elite,2
PLR-3836,Pedri Musiala #2937,Portugal,Serie A,Lazio,Goalkeeper,28,185,77,Right,High,High,38.2,43.8,,67.9,48.4,69.3,34.5,25.0,50.1,42.0,20.0,19.3,50.4,40.4,23.6,16.7,60.7,65.3,69.0,70.3,1980,25,0.0,0.04,48.0,50.0,3.8,2.48,68.2,Developing,0
PLR-3837,Alisson Tchouameni #2938,Nigeria,Serie A,AC Milan,Forward,23,177,73,Right,Medium,High,75.2,82.0,68.2,58.3,83.6,63.9,72.6,75.1,70.3,56.5,65.6,80.6,80.5,40.9,39.6,29.8,65.7,70.5,68.8,81.1,2313,29,0.63,0.17,65.0,40.0,8.8,8.62,74.7,Star,1
PLR-3838,Florian Fernandez #2939,Croatia,Ligue 1,Nice,Defender,26,177,81,Left,Medium,Medium,76.2,76.6,79.8,87.6,72.4,88.2,82.9,65.9,71.5,76.2,72.1,38.5,67.6,88.1,84.9,92.3,70.6,76.9,76.1,78.8,1876,24,0.02,0.11,72.0,73.7,9.8,25.12,86.9,Elite,2
PLR-3839,Kylian Silva #2940,Canada,Bundesliga,Bayer Leverkusen,Midfielder,25,175,64,Right,High,High,68.4,75.2,82.7,53.8,72.3,59.3,80.1,76.6,78.8,81.1,72.4,72.4,57.6,64.1,68.1,57.1,76.8,75.7,70.1,77.9,1730,22,0.16,0.59,75.0,54.6,10.13,7.44,76.2,Star,1
PLR-3840,Luka Jones #2941,Belgium,Bundesliga,VfB Stuttgart,Midfielder,31,180,62,Right,High,Low,67.3,70.8,80.3,71.2,86.6,63.1,82.0,83.0,85.4,90.1,78.3,71.7,83.1,59.6,75.9,63.8,84.6,74.5,78.8,71.7,1914,24,0.2,0.76,75.7,62.4,10.7,8.38,80.6,Star,1
PLR-3841,Son Garcia #2942,England,Ligue 1,Lille,Defender,25,186,83,Right,Low,Medium,68.9,52.8,68.9,75.5,65.9,78.3,66.7,59.0,57.3,66.8,60.9,32.3,56.0,76.5,78.5,81.8,65.9,70.3,74.1,72.0,2481,31,0.03,0.1,72.0,74.9,8.78,5.99,73.6,Star,1
PLR-3842,Lucas Valverde #2943,Croatia,Premier League,Aston Villa,Goalkeeper,28,193,89,Right,Medium,Medium,44.1,36.5,51.4,69.7,52.2,62.8,30.0,35.5,44.6,42.0,20.0,16.2,62.8,25.1,20.9,23.8,60.3,75.5,59.3,75.1,3420,38,0.0,0.0,48.0,50.0,3.91,3.1,70.5,Developing,0
PLR-3843,Liam Garcia #2944,South Korea,La Liga,Real Sociedad,Goalkeeper,30,186,86,Right,Medium,High,46.7,53.4,46.3,91.8,66.1,72.0,51.3,25.5,66.0,59.3,28.7,23.3,67.2,41.5,27.4,20.4,75.3,86.7,74.9,73.2,2089,26,0.0,0.02,48.0,50.0,3.85,32.05,92.5,Elite,2
PLR-3844,Bruno Musiala #2945,Norway,La Liga,Atletico Madrid,Midfielder,35,173,71,Left,High,High,64.0,75.8,83.4,70.5,77.8,67.1,83.0,75.3,88.9,83.1,78.9,73.5,77.7,63.2,69.1,52.9,82.0,87.4,65.4,70.1,2427,31,0.16,0.64,79.0,58.8,10.61,9.74,81.0,Star,1
PLR-3845,Thibaut Bellingham #2946,Morocco,Ligue 1,Nice,Midfielder,25,174,69,Right,Medium,High,68.8,75.7,90.3,66.0,78.2,72.6,81.9,81.1,83.6,73.6,67.5,71.2,81.2,61.7,71.8,54.2,83.7,79.6,63.7,74.6,2335,29,0.04,0.61,78.7,58.8,11.63,14.11,81.3,Star,1
PLR-3846,William Smith #2947,Canada,Bundesliga,Bayer Leverkusen,Defender,27,189,76,Right,High,High,73.5,69.1,66.5,81.4,66.1,65.0,71.7,54.8,57.5,67.0,62.7,45.8,58.1,86.0,86.4,73.7,69.9,73.9,76.9,65.6,1841,23,0.07,0.06,72.0,81.6,8.5,14.76,80.7,Star,1
PLR-3847,Gavi Mueller #2948,Colombia,Ligue 1,Monaco,Forward,29,172,85,Right,Medium,High,89.5,91.5,82.1,74.7,82.5,80.2,89.0,88.5,77.8,65.9,78.5,93.7,87.7,37.9,47.6,41.6,79.2,80.1,77.4,,1768,22,0.61,0.34,72.3,40.0,9.47,32.98,88.6,Elite,2
PLR-3848,Thibaut Rice #2949,Canada,Serie A,Atalanta,Midfielder,24,173,78,Right,High,Medium,73.0,63.3,78.2,66.9,70.1,63.3,80.0,66.8,73.4,76.6,64.9,69.4,69.8,63.0,58.4,44.8,76.3,61.6,71.7,79.1,2204,28,0.15,0.46,75.0,52.0,10.65,4.75,72.6,Star,1
PLR-3849,Julian Hernandez #2950,Spain,Premier League,Arsenal,Midfielder,23,178,80,Left,High,Medium,67.3,66.8,66.5,67.6,66.5,57.5,66.9,64.1,72.0,70.6,72.3,58.6,62.7,55.3,57.1,52.6,64.6,65.8,54.6,71.7,2085,26,0.02,0.29,75.0,52.0,9.8,1.76,66.0,Developing,0
PLR-3850,Cole Rodriguez #2951,Spain,La Liga,Villarreal,Defender,28,179,88,Left,High,High,67.6,73.4,77.8,83.0,67.0,87.0,67.8,58.4,70.0,64.5,53.6,48.4,64.1,85.5,83.0,85.5,75.8,70.0,60.3,,1580,20,0.06,0.01,72.0,74.9,8.5,11.03,80.8,Star,1
PLR-3851,Achraf Davies #2952,Colombia,Ligue 1,Lyon,Forward,28,181,77,Right,High,Medium,69.7,76.7,61.3,63.8,77.7,58.0,70.6,74.8,65.0,49.8,68.4,71.3,67.0,30.0,44.5,30.7,60.0,67.4,58.1,74.7,2355,30,0.27,0.1,65.0,40.0,8.92,4.63,68.2,Developing,0
PLR-3852,Kevin Valverde #2953,Senegal,Serie A,AC Milan,Forward,22,179,78,Right,Medium,Low,92.6,93.5,76.2,77.2,85.2,74.1,85.7,89.0,76.1,68.1,69.2,83.8,77.9,45.7,44.7,38.3,77.8,79.9,62.3,81.4,2487,31,0.6,0.42,66.5,40.0,9.2,19.84,82.5,Elite,2
PLR-3853,Takefusa Saliba #2954,Croatia,Serie A,Roma,Goalkeeper,26,186,82,Right,Medium,High,39.9,41.0,40.0,70.7,45.0,60.5,33.3,25.0,42.6,42.0,28.6,16.1,46.9,27.5,26.4,19.6,61.1,58.4,54.9,84.9,2347,30,0.0,0.02,48.0,50.0,3.8,1.36,67.2,Developing,0
PLR-3854,Trent Modric #2955,Argentina,Serie A,Lazio,Forward,31,182,80,Left,Medium,Low,80.8,91.4,75.4,77.1,80.2,80.2,81.7,86.6,74.4,65.0,70.1,88.1,82.7,46.0,33.7,39.1,74.4,79.5,73.3,72.6,1136,14,0.57,0.33,65.0,40.0,8.85,12.48,84.2,Elite,2
PLR-3855,Gianluigi Garcia #2956,Japan,Serie A,Inter Milan,Midfielder,27,179,74,Right,Medium,High,64.8,56.0,70.9,54.8,67.3,58.1,72.6,64.6,72.6,76.8,71.3,63.5,56.5,53.8,61.5,50.9,67.2,64.3,65.8,69.3,2148,27,0.05,0.39,75.0,52.0,9.8,5.24,69.6,Developing,0
PLR-3856,Declan Saliba #2957,Nigeria,Ligue 1,Lyon,Forward,22,185,82,Right,Medium,High,82.9,83.7,69.7,71.8,74.1,73.3,76.7,73.8,69.0,66.7,69.1,80.5,79.8,35.9,36.8,32.6,63.8,71.8,62.2,75.5,1332,17,0.43,0.21,65.0,40.0,8.8,11.29,76.8,Star,1
PLR-3857,Osimhen Fernandez #2958,South Korea,Bundesliga,RB Leipzig,Forward,28,184,81,Left,Medium,Medium,67.4,65.7,55.0,52.3,60.2,55.9,58.0,62.0,54.2,45.5,53.2,71.6,67.3,35.1,36.4,27.0,57.2,57.1,58.2,75.0,2145,27,0.3,0.02,65.0,40.0,8.8,0.5,62.3,Developing,0
PLR-3858,Federico Alvarez #2959,South Korea,Serie A,Atalanta,Forward,18,176,81,Right,Medium,Medium,80.4,93.8,85.6,78.2,85.4,79.1,79.4,85.6,84.1,71.8,83.7,94.4,88.8,38.4,37.7,39.3,67.1,77.7,76.3,72.6,2167,27,0.74,0.4,71.0,40.0,9.09,21.07,83.6,Elite,2
PLR-3859,Pedri Rodri #2960,Nigeria,Premier League,Tottenham,Forward,22,176,75,Right,Medium,Medium,86.9,81.0,75.2,73.0,86.4,76.8,84.3,88.5,73.0,65.0,70.4,90.6,85.4,47.3,39.5,33.8,65.9,74.5,66.2,72.1,2581,33,0.68,0.22,65.0,40.0,,30.48,86.5,Elite,2
PLR-3860,Jan Diallo #2961,Ghana,Ligue 1,Marseille,Defender,26,192,78,Right,High,Medium,58.3,59.5,64.7,67.4,55.0,65.3,56.7,56.7,52.5,56.4,57.2,32.6,59.0,70.8,74.3,75.1,59.9,65.1,68.6,73.0,1419,18,0.02,0.07,72.0,69.6,8.5,3.05,68.4,Developing,0
PLR-3861,Erling Kroos #2962,Senegal,Bundesliga,Borussia Dortmund,Midfielder,25,175,80,Left,High,High,74.2,70.6,86.5,69.2,78.2,67.6,84.5,81.0,88.7,80.0,75.4,69.1,77.1,64.4,62.5,57.0,77.3,66.7,66.0,75.1,2689,34,0.23,0.59,81.3,55.1,11.19,15.83,83.1,Elite,2
PLR-3862,Gianluigi Smith #2963,Croatia,Serie A,Juventus,Goalkeeper,28,185,83,Left,Medium,Medium,55.0,49.1,53.7,86.9,59.8,81.0,44.9,36.0,,61.4,36.0,26.7,74.0,38.0,29.8,24.0,75.7,79.8,80.5,77.2,3371,38,0.0,0.01,49.7,50.0,4.21,38.56,90.3,Elite,2
PLR-3863,Erling Saliba #2964,Argentina,Ligue 1,Monaco,Midfielder,24,175,76,Left,Medium,High,78.1,72.4,85.6,75.6,78.1,66.9,81.8,78.9,90.9,86.2,69.5,63.7,81.5,69.2,59.0,55.5,81.5,77.8,73.3,79.6,2562,32,0.1,0.65,82.5,52.0,10.84,20.76,82.2,Elite,2
PLR-3864,Nicolo Musiala #2965,Morocco,Serie A,Lazio,Midfielder,29,187,70,Right,High,High,85.5,88.5,92.6,83.1,82.6,70.5,86.9,87.7,96.0,89.5,79.3,76.1,75.5,75.0,66.5,63.6,84.1,82.2,86.2,61.8,1982,25,0.19,0.78,88.1,53.7,11.25,41.23,91.0,Elite,2
PLR-3865,Moises Martinez #2966,Croatia,Premier League,Manchester United,Midfielder,21,177,67,Left,Medium,High,64.1,65.1,79.2,58.1,74.5,68.8,82.1,81.8,85.4,76.6,69.1,60.3,71.9,57.5,62.9,53.1,72.8,69.2,58.4,,2353,30,0.11,0.58,82.0,52.0,11.24,8.46,75.7,Star,1
PLR-3866,Enzo Martinez #2967,USA,Premier League,Arsenal,Midfielder,20,179,73,Left,Medium,High,65.7,61.8,,72.7,73.3,61.5,82.1,84.1,80.1,83.2,71.2,60.5,69.6,72.8,55.3,56.3,67.2,62.7,73.6,77.7,2456,31,0.07,0.36,75.0,52.0,11.3,7.29,73.4,Star,1
PLR-3867,Theo Kim #2968,Canada,La Liga,Villarreal,Defender,21,182,73,Right,Medium,Medium,68.2,71.4,78.9,86.9,66.8,79.2,64.6,58.6,74.3,73.2,67.5,47.4,69.6,83.2,91.9,83.8,63.0,68.8,83.5,67.8,2505,32,0.07,0.1,72.0,79.5,9.41,21.16,83.6,Elite,2
PLR-3868,Gavi Haaland #2969,Argentina,Serie A,Juventus,Midfielder,18,181,69,Right,Medium,High,65.5,69.0,82.4,62.7,68.6,61.2,85.7,78.0,85.4,86.8,72.8,72.1,77.3,61.6,67.9,61.2,68.3,65.5,68.7,65.2,1736,22,0.21,0.62,80.2,56.1,10.99,13.15,79.2,Star,1
PLR-3869,Aurélien Mendes #2970,Japan,Premier League,Manchester United,Midfielder,27,180,68,Right,Medium,Low,55.8,56.0,65.0,48.0,60.8,51.5,62.0,60.9,75.2,62.6,62.2,59.5,57.4,50.1,61.5,57.1,65.0,57.6,53.2,80.5,1289,16,0.04,0.3,75.0,53.9,9.8,4.0,65.5,Developing,0
PLR-3870,Ruben Hakimi #2971,Morocco,Premier League,Chelsea,Defender,30,189,83,Right,Low,High,62.9,68.2,69.8,74.9,59.8,72.2,63.0,62.7,62.2,62.6,52.0,47.6,67.7,71.3,82.4,77.0,63.8,65.6,76.2,73.5,1293,16,0.02,0.02,72.0,67.3,8.8,1.26,74.3,Star,1
PLR-3871,Khvicha Mbappe #2972,France,La Liga,Atletico Madrid,Goalkeeper,23,186,80,Right,Medium,High,50.0,48.6,41.6,62.1,51.8,70.2,42.3,29.1,40.0,43.9,20.0,20.0,54.9,29.3,18.0,15.0,55.2,69.7,46.5,73.6,2359,30,0.0,0.0,48.0,50.0,3.8,3.87,69.8,Developing,0
PLR-3872,Vinicius Schmidt #2973,USA,Premier League,Aston Villa,Defender,28,183,85,Left,Medium,High,77.4,73.2,76.4,87.5,65.7,81.6,62.9,62.0,70.0,80.4,50.4,43.1,69.9,88.2,90.4,83.8,71.3,74.8,81.9,,2944,37,0.01,0.12,72.0,82.6,9.69,13.77,83.3,Elite,2
PLR-3873,Erling Fernandez #2974,Uruguay,Ligue 1,Paris Saint-Germain,Midfielder,22,173,78,Right,High,Medium,55.3,68.0,73.2,56.5,61.5,58.2,71.0,69.4,73.0,65.9,61.3,57.7,68.6,63.3,56.6,54.3,68.5,61.3,56.4,76.0,1944,24,0.02,0.42,75.0,52.0,9.93,6.4,71.0,Developing,0
PLR-3874,Leo Oblak #2975,Ghana,La Liga,Barcelona,Defender,22,178,82,Right,Medium,Medium,82.9,77.3,79.6,86.7,73.5,96.1,71.1,66.8,75.4,76.6,63.2,48.0,76.3,91.2,98.7,88.1,67.9,75.3,83.0,62.7,1293,16,0.0,0.1,72.0,86.2,8.82,48.86,89.4,Elite,2
PLR-3875,Khvicha Foden #2976,Germany,Serie A,Inter Milan,Midfielder,29,175,76,Right,Medium,High,83.9,73.2,94.3,82.2,80.1,71.9,83.6,84.1,89.8,82.9,78.7,74.4,81.8,71.2,71.4,75.5,89.2,78.1,75.8,62.3,1755,22,0.15,0.85,81.8,60.4,12.39,32.77,87.5,Elite,2
PLR-3876,Kevin Foden #2977,South Korea,Serie A,Napoli,Midfielder,30,180,75,Right,Medium,Medium,75.1,67.7,77.7,64.1,68.0,63.0,77.5,68.1,74.6,77.6,65.8,74.5,69.9,60.8,65.8,50.7,72.3,72.7,55.7,78.1,2061,26,0.15,0.65,75.0,59.0,11.32,4.67,75.4,Star,1
PLR-3877,Gianluigi Foden #2978,Germany,Serie A,AC Milan,Forward,25,177,70,Left,High,Medium,85.0,90.1,69.5,74.6,79.1,77.6,81.6,88.7,71.0,66.4,66.9,83.5,83.3,47.9,42.4,37.1,70.9,77.0,67.4,75.3,1826,23,0.58,0.21,65.0,40.0,9.49,15.32,83.7,Elite,2
PLR-3878,Gianluigi Mendes #2979,Uruguay,Premier League,Newcastle,Midfielder,34,176,84,Right,Medium,Medium,71.6,73.9,92.6,72.7,82.3,66.3,84.6,72.9,92.6,86.8,86.9,76.3,79.5,73.6,71.4,73.8,92.7,76.6,71.6,78.3,2531,32,0.18,0.85,83.2,61.0,11.59,16.18,86.6,Elite,2
PLR-3879,Noah Jones #2980,France,La Liga,Atletico Madrid,Forward,28,175,71,Right,Medium,Medium,86.9,88.5,72.3,66.5,83.5,64.3,79.6,90.7,72.5,65.9,75.9,91.3,81.6,51.1,41.7,39.1,71.1,80.3,78.2,67.8,2201,28,0.57,0.24,65.0,40.0,8.9,22.55,86.0,Elite,2
PLR-3880,Kevin Courtois #2981,Brazil,Serie A,Napoli,Midfielder,29,176,79,Right,High,High,81.7,78.2,99.0,72.7,82.7,69.9,85.2,80.4,89.7,89.4,76.5,73.5,81.4,75.5,67.6,60.4,84.8,76.1,82.2,76.6,1982,25,0.22,0.72,80.3,55.3,11.79,22.02,84.7,Elite,2
PLR-3881,Rafael Hakimi #2982,USA,Premier League,Arsenal,Defender,24,182,77,Left,High,Medium,77.8,78.1,71.8,85.3,65.0,73.6,70.8,58.5,72.1,67.2,58.5,45.2,67.6,84.9,80.6,82.5,67.8,74.8,80.2,67.0,3089,38,0.01,0.03,72.0,73.1,8.98,16.26,81.7,Star,1
PLR-3882,Victor Tanaka #2983,Netherlands,La Liga,Atletico Madrid,Forward,28,186,72,Left,Medium,Medium,89.9,85.3,75.5,71.9,84.6,69.8,76.1,83.1,,62.7,81.4,94.8,84.9,39.9,43.0,32.3,72.1,76.1,74.0,61.5,1202,15,0.69,0.29,65.0,40.0,8.8,22.05,84.9,Elite,2
PLR-3883,Takefusa Rodriguez #2984,Morocco,Serie A,Napoli,Forward,25,182,78,Left,High,Medium,85.2,89.0,69.6,74.1,83.9,80.8,80.1,79.8,77.0,63.8,78.4,87.1,77.1,49.2,39.2,39.7,74.5,78.5,71.8,,1789,22,0.45,0.13,66.5,40.0,8.8,14.06,81.6,Star,1
PLR-3884,Vinicius Wirtz #2985,Canada,Ligue 1,Monaco,Forward,26,180,77,Right,Medium,High,60.2,65.2,55.0,54.5,60.3,52.9,58.6,64.0,60.2,46.5,57.1,63.3,58.4,30.0,32.5,25.2,52.0,55.1,52.9,77.0,1964,25,0.06,0.03,65.0,40.0,8.8,3.5,62.2,Developing,0
PLR-3885,Bukayo Hernandez #2986,Brazil,Bundesliga,Bayern Munich,Goalkeeper,28,191,89,Right,Medium,Medium,61.5,60.1,48.0,81.6,69.8,84.1,43.1,27.7,52.2,60.9,33.4,23.6,61.7,25.8,37.0,23.5,80.1,74.4,79.3,72.9,2129,27,0.0,0.0,48.0,50.0,3.9,19.27,83.3,Elite,2
PLR-3886,Theo Mbappe #2987,Nigeria,Serie A,Juventus,Midfielder,22,184,76,Right,Medium,Medium,66.6,74.4,90.7,73.4,87.3,70.9,84.7,78.5,,91.5,69.6,76.2,79.4,70.3,72.2,63.4,80.0,76.8,71.9,70.1,2236,28,0.08,0.66,83.0,55.7,11.79,16.55,83.3,Elite,2
PLR-3887,Theo Maignan #2988,Ghana,Bundesliga,Eintracht Frankfurt,Midfielder,29,177,66,Left,Medium,Medium,55.9,63.9,65.8,60.2,58.0,48.2,68.8,65.8,65.0,62.2,64.3,51.5,56.4,55.4,55.8,46.7,63.8,56.8,58.3,78.9,2491,31,0.04,0.3,75.0,52.0,9.8,2.58,64.7,Developing,0
PLR-3888,Leo Martinez #2989,Belgium,La Liga,Real Madrid,Defender,22,182,80,Right,High,High,68.3,63.3,74.5,81.6,60.5,71.9,64.2,61.2,65.8,59.5,62.6,43.1,68.0,82.1,87.2,84.5,69.6,69.9,64.3,72.9,862,11,0.07,0.01,72.0,78.2,8.5,13.61,79.7,Star,1
PLR-3889,Alphonso Camavinga #2990,Brazil,Bundesliga,Borussia Dortmund,Defender,26,185,85,Right,Medium,High,68.5,76.3,,83.9,66.6,81.5,62.9,68.8,72.9,73.4,63.5,44.2,65.4,87.0,90.5,83.1,67.3,71.2,76.9,73.1,3251,38,0.07,0.15,72.0,79.2,9.69,13.58,82.3,Elite,2
PLR-3890,Marcus Santos #2991,Italy,Ligue 1,Lyon,Midfielder,18,178,73,Right,Medium,High,77.2,72.9,96.9,73.2,77.3,63.6,86.3,78.1,92.3,96.4,86.9,79.8,81.0,65.1,72.7,63.7,78.6,69.3,73.9,72.4,3023,38,0.22,0.55,78.1,59.7,12.46,23.9,84.4,Elite,2
PLR-3891,Moises Wirtz #2992,Uruguay,Ligue 1,Lille,Defender,27,184,78,Right,Low,Medium,71.7,71.2,78.1,88.1,70.7,84.2,73.1,54.7,70.0,72.5,65.3,48.3,58.9,85.3,86.9,86.3,68.7,79.0,81.3,66.2,2357,30,0.04,0.1,72.0,73.0,8.97,17.71,85.8,Elite,2
PLR-3892,Noah Smith #2993,Netherlands,Ligue 1,Paris Saint-Germain,Defender,23,186,79,Right,Medium,Low,79.8,71.7,85.6,87.9,67.9,69.9,71.6,65.6,79.4,74.4,65.2,49.4,66.7,87.8,96.9,90.7,66.7,80.2,83.1,70.3,2125,27,0.12,0.11,72.0,91.0,9.23,36.93,86.6,Elite,2
PLR-3893,Takefusa Wirtz #2994,Brazil,Bundesliga,Bayer Leverkusen,Defender,25,185,81,Right,Medium,High,52.0,58.8,59.1,67.9,54.8,66.1,56.3,63.6,57.8,67.8,55.0,38.2,56.3,69.5,69.7,68.0,51.0,60.7,73.4,69.8,2028,26,0.02,0.06,72.0,68.1,8.5,3.2,66.9,Developing,0
PLR-3894,Rodri Smith #2995,Canada,Serie A,AC Milan,Forward,27,184,73,Left,Medium,Medium,80.4,84.4,75.3,77.0,74.4,78.9,80.7,88.7,66.9,65.6,70.5,81.9,81.7,30.0,43.0,29.1,70.8,80.8,67.0,76.3,2133,27,0.41,0.18,65.0,40.0,8.8,14.31,81.7,Star,1
PLR-3895,Moises Modric #2996,South Korea,Ligue 1,Lyon,Defender,19,182,87,Left,High,High,66.5,59.0,76.5,85.9,68.3,75.6,70.5,51.6,69.7,70.4,52.3,39.1,57.1,76.4,80.2,80.5,57.5,64.1,77.7,66.7,2328,29,0.04,0.04,72.0,71.4,8.5,12.7,78.1,Star,1
PLR-3896,Julian Tchouameni #2997,Colombia,Ligue 1,Marseille,Midfielder,33,173,78,Right,Medium,Low,76.4,72.0,89.0,70.0,77.4,67.2,89.1,86.3,85.2,86.2,72.0,72.8,80.1,70.0,76.3,58.0,85.4,85.0,76.5,72.6,2058,26,0.11,0.68,81.4,66.4,11.84,11.75,85.3,Elite,2
PLR-3897,Ruben Rodri #2998,Croatia,La Liga,Real Sociedad,Midfielder,30,181,70,Right,Medium,Medium,60.2,58.6,73.9,66.0,72.6,60.4,77.8,71.3,78.2,75.0,76.5,59.7,61.1,58.2,59.1,61.5,71.2,64.0,66.8,73.3,1806,23,0.14,0.43,75.0,54.3,10.22,5.52,73.4,Star,1
PLR-3898,Achraf Santos #2999,Croatia,La Liga,Atletico Madrid,Midfielder,23,182,78,Left,Low,Medium,74.1,76.6,89.8,70.7,75.5,73.1,86.2,85.2,87.3,89.1,85.0,67.5,85.1,63.6,75.4,70.4,89.5,73.6,75.7,74.3,1946,24,0.09,0.85,80.5,65.5,11.06,28.75,85.9,Elite,2
PLR-3899,Luka Hernandez #3000,Uruguay,La Liga,Atletico Madrid,Forward,22,181,68,Right,Medium,Medium,66.7,72.5,55.2,60.0,66.4,61.0,73.3,69.2,60.4,49.8,56.4,78.8,73.1,34.6,44.8,25.1,57.7,57.6,50.8,83.5,2323,29,0.29,0.05,65.0,40.0,8.8,2.72,69.3,Developing,0
PLR-3900,Bukayo Mbappe #3001,Ghana,Bundesliga,VfB Stuttgart,Forward,32,175,67,Right,High,High,74.4,79.3,79.5,66.5,80.1,71.9,84.9,81.7,62.8,66.0,69.9,82.0,80.9,43.4,33.3,31.2,75.5,75.6,77.1,72.0,1966,25,0.58,0.25,65.0,40.0,9.75,8.96,79.0,Star,1
PLR-3901,Nicolo Silva #3002,Senegal,Ligue 1,Rennes,Defender,27,191,73,Right,High,High,56.9,67.9,68.1,66.6,62.5,72.9,56.0,46.4,55.4,55.3,50.9,43.3,57.9,73.0,71.1,65.9,56.5,63.2,74.4,71.1,2205,28,0.1,0.01,72.0,62.0,8.5,3.76,66.2,Developing,0
PLR-3902,Vinicius Mbappe #3003,Argentina,Ligue 1,Paris Saint-Germain,Forward,28,177,78,Left,Medium,Medium,83.4,88.3,82.3,67.9,77.5,74.2,87.5,77.0,70.9,52.5,67.7,89.9,77.5,44.6,38.7,29.6,68.8,75.4,70.7,78.0,1668,21,0.48,0.22,65.0,40.0,8.99,17.45,84.0,Elite,2
PLR-3903,Jamal Tanaka #3004,Morocco,Ligue 1,Paris Saint-Germain,Midfielder,25,178,68,Left,High,Medium,67.2,67.9,73.4,54.0,59.9,59.2,71.9,62.6,68.6,67.0,62.1,56.5,64.9,54.4,59.1,50.8,69.2,65.9,59.1,80.3,1487,19,0.07,0.38,75.0,52.0,10.46,0.5,69.3,Developing,0
PLR-3904,Virgil Bellingham #3005,Spain,Premier League,Arsenal,Midfielder,25,174,72,Left,High,High,55.0,57.7,67.8,64.5,66.2,60.8,67.8,65.0,71.1,73.1,67.8,60.5,66.8,52.9,63.2,58.4,72.0,63.7,59.7,78.0,2113,27,0.05,0.53,75.0,58.2,9.82,3.03,66.6,Developing,0
PLR-3905,Kylian Haaland #3006,Morocco,Ligue 1,Monaco,Forward,29,173,65,Right,Medium,Medium,77.8,83.8,71.4,63.8,73.2,74.1,72.8,70.7,65.4,56.1,68.6,82.6,68.6,30.0,38.1,23.5,67.2,65.8,75.3,66.9,2133,27,0.45,0.17,65.0,40.0,8.8,4.94,75.3,Star,1
PLR-3906,Moises Bastoni #3007,Croatia,La Liga,Real Madrid,Goalkeeper,30,185,89,Left,Medium,Medium,55.0,49.5,46.7,80.5,68.5,70.4,48.6,28.1,48.7,56.8,38.1,20.8,62.7,36.5,35.2,32.1,69.9,84.2,77.3,68.7,1989,25,0.0,0.0,48.0,50.0,3.8,20.93,87.6,Elite,2
PLR-3907,David Martinez #3008,Argentina,La Liga,Villarreal,Forward,27,177,72,Right,High,High,89.5,91.1,81.1,65.3,85.4,70.3,84.3,93.3,76.7,58.5,78.2,87.7,90.8,40.7,32.9,46.2,73.7,79.6,69.4,75.0,1470,18,0.41,0.33,67.5,40.0,9.41,26.58,87.4,Elite,2
PLR-3908,Leo Rodriguez #3009,Belgium,La Liga,Atletico Madrid,Midfielder,30,180,76,Left,Low,High,85.9,85.5,95.7,79.5,88.3,73.3,95.5,89.4,96.6,92.9,83.0,81.8,84.4,80.0,80.3,63.6,98.0,91.3,88.2,63.9,1943,24,0.21,0.85,88.2,65.4,11.77,37.84,93.7,Elite,2
PLR-3909,Kevin Haaland #3010,Argentina,Premier League,Chelsea,Midfielder,24,184,74,Left,High,Medium,68.4,67.8,84.0,63.2,67.6,60.5,80.6,81.2,81.8,83.0,63.9,65.5,73.3,64.8,55.6,53.9,72.6,66.1,67.0,73.0,2100,26,0.05,0.44,75.0,52.0,11.42,12.02,77.3,Star,1
PLR-3910,Dominik De Bruyne #3011,Canada,Serie A,Napoli,Forward,29,168,73,Right,High,High,78.2,80.6,70.4,65.7,80.5,68.7,74.7,80.0,63.0,57.5,67.4,83.2,74.1,41.5,27.8,38.1,67.8,71.2,66.4,76.1,3094,38,0.63,0.24,65.0,40.0,8.82,10.19,77.1,Star,1
PLR-3911,William Hakimi #3012,France,Ligue 1,Paris Saint-Germain,Forward,30,183,74,Right,Medium,Low,88.8,86.7,75.7,68.5,77.8,74.7,82.2,86.6,65.6,57.7,67.3,91.2,79.9,30.0,40.0,29.2,67.6,72.6,63.4,73.2,2066,26,0.62,0.26,65.0,40.0,9.53,11.98,84.2,Elite,2
PLR-3912,Virgil Valverde #3013,Italy,La Liga,Atletico Madrid,Defender,21,186,77,Right,Low,High,88.3,82.2,89.0,98.5,87.5,86.2,80.1,75.6,83.4,89.0,67.8,55.0,78.9,93.8,99.0,98.0,78.8,76.6,89.0,57.9,2845,36,0.02,0.11,72.4,90.8,9.77,58.79,92.2,Elite,2
PLR-3913,Kylian Rodri #3014,Colombia,La Liga,Villarreal,Goalkeeper,21,184,78,Right,Medium,Low,43.4,42.7,40.7,75.2,64.6,76.3,34.8,32.5,46.9,50.8,20.0,15.0,52.8,33.9,23.5,23.4,60.1,66.6,76.2,71.3,2083,26,0.0,0.0,48.0,50.0,3.8,9.39,78.5,Star,1
PLR-3914,Julian Van Dijk #3015,Croatia,Bundesliga,RB Leipzig,Forward,21,180,81,Right,Low,Medium,80.3,83.0,70.8,70.7,79.6,69.5,79.0,82.1,69.8,68.1,61.2,86.1,72.1,37.6,36.5,27.5,66.3,73.6,67.4,81.1,1269,16,0.62,0.21,65.0,40.0,8.92,13.56,80.2,Star,1
PLR-3915,Cole Oblak #3016,Brazil,Serie A,Fiorentina,Defender,34,186,75,Right,High,High,69.2,71.5,76.4,89.6,73.7,80.4,69.7,69.2,72.6,68.1,64.2,38.3,74.2,90.3,90.5,85.5,77.8,84.8,77.1,67.3,2422,31,0.09,0.09,72.0,85.2,8.93,21.71,88.4,Elite,2
PLR-3916,Theo Sato #3017,Croatia,La Liga,Atletico Madrid,Defender,29,184,87,Right,High,Medium,67.3,73.4,72.4,90.1,71.5,77.9,70.3,48.7,69.7,66.5,64.3,40.2,70.4,87.3,78.3,84.2,74.8,72.1,77.9,77.4,1559,19,0.06,0.06,72.0,69.4,8.9,13.67,81.3,Star,1
PLR-3917,Gabriel Rice #3018,Argentina,Premier League,Liverpool,Defender,21,185,74,Right,Medium,Medium,68.1,60.4,64.3,74.9,54.7,66.1,61.9,56.2,62.4,62.1,58.0,33.3,61.8,71.8,85.5,77.8,45.2,61.5,75.3,74.1,2966,38,0.03,0.04,72.0,75.7,8.5,9.23,74.1,Star,1
PLR-3918,Victor Traore #3019,Colombia,Bundesliga,Borussia Dortmund,Midfielder,27,182,79,Left,High,High,86.4,86.9,99.0,81.8,89.1,67.0,97.5,79.2,99.0,98.0,86.0,73.0,82.6,75.9,72.8,69.3,92.2,81.9,85.5,62.2,1240,15,0.21,0.85,87.4,57.9,11.37,42.23,91.2,Elite,2
PLR-3919,Vinicius Rodriguez #3020,England,Bundesliga,RB Leipzig,Midfielder,30,175,77,Right,Medium,Low,72.0,75.2,82.0,70.8,76.6,70.7,81.8,73.2,88.9,80.4,73.5,65.9,79.6,68.5,64.4,63.1,87.0,78.9,69.9,70.4,1527,19,0.12,0.78,81.3,54.5,10.76,9.7,82.8,Elite,2
PLR-3920,Gianluigi Alvarez #3021,Norway,Bundesliga,VfB Stuttgart,Midfielder,26,174,65,Right,Low,Medium,69.8,67.0,81.1,61.5,77.5,67.4,79.3,75.5,77.7,79.7,66.6,61.0,79.0,73.3,55.3,55.6,81.0,73.7,70.9,67.1,2531,32,0.08,0.48,75.0,52.0,11.29,8.88,78.3,Star,1
PLR-3921,Thibaut Davies #3022,Netherlands,Bundesliga,VfB Stuttgart,Defender,27,189,77,Right,High,Medium,70.5,61.3,58.0,72.0,49.6,73.2,59.9,49.0,60.6,56.4,50.2,45.5,49.2,73.8,66.0,62.0,58.6,59.7,51.3,85.6,1550,19,0.02,0.01,72.0,62.0,8.5,2.5,67.4,Developing,0
PLR-3922,William De Bruyne #3023,Brazil,La Liga,Villarreal,Defender,19,177,80,Left,Medium,Low,62.2,53.2,63.1,79.8,56.4,72.3,50.0,58.2,59.6,58.4,57.6,39.8,58.6,68.8,79.3,74.3,54.0,57.3,71.7,79.1,2396,30,0.08,0.01,72.0,75.5,8.5,7.74,71.7,Star,1
PLR-3923,Leo De Bruyne #3024,Portugal,La Liga,Real Sociedad,Forward,21,189,72,Right,Medium,High,71.4,66.9,63.9,61.1,78.1,66.1,65.8,76.0,69.2,55.8,54.5,77.1,77.8,44.2,45.1,31.8,64.2,56.2,63.2,72.5,2796,35,0.47,0.26,65.0,40.0,8.8,5.12,71.2,Star,1
PLR-3924,Victor Haaland #3025,Germany,Bundesliga,RB Leipzig,Midfielder,22,181,82,Left,Medium,High,65.2,68.6,83.1,72.7,70.2,71.8,76.5,75.7,79.1,86.4,72.2,61.1,68.2,64.9,58.4,56.6,66.2,70.9,63.5,66.2,2262,29,0.09,0.46,75.0,52.0,,6.51,73.4,Star,1
PLR-3925,Bruno Moreno #3026,Germany,Ligue 1,Nice,Goalkeeper,23,187,77,Right,Medium,Medium,55.5,55.1,49.1,79.5,71.9,77.3,45.8,26.0,50.7,52.1,28.1,19.0,61.9,35.7,26.8,29.8,64.1,77.0,75.3,76.8,2155,27,0.0,0.0,48.0,50.0,3.9,27.2,84.3,Elite,2
PLR-3926,Jan Hernandez #3027,Brazil,Serie A,Inter Milan,Defender,18,177,68,Left,Medium,Low,75.2,74.2,84.7,91.6,71.9,84.5,86.3,65.3,78.3,80.3,66.2,40.5,81.2,86.2,99.0,88.1,65.2,70.0,70.0,67.5,900,11,0.1,0.18,72.0,92.0,9.26,52.54,90.8,Elite,2
PLR-3927,Rodri Silva #3028,Ghana,Bundesliga,VfB Stuttgart,Goalkeeper,31,187,81,Right,High,High,50.3,50.7,52.3,78.1,58.7,69.2,43.0,31.6,45.5,67.7,20.0,19.3,66.3,42.7,30.6,21.9,67.3,67.9,59.5,81.0,2901,37,0.0,0.04,48.0,50.0,3.99,7.97,78.6,Star,1
PLR-3928,Alejandro Tanaka #3029,Spain,Premier League,Arsenal,Defender,30,178,84,Left,Low,High,62.3,66.1,61.3,76.6,52.5,69.1,62.1,54.3,63.2,57.6,51.4,44.7,52.4,82.2,79.6,75.7,60.6,59.3,69.5,74.4,1680,21,0.04,0.09,72.0,68.4,8.5,6.97,77.5,Star,1
PLR-3929,Alexis Mbappe #3030,Argentina,Premier League,Manchester City,Midfielder,27,188,79,Right,Medium,High,68.3,76.7,80.9,66.6,75.2,58.2,77.9,73.1,76.3,78.8,66.1,56.7,74.2,57.5,59.8,62.7,74.8,65.5,65.5,76.9,2911,37,0.03,0.48,75.0,52.0,10.17,2.79,73.8,Star,1
PLR-3930,Ederson Mbappe #3031,Belgium,La Liga,Real Sociedad,Midfielder,34,172,67,Right,Low,Low,73.7,65.3,88.7,66.5,79.0,67.9,79.0,76.7,83.8,83.0,77.1,68.0,69.2,71.5,61.5,56.6,83.2,80.4,78.2,69.6,1360,17,0.1,0.56,75.1,52.0,11.68,12.41,82.8,Elite,2
PLR-3931,Khvicha Hakimi #3032,Brazil,La Liga,Villarreal,Defender,29,178,82,Right,Medium,Medium,64.9,66.2,68.6,78.0,52.0,68.0,62.9,53.1,57.5,58.3,51.4,30.0,65.4,69.4,79.1,78.8,58.2,57.4,68.3,69.6,2619,33,0.03,0.07,72.0,72.8,8.5,1.53,72.6,Star,1
PLR-3932,Aurélien Mbappe #3033,Morocco,Ligue 1,Rennes,Forward,31,191,69,Left,Medium,Low,86.8,87.3,72.7,73.7,80.7,83.4,82.1,93.2,83.8,72.0,86.1,95.7,88.1,57.8,33.2,32.4,77.5,85.1,70.4,,2377,30,0.74,0.41,66.3,40.0,8.88,17.35,88.1,Elite,2
PLR-3933,William Diallo #3034,Senegal,Serie A,Napoli,Midfielder,26,179,73,Right,High,High,82.7,71.7,87.0,75.4,77.5,68.0,86.4,80.5,93.3,89.1,80.8,75.0,75.5,72.9,72.4,63.1,85.0,73.3,76.7,69.4,2438,31,0.18,0.85,83.7,64.0,11.68,22.41,85.9,Elite,2
PLR-3934,William Van Dijk #3035,Uruguay,Serie A,Napoli,Defender,25,189,80,Right,Medium,Medium,79.3,67.2,82.1,86.3,74.3,86.1,71.1,68.8,74.1,73.0,59.3,46.2,71.6,86.3,91.8,87.7,69.6,74.9,78.7,74.1,2701,34,0.0,0.11,72.0,89.2,9.59,27.75,87.5,Elite,2
PLR-3935,Alisson Fernandez #3036,Belgium,Bundesliga,Bayern Munich,Forward,25,175,70,Left,Medium,Low,87.6,86.7,74.7,65.1,75.7,78.3,85.3,81.0,76.4,68.7,72.3,82.0,79.4,41.5,34.9,39.8,69.6,82.1,77.4,64.7,2463,31,0.52,0.15,65.0,40.0,,10.5,80.5,Star,1
PLR-3936,Darwin Schmidt #3037,France,Ligue 1,Lyon,Defender,27,187,69,Left,High,High,73.5,70.6,71.4,76.0,58.4,79.7,75.3,56.3,68.0,70.9,59.0,47.1,67.7,92.5,88.2,80.8,66.6,70.7,73.2,74.9,2313,29,0.01,0.08,72.0,82.2,8.5,13.35,80.9,Star,1
PLR-3937,Mateo Valverde #3038,Senegal,Serie A,Lazio,Midfielder,18,176,73,Right,High,Low,79.7,78.7,90.3,66.0,85.1,74.4,87.6,88.2,86.2,87.5,77.8,73.6,84.5,72.1,76.8,57.4,73.2,63.3,66.3,67.3,2087,26,0.23,0.61,78.0,60.5,11.28,24.08,84.0,Elite,2
PLR-3938,Darwin Tanaka #3039,Germany,Premier League,Manchester United,Goalkeeper,30,195,74,Right,High,Medium,35.0,41.3,40.0,55.1,45.0,52.2,30.0,25.0,40.0,42.0,20.0,18.2,45.0,27.9,22.1,22.0,47.6,51.4,54.3,73.2,1889,24,0.0,0.0,48.0,50.0,3.8,0.5,58.4,Developing,0
PLR-3939,Aurélien Sato #3040,Japan,Ligue 1,Monaco,Forward,26,184,68,Left,High,Medium,95.3,92.7,84.2,71.4,90.1,79.8,86.5,84.1,79.3,70.6,77.4,93.0,85.1,30.0,50.0,35.8,74.4,77.7,79.4,81.7,1637,20,0.74,0.26,65.0,40.0,9.65,28.23,87.7,Elite,2
PLR-3940,Alessandro Dias #3041,Croatia,Bundesliga,Eintracht Frankfurt,Forward,30,183,69,Right,Medium,High,87.7,89.1,65.9,80.4,81.5,79.3,78.0,89.2,76.4,68.6,72.0,94.0,79.2,45.5,39.5,44.7,74.2,76.4,75.4,70.6,1724,22,0.62,0.42,65.0,40.0,8.8,13.92,85.2,Elite,2
PLR-3941,Khvicha Bastoni #3042,Canada,La Liga,Athletic Club,Midfielder,19,175,74,Right,High,Low,55.0,56.9,69.3,60.7,58.0,66.0,68.5,64.4,73.2,78.7,68.9,53.5,59.1,51.1,56.8,44.9,59.9,53.1,52.1,80.3,2274,29,0.02,0.4,75.0,52.0,9.8,2.3,64.8,Developing,0
PLR-3942,Kevin Rodri #3043,USA,La Liga,Real Madrid,Midfielder,25,175,73,Right,High,Low,65.5,73.8,90.1,68.7,78.5,54.8,76.7,82.0,83.8,83.0,82.7,66.3,69.3,66.6,68.7,62.4,87.1,69.1,69.0,68.7,1538,19,0.14,0.81,82.4,53.9,11.23,14.82,81.9,Star,1
PLR-3943,Alejandro Hernandez #3044,Argentina,Serie A,Inter Milan,Defender,25,188,80,Left,Medium,Medium,84.8,77.3,78.1,88.3,73.2,92.1,70.0,69.0,72.3,73.8,67.2,53.0,70.2,89.0,90.6,83.5,74.6,80.2,92.8,64.3,1537,19,0.0,0.08,72.0,83.7,9.7,30.06,87.3,Elite,2
PLR-3944,Aurélien Bastoni #3045,Japan,Ligue 1,Paris Saint-Germain,Defender,27,190,87,Right,High,High,94.0,77.6,95.2,99.0,76.8,98.0,76.7,71.7,84.1,79.7,65.7,56.9,74.3,99.0,99.0,98.0,92.5,96.2,92.3,62.7,1618,20,0.03,0.07,74.2,93.6,9.56,65.66,94.5,Elite,2
PLR-3945,Luka Martinez #3046,South Korea,Bundesliga,Bayer Leverkusen,Forward,23,167,79,Right,High,Medium,91.7,87.8,75.5,63.2,91.0,73.9,81.1,86.7,71.6,64.3,85.8,96.9,87.1,45.7,46.2,33.0,72.2,73.9,78.1,66.4,1949,24,0.85,0.13,65.0,40.0,9.1,30.59,87.2,Elite,2
PLR-3946,Virgil Musiala #3047,England,La Liga,Girona,Midfielder,31,174,66,Right,Medium,High,67.2,67.0,67.0,56.9,67.2,67.5,78.3,71.4,72.2,72.5,74.9,57.9,57.9,51.4,54.9,53.9,75.1,68.9,58.5,75.6,3121,38,0.05,0.55,75.0,52.0,9.8,3.55,70.6,Developing,0
PLR-3947,Dominik Maignan #3048,Nigeria,Premier League,Chelsea,Midfielder,20,179,69,Right,High,High,78.6,69.2,86.9,75.0,72.8,71.6,85.5,78.7,86.6,85.9,84.3,81.5,75.9,67.9,66.4,65.0,85.4,74.0,72.5,68.7,2598,33,0.19,0.79,80.0,58.0,11.58,20.55,83.6,Elite,2
PLR-3948,Mike Rodri #3049,Croatia,Serie A,AC Milan,Midfielder,31,183,70,Right,Medium,Low,69.0,71.2,79.3,78.3,83.8,68.0,82.0,80.2,81.4,82.5,68.6,67.4,68.6,65.1,58.7,67.0,81.1,72.6,66.5,80.4,1935,24,0.06,0.55,75.0,52.0,10.42,1.61,79.5,Star,1
PLR-3949,David Courtois #3050,Canada,Ligue 1,Lille,Goalkeeper,28,193,91,Left,Medium,Medium,57.2,56.5,46.7,93.7,76.1,90.6,43.0,30.8,76.0,61.5,26.7,27.4,66.9,49.3,25.9,18.0,78.4,83.5,81.2,,1830,23,0.0,0.01,51.9,50.0,3.98,42.48,91.6,Elite,2
PLR-3950,Mateo Valverde #3051,Spain,La Liga,Barcelona,Defender,24,183,76,Right,Medium,Medium,72.1,85.6,86.4,89.4,65.0,94.2,69.1,61.3,84.1,76.0,69.0,48.9,79.9,91.1,95.2,91.8,77.7,86.9,82.6,,1651,21,0.01,0.06,75.7,87.2,9.26,54.45,91.1,Elite,2
PLR-3951,Khvicha Courtois #3052,South Korea,Bundesliga,Borussia Dortmund,Defender,28,195,83,Left,Medium,High,69.2,73.8,75.8,91.0,70.0,76.1,67.2,64.9,66.4,75.5,64.8,43.7,66.0,91.9,89.9,86.1,71.2,73.2,65.8,,2511,32,0.04,0.18,72.0,75.7,9.21,21.52,84.3,Elite,2
PLR-3952,Takefusa Tanaka #3053,Morocco,La Liga,Real Sociedad,Defender,23,187,80,Left,High,Medium,69.2,69.5,76.7,83.0,66.8,83.4,69.4,63.7,65.8,62.6,56.9,43.4,74.7,81.1,85.4,78.3,61.5,75.8,85.1,68.1,1993,25,0.08,0.06,72.0,79.5,9.46,15.35,79.3,Star,1
PLR-3953,Cole Traore #3054,Morocco,Serie A,AC Milan,Midfielder,30,182,70,Right,High,High,80.8,74.2,94.4,73.4,84.3,75.4,84.9,83.4,93.3,88.4,81.3,74.4,72.6,75.1,74.8,70.3,90.7,77.9,79.4,70.2,2072,26,0.13,0.85,76.1,60.8,12.1,22.2,88.9,Elite,2
PLR-3954,Alphonso Oblak #3055,USA,Ligue 1,Rennes,Goalkeeper,26,185,81,Right,High,Medium,44.4,49.0,40.0,69.6,58.0,68.6,40.8,26.8,45.2,47.3,21.0,34.7,69.6,50.6,27.1,27.0,67.3,65.5,64.8,72.8,1924,24,0.0,0.01,48.0,50.0,3.8,7.7,71.6,Star,1
PLR-3955,Pedri Donnarumma #3056,Ghana,Ligue 1,Lille,Defender,26,187,82,Left,Medium,Medium,54.2,54.1,69.6,70.7,50.4,69.2,62.3,56.5,59.6,63.4,53.2,30.0,54.8,78.6,73.8,70.0,55.4,61.2,70.0,70.3,2313,29,0.05,0.1,72.0,63.9,8.74,6.06,70.9,Developing,0
PLR-3956,Antony De Bruyne #3057,Argentina,Bundesliga,Eintracht Frankfurt,Defender,30,189,75,Left,Medium,High,73.8,81.5,80.6,86.4,68.3,92.2,64.9,61.1,75.5,72.9,66.8,43.1,66.7,93.5,93.7,83.0,74.6,83.8,79.1,71.1,2043,26,0.08,0.16,72.0,89.7,8.76,16.24,86.9,Elite,2
PLR-3957,Jude Hernandez #3058,Morocco,Premier League,Tottenham,Defender,18,187,70,Left,High,Medium,53.1,50.0,,69.2,57.8,74.7,53.4,48.4,57.8,49.3,50.2,37.3,52.7,65.0,68.6,66.8,48.1,48.0,75.0,76.5,1883,24,0.09,0.02,72.0,62.0,8.5,0.5,65.4,Developing,0
PLR-3958,Jan Kroos #3059,USA,Ligue 1,Paris Saint-Germain,Forward,27,177,82,Left,Medium,Medium,99.0,94.8,74.5,88.2,90.7,78.7,88.2,92.5,71.2,70.5,78.7,97.8,88.1,54.7,41.8,29.2,83.4,80.5,72.0,71.2,2508,32,0.75,0.41,65.0,40.0,9.03,34.6,89.9,Elite,2
PLR-3959,Darwin De Bruyne #3060,Norway,Premier League,Chelsea,Defender,27,190,70,Right,Medium,Low,64.5,66.2,65.0,75.4,49.4,68.4,50.4,42.0,57.9,59.3,51.4,41.8,50.9,71.5,71.5,64.6,53.6,59.3,65.1,67.4,2804,35,0.0,0.09,72.0,64.9,8.5,6.38,69.0,Developing,0
PLR-3960,Enzo Martinez #3061,Portugal,La Liga,Athletic Club,Forward,29,177,76,Left,Low,High,90.7,93.1,75.4,70.6,88.9,82.9,85.2,88.6,73.0,72.2,76.4,93.5,88.9,49.3,43.0,45.7,79.0,85.4,70.0,78.2,3262,38,0.67,0.33,65.0,40.0,8.8,28.84,87.5,Elite,2
PLR-3961,Gianluigi De Bruyne #3062,Portugal,La Liga,Real Madrid,Midfielder,29,186,74,Right,Low,High,61.4,69.7,77.0,73.5,71.9,59.0,71.5,76.2,79.4,71.2,62.9,66.1,65.0,56.4,64.1,59.1,80.5,72.4,63.4,74.0,2857,36,0.07,0.62,75.0,52.2,10.32,5.01,75.3,Star,1
PLR-3962,Kylian Tanaka #3063,Croatia,Serie A,Inter Milan,Midfielder,21,176,67,Right,Medium,High,68.4,76.2,92.6,71.6,84.1,78.8,95.2,92.4,93.5,82.1,86.9,71.6,77.4,66.4,76.4,63.4,81.8,82.5,83.2,68.5,1697,21,0.16,0.7,88.0,64.2,12.41,32.22,87.3,Elite,2
PLR-3963,Aurélien Van Dijk #3064,Canada,Ligue 1,Lyon,Goalkeeper,24,189,79,Right,High,Low,47.3,49.1,40.0,81.3,70.5,74.6,33.4,31.7,50.4,56.0,34.6,16.5,63.9,41.3,29.3,27.5,69.3,71.3,70.6,69.2,1772,22,0.0,0.0,48.0,50.0,3.8,16.06,80.2,Star,1
PLR-3964,William Tanaka #3065,Croatia,Bundesliga,RB Leipzig,Defender,27,189,77,Left,Medium,High,64.0,66.2,72.6,72.1,54.1,72.2,61.1,55.8,62.3,58.6,52.5,42.9,67.9,74.2,71.9,77.0,57.5,71.5,67.1,63.9,1577,20,0.05,0.05,72.0,62.0,8.57,2.51,72.7,Star,1
PLR-3965,Aurélien Sato #3066,Croatia,Bundesliga,RB Leipzig,Defender,21,180,81,Right,Medium,High,68.2,58.2,73.0,78.6,56.6,67.2,57.3,56.6,63.3,64.4,47.4,41.3,67.9,81.1,82.5,81.4,59.5,64.5,77.3,71.4,2213,28,0.07,0.07,72.0,76.0,,8.18,78.1,Star,1
PLR-3966,Kevin Rodri #3067,Japan,Premier League,Aston Villa,Defender,29,183,85,Right,High,Medium,67.2,68.7,68.5,82.2,62.3,75.4,65.4,62.0,69.4,66.0,54.0,37.5,67.2,83.0,85.0,88.5,70.1,76.5,96.2,63.9,3005,38,0.0,0.08,72.0,78.5,8.5,13.28,81.5,Star,1
PLR-3967,Dominik Martinez #3068,Portugal,Premier League,Arsenal,Midfielder,32,177,74,Right,Medium,Low,62.7,63.6,80.0,60.2,66.7,63.9,77.1,71.3,73.7,85.2,70.5,64.9,63.6,58.0,61.4,57.9,74.4,72.8,59.3,78.8,2079,26,0.16,0.5,75.0,57.7,10.71,5.48,75.2,Star,1
PLR-3968,Alejandro Wirtz #3069,Italy,La Liga,Real Sociedad,Goalkeeper,19,184,78,Right,Medium,High,48.5,46.6,48.9,78.8,72.0,75.1,33.6,26.4,48.2,56.4,27.1,16.9,65.4,45.6,22.2,19.4,66.4,69.6,64.0,72.2,2608,33,0.0,0.0,48.0,50.0,3.8,9.12,76.5,Star,1
PLR-3969,Theo Kim #3070,Netherlands,Serie A,AC Milan,Midfielder,31,176,75,Right,Medium,Medium,81.3,77.0,96.4,71.0,88.6,75.2,84.3,88.5,90.9,88.9,81.2,78.6,75.4,69.9,71.7,65.3,91.2,86.0,73.3,70.1,2115,27,0.21,0.83,81.5,57.6,12.6,19.33,88.6,Elite,2
PLR-3970,Victor Jones #3071,South Korea,Bundesliga,Bayer Leverkusen,Midfielder,24,178,72,Left,High,High,64.9,67.1,77.2,69.9,72.9,62.8,72.5,79.3,78.6,76.3,61.7,58.4,70.2,68.8,66.9,52.9,68.6,71.1,73.0,74.4,1558,19,0.06,0.37,75.0,55.5,10.33,7.92,75.4,Star,1
PLR-3971,Liam Kroos #3072,Portugal,La Liga,Real Madrid,Forward,28,185,78,Right,Medium,High,88.0,99.0,77.6,74.3,82.1,73.9,82.2,79.8,69.9,64.6,72.4,91.6,84.7,37.7,43.5,32.4,72.2,82.9,79.9,65.7,2294,29,0.76,0.3,65.0,40.0,9.5,19.84,84.7,Elite,2
PLR-3972,Bukayo Mbappe #3073,Norway,Serie A,AC Milan,Defender,25,185,75,Right,Medium,Medium,69.0,71.4,90.4,82.0,73.6,86.9,72.2,63.6,82.9,75.1,56.4,44.4,70.5,88.8,92.9,92.9,74.0,79.3,84.9,70.7,2265,29,0.0,0.07,72.0,87.5,10.83,24.88,87.5,Elite,2
PLR-3973,Achraf Haaland #3074,Portugal,Serie A,AC Milan,Defender,21,179,87,Right,High,High,84.4,87.3,77.2,86.1,73.3,84.5,81.8,74.4,76.6,76.9,61.6,51.7,77.3,81.9,93.7,92.0,62.8,70.6,85.5,66.8,1465,18,0.02,0.08,72.0,88.4,8.5,29.12,85.6,Elite,2
PLR-3974,Bukayo Martinez #3075,Netherlands,Serie A,Lazio,Midfielder,35,177,71,Right,Medium,Medium,55.0,56.0,65.0,60.7,59.1,55.0,72.9,61.4,65.0,66.9,56.9,62.7,53.1,45.0,51.5,46.6,69.5,54.9,53.8,74.1,1700,21,0.07,0.22,75.0,52.0,10.23,0.5,66.0,Developing,0
PLR-3975,Pedri Haaland #3076,Belgium,Premier League,Arsenal,Forward,20,180,68,Right,Low,Low,72.8,81.0,74.4,60.9,81.1,54.9,73.0,73.0,64.6,63.8,62.6,81.6,70.6,37.8,38.2,41.8,56.8,58.7,72.5,82.2,2402,30,0.46,0.24,65.0,40.0,8.8,8.04,74.1,Star,1
PLR-3976,Darwin Schmidt #3077,Netherlands,Bundesliga,Bayern Munich,Defender,18,178,81,Right,Medium,High,55.0,50.0,58.0,68.8,58.3,63.3,52.8,59.3,52.0,61.7,45.2,42.5,53.7,68.4,66.0,64.8,49.9,55.3,55.2,84.2,3016,38,0.04,0.05,72.0,62.0,8.5,3.69,65.4,Developing,0
PLR-3977,Noah Diallo #3078,Croatia,Serie A,Atalanta,Forward,28,194,79,Left,High,Medium,91.8,83.8,74.2,72.1,83.2,72.3,77.6,81.2,70.4,65.2,67.6,94.1,77.7,40.1,27.4,30.1,71.0,68.8,73.3,69.1,2766,35,0.69,0.26,65.0,40.0,9.05,17.15,85.0,Elite,2
PLR-3978,Leo Bastoni #3079,Germany,La Liga,Real Sociedad,Defender,28,182,76,Right,Medium,Medium,73.2,78.3,63.5,76.4,69.0,73.1,52.6,63.8,65.9,58.8,55.8,43.2,57.3,78.2,82.3,73.5,67.0,62.5,72.9,68.6,2313,29,0.06,0.06,72.0,71.2,8.5,7.09,77.7,Star,1
PLR-3979,Liam Jones #3080,Japan,Premier League,Newcastle,Goalkeeper,26,182,77,Right,Medium,Medium,46.0,47.3,53.0,84.6,59.6,67.1,37.8,35.3,51.3,59.2,21.3,25.3,56.2,31.1,26.0,25.6,65.2,73.8,65.5,73.4,1579,20,0.0,0.01,48.0,50.0,,14.25,82.1,Elite,2
PLR-3980,Alejandro Hakimi #3081,Argentina,Bundesliga,Bayern Munich,Midfielder,24,171,73,Right,Medium,Medium,67.6,70.7,74.2,65.5,72.7,60.5,76.3,74.6,81.6,77.0,63.9,59.5,73.1,63.1,58.0,51.7,75.5,71.8,68.1,67.3,2293,29,0.11,0.54,77.6,52.0,10.06,10.01,76.2,Star,1
PLR-3981,Son Santos #3082,Belgium,Serie A,Fiorentina,Forward,27,179,77,Right,Medium,High,69.4,70.9,73.0,67.0,65.7,65.8,63.6,67.1,59.3,51.0,62.5,71.6,65.8,31.4,27.4,36.1,53.5,59.9,65.4,67.9,1800,23,0.37,0.06,65.0,40.0,8.9,6.31,67.6,Developing,0
PLR-3982,Aurélien Rodriguez #3083,Ghana,Ligue 1,Monaco,Defender,24,177,82,Right,High,High,78.0,75.3,80.4,91.1,72.2,82.4,63.4,63.0,81.5,75.7,62.9,48.5,73.5,99.0,98.1,91.4,79.2,77.3,88.8,74.1,1283,16,0.1,0.11,73.9,94.0,9.03,56.9,91.4,Elite,2
PLR-3983,Khvicha Diallo #3084,Morocco,Serie A,Inter Milan,Defender,26,177,78,Left,Medium,Medium,79.8,85.8,91.0,88.3,73.6,92.4,78.9,74.8,81.3,75.5,71.9,44.0,75.0,96.8,99.0,90.8,78.4,78.2,81.7,66.4,1421,18,0.01,0.17,74.8,92.8,10.42,56.24,93.4,Elite,2
PLR-3984,Dominik Jones #3085,Spain,La Liga,Real Sociedad,Midfielder,30,174,69,Left,Medium,Medium,55.0,60.7,70.0,53.2,61.9,51.5,67.7,62.9,73.0,69.5,62.3,54.0,61.5,57.4,53.0,49.9,60.0,54.3,59.2,90.8,2460,31,0.02,0.41,75.0,52.0,9.9,3.34,63.3,Developing,0
PLR-3985,Theo Van Dijk #3086,Canada,Ligue 1,Nice,Goalkeeper,26,193,80,Right,Low,Medium,35.0,47.6,,71.2,59.9,61.8,40.3,28.0,46.1,42.0,29.7,15.0,64.9,33.8,29.8,17.7,67.6,66.2,61.8,74.7,2203,28,0.0,0.0,48.0,50.0,3.8,4.15,69.2,Developing,0
PLR-3986,Takefusa Kim #3087,South Korea,Ligue 1,Rennes,Forward,27,180,72,Right,Medium,High,66.1,78.8,70.0,53.1,67.8,66.1,63.4,64.6,63.4,53.3,58.8,73.0,66.8,45.9,33.8,25.6,63.1,57.4,68.9,75.6,1933,24,0.17,0.25,65.0,40.0,8.83,3.36,66.5,Developing,0
PLR-3987,Federico Rice #3088,England,Premier League,Chelsea,Midfielder,29,182,71,Right,Medium,High,57.1,65.6,69.1,50.6,63.7,55.9,62.0,61.2,68.7,73.3,64.4,53.4,54.1,59.4,54.9,40.6,63.6,67.0,68.5,74.1,2478,31,0.02,0.34,75.0,52.0,9.8,0.5,62.3,Developing,0
PLR-3988,Jan Garcia #3089,Croatia,Premier League,Chelsea,Defender,28,194,75,Right,Medium,Medium,52.0,59.5,58.0,60.0,48.0,58.0,50.0,42.0,52.0,49.3,40.0,30.0,48.0,65.0,66.0,62.0,51.9,59.6,54.9,67.7,1982,25,0.01,0.01,72.0,62.0,,1.55,60.1,Developing,0
PLR-3989,Kaoru Saliba #3090,Brazil,Serie A,Lazio,Defender,25,194,78,Right,Medium,High,79.2,80.1,71.6,84.9,62.5,78.9,60.0,63.3,73.5,72.2,59.4,49.3,67.9,92.2,93.4,82.8,72.9,78.2,78.5,68.5,1536,19,0.11,0.1,72.0,81.2,8.5,21.0,84.4,Elite,2
PLR-3990,Erling Van Dijk #3091,Ghana,Serie A,Fiorentina,Forward,29,168,72,Left,High,Medium,71.4,72.1,59.7,65.1,70.1,65.9,68.2,73.9,70.2,68.2,69.4,75.0,77.2,34.3,29.8,35.9,66.0,70.9,70.5,68.0,1491,19,0.44,0.2,65.0,40.0,8.8,5.17,71.6,Star,1
PLR-3991,Alejandro Modric #3092,Portugal,Serie A,Lazio,Defender,24,198,83,Right,Low,Medium,67.7,66.0,62.3,75.1,59.4,65.3,57.7,44.4,56.1,58.5,47.1,39.1,55.4,76.2,71.6,74.1,61.0,67.7,57.3,78.4,3420,38,0.03,0.08,72.0,69.1,8.5,5.03,69.6,Developing,0
PLR-3992,Mateo Haaland #3093,Germany,Serie A,AC Milan,Midfielder,23,179,69,Left,Low,High,66.0,67.4,86.5,67.3,72.6,63.3,85.3,69.8,82.2,80.4,68.9,59.5,69.4,74.9,64.7,66.1,73.0,75.0,58.6,71.6,1133,14,0.05,0.61,77.2,52.0,,12.04,79.3,Star,1
PLR-3993,Osimhen Hakimi #3094,Senegal,Serie A,Atalanta,Midfielder,23,176,69,Left,Medium,High,74.7,67.7,88.4,68.7,72.9,66.3,80.3,74.7,82.6,78.3,74.1,64.8,78.1,53.6,64.3,60.5,76.6,66.4,66.3,69.2,2426,31,0.1,0.48,77.1,53.1,11.28,8.4,78.1,Star,1
PLR-3994,Dominik Dias #3095,Uruguay,Ligue 1,Marseille,Forward,31,185,83,Right,High,Low,78.2,76.7,72.6,83.7,79.2,74.3,76.0,81.7,72.8,64.4,70.1,87.4,79.2,47.6,45.5,42.6,75.2,77.6,86.6,66.5,3396,38,0.58,0.23,65.0,40.0,8.8,5.96,80.1,Star,1
PLR-3995,Victor Musiala #3096,Morocco,La Liga,Real Madrid,Defender,27,186,88,Left,High,High,67.9,66.4,80.2,78.2,65.1,75.0,71.0,56.8,64.1,71.2,58.2,47.1,63.5,77.3,81.5,79.5,62.6,68.7,75.0,73.2,1449,18,0.0,0.07,72.0,76.3,9.05,3.52,76.7,Star,1
PLR-3996,Aurélien Courtois #3097,Belgium,La Liga,Girona,Forward,28,171,69,Left,High,Medium,96.2,92.9,76.2,74.5,84.0,80.7,83.0,88.8,,69.3,83.6,91.1,95.5,44.2,46.5,32.1,73.2,81.5,75.5,71.8,1194,15,0.52,0.37,65.0,40.0,8.8,32.21,87.6,Elite,2
PLR-3997,Bukayo Haaland #3098,South Korea,La Liga,Real Madrid,Midfielder,23,179,74,Right,High,Medium,69.5,67.7,75.8,74.1,64.7,64.4,68.2,69.6,74.6,76.0,67.9,57.8,65.3,55.9,70.8,48.5,71.0,55.8,63.0,69.1,1430,18,0.05,0.45,75.0,61.8,9.88,8.48,70.6,Developing,0
PLR-3998,Aurélien De Bruyne #3099,Croatia,Serie A,Juventus,Midfielder,33,175,77,Left,High,Low,72.0,75.3,89.4,80.4,83.6,62.3,86.4,80.1,87.5,86.3,81.4,67.4,80.2,75.6,73.3,61.6,86.6,86.3,67.0,70.7,789,10,0.16,0.66,76.8,67.8,11.51,16.37,86.8,Elite,2
PLR-3999,Dominik Maignan #3100,Belgium,Ligue 1,Lille,Defender,25,181,80,Left,Medium,Medium,66.7,69.3,65.6,86.7,70.2,72.6,61.6,57.9,67.9,62.2,56.0,38.4,64.4,75.1,82.7,73.9,67.4,66.0,73.3,,2942,37,0.01,0.09,72.0,77.2,8.5,7.34,77.8,Star,1
PLR-4000,Eduardo Saliba #3101,USA,Ligue 1,Monaco,Defender,25,188,76,Left,Medium,Medium,58.9,64.8,61.2,69.0,61.5,62.6,50.9,44.3,68.6,61.4,40.0,44.3,52.8,67.6,68.1,62.0,52.5,52.9,59.8,77.5,3420,38,0.03,0.03,72.0,65.3,8.5,0.5,67.6,Developing,0
PLR-4001,Eduardo Hernandez #3102,Portugal,Bundesliga,Borussia Dortmund,Defender,26,188,81,Left,High,Medium,55.3,65.6,71.0,76.5,55.7,71.5,62.4,55.5,65.8,69.2,63.5,33.9,58.3,83.2,75.6,78.1,69.1,70.6,75.2,64.9,2943,37,0.01,0.08,72.0,72.0,8.61,10.17,78.6,Star,1
PLR-4002,Liam Diallo #3103,Brazil,La Liga,Athletic Club,Forward,25,187,76,Right,Medium,High,92.4,88.4,75.0,79.2,86.9,82.6,93.1,85.0,85.0,63.3,76.0,93.4,85.3,59.0,43.3,46.2,71.8,80.5,77.8,66.0,2150,27,0.69,0.2,71.5,40.0,8.8,31.99,88.6,Elite,2
PLR-4003,Eduardo Barella #3104,Spain,Bundesliga,RB Leipzig,Midfielder,27,180,72,Right,Medium,Medium,82.0,83.0,93.9,78.5,87.4,75.0,82.2,89.9,,91.9,83.7,75.7,77.3,71.8,69.5,75.5,92.1,85.2,90.7,62.9,1441,18,0.12,0.85,83.7,57.2,12.18,37.6,90.3,Elite,2
PLR-4004,Dominik Mendes #3105,Canada,La Liga,Real Madrid,Midfielder,21,180,74,Right,High,Medium,62.7,63.2,65.0,58.0,62.3,54.3,63.1,62.2,65.0,64.8,76.1,58.6,62.1,45.0,54.1,47.7,67.2,60.8,44.5,83.0,2223,28,0.07,0.4,75.0,54.1,9.8,0.5,62.6,Developing,0
PLR-4005,Luka Traore #3106,France,Bundesliga,Eintracht Frankfurt,Defender,22,184,79,Right,Medium,Low,62.0,71.1,69.9,72.5,61.7,63.4,61.2,51.9,67.3,65.9,52.5,33.1,59.2,79.2,75.7,72.4,56.4,55.6,68.4,68.1,2129,27,0.02,0.09,72.0,65.6,8.85,3.3,71.2,Star,1
PLR-4006,Federico Kim #3107,USA,Serie A,Juventus,Goalkeeper,29,189,86,Right,Medium,High,43.2,40.6,44.2,80.5,54.8,80.4,44.2,27.1,55.6,49.4,27.6,16.7,60.3,31.7,27.3,24.2,72.2,69.9,63.6,69.0,2667,34,0.0,0.01,48.0,50.0,3.86,15.39,83.6,Elite,2
PLR-4007,Noah Hernandez #3108,Italy,La Liga,Girona,Forward,18,180,67,Right,High,Low,75.7,78.6,66.4,54.8,80.2,58.4,73.7,76.9,73.7,68.1,70.5,80.7,73.5,44.3,30.2,32.6,54.2,58.4,66.2,70.5,2010,25,0.51,0.24,65.0,40.0,8.8,3.05,72.9,Star,1
PLR-4008,David Diallo #3109,Colombia,Ligue 1,Rennes,Defender,25,192,74,Left,High,High,61.7,67.5,64.7,69.1,56.8,69.9,56.7,50.4,73.4,66.9,60.0,33.1,54.6,77.4,77.6,79.4,63.3,61.9,67.5,76.0,2179,27,0.02,0.1,72.0,74.0,8.5,4.18,74.3,Star,1
PLR-4009,Luka Davies #3110,Netherlands,Bundesliga,Bayern Munich,Forward,24,178,70,Left,Medium,Low,74.5,66.2,55.0,56.3,60.0,54.7,58.3,66.1,50.0,46.7,58.2,68.4,58.0,36.6,29.6,22.9,53.5,53.8,50.8,78.5,2415,30,0.27,0.07,65.0,40.0,8.8,1.45,62.9,Developing,0
PLR-4010,Gianluigi Rodri #3111,South Korea,Ligue 1,Nice,Midfielder,27,185,74,Right,High,Medium,57.2,56.1,69.9,59.1,66.2,53.1,68.9,63.0,65.1,72.4,65.6,60.8,63.4,54.1,50.9,50.0,67.2,53.5,58.8,78.3,2368,30,0.07,0.39,75.0,52.0,9.8,0.53,62.2,Developing,0
PLR-4011,Mike Silva #3112,Canada,Ligue 1,Lille,Midfielder,20,173,69,Right,Medium,High,61.6,69.6,79.9,64.0,79.0,71.1,76.6,79.4,78.8,80.7,63.7,66.2,67.4,74.1,68.7,60.9,76.9,73.1,65.4,67.8,2478,31,0.17,0.65,75.0,63.5,10.43,9.16,76.3,Star,1
PLR-4012,Jan Diallo #3113,Colombia,Serie A,Napoli,Midfielder,26,171,75,Right,High,Medium,56.1,62.6,66.9,53.5,58.6,46.9,62.0,62.2,75.5,66.1,68.2,58.0,60.2,54.2,48.4,51.5,64.0,60.4,50.0,80.6,2308,29,0.06,0.44,75.0,52.0,9.91,1.44,65.8,Developing,0
PLR-4013,Federico Foden #3114,Colombia,Premier League,Liverpool,Midfielder,29,192,74,Right,High,Medium,65.4,72.5,82.5,73.8,80.3,55.1,84.5,74.6,77.9,83.0,68.0,73.6,80.2,71.0,79.5,65.6,87.3,68.8,71.0,71.1,1881,24,0.22,0.68,75.0,64.9,10.49,9.15,80.6,Star,1
PLR-4014,Alphonso Hakimi #3115,Colombia,La Liga,Girona,Midfielder,31,176,72,Right,Low,High,70.7,64.9,75.6,62.0,70.5,65.2,80.3,69.1,78.4,83.9,83.2,58.2,69.5,62.7,58.3,60.4,79.0,75.3,59.7,75.9,2115,27,0.02,0.59,75.0,52.0,10.15,3.3,74.5,Star,1
PLR-4015,Julian Donnarumma #3116,Japan,Ligue 1,Lyon,Midfielder,21,175,67,Left,Medium,High,67.2,72.9,83.5,73.9,68.4,67.2,74.7,68.0,76.7,77.0,74.7,68.6,74.4,68.6,64.7,46.3,80.9,61.0,58.3,73.6,2111,27,0.24,0.58,75.0,52.1,10.9,3.34,73.2,Star,1
PLR-4016,Mateo Santos #3117,Spain,Serie A,Atalanta,Defender,29,182,72,Right,Low,Medium,87.0,76.6,93.7,91.4,79.8,98.0,77.3,67.2,80.2,84.3,72.1,54.4,84.6,97.5,99.0,98.0,77.7,82.8,89.1,57.8,1827,23,0.03,0.15,72.0,93.5,10.32,62.37,94.5,Elite,2
PLR-4017,Antony Modric #3118,Colombia,Bundesliga,VfB Stuttgart,Midfielder,26,176,79,Right,Medium,Low,65.6,64.8,75.8,65.1,70.9,60.9,70.9,68.1,74.5,73.5,60.4,62.3,66.5,47.1,52.1,44.6,71.2,62.0,58.9,75.9,1873,24,0.06,0.43,75.0,52.0,10.1,6.81,69.5,Developing,0
PLR-4018,Theo Barella #3119,Nigeria,Ligue 1,Monaco,Forward,22,181,71,Right,Medium,Medium,84.1,89.5,73.6,69.3,82.3,69.0,83.9,82.6,63.3,63.9,69.8,85.3,80.5,52.9,43.1,26.2,60.8,73.6,66.4,74.8,2476,31,0.56,0.21,65.0,40.0,8.8,12.34,81.0,Star,1
PLR-4019,Osimhen Williams #3120,Italy,Premier League,Chelsea,Defender,23,178,83,Right,High,Medium,76.1,78.9,70.0,87.0,68.4,88.2,64.1,58.4,68.5,72.1,63.6,40.0,75.5,81.3,84.7,83.0,70.3,71.3,73.5,84.4,2520,32,0.04,0.1,72.0,80.7,8.5,16.62,82.0,Star,1
PLR-4020,Alejandro Schmidt #3121,Croatia,Serie A,Atalanta,Midfielder,24,186,69,Right,High,Low,76.9,78.3,89.6,70.2,91.9,67.8,95.8,94.7,99.0,92.0,94.0,80.8,84.7,85.1,79.3,67.8,92.4,92.7,74.2,67.0,1275,16,0.31,0.85,88.3,68.0,11.46,71.9,93.4,Elite,2
PLR-4021,Theo Camavinga #3122,Brazil,Serie A,Atalanta,Midfielder,28,176,80,Right,High,Medium,82.2,76.2,89.9,86.6,80.5,72.4,77.8,82.9,91.0,90.5,81.0,66.4,76.9,70.4,66.8,61.5,80.0,84.3,78.6,70.7,1406,18,0.26,0.85,78.8,59.0,11.13,13.95,81.9,Star,1
PLR-4022,Antony Musiala #3123,Portugal,Serie A,Juventus,Defender,26,185,85,Right,High,Low,87.3,81.7,79.3,99.0,69.1,98.0,81.9,75.9,78.0,73.9,67.5,59.2,83.3,97.0,98.8,98.0,74.5,84.9,88.5,66.5,2552,32,0.1,0.13,72.0,93.0,8.5,63.57,94.5,Elite,2
PLR-4023,Aurélien Martinez #3124,Uruguay,Bundesliga,RB Leipzig,Midfielder,33,179,78,Right,Medium,Medium,55.0,65.1,67.8,58.8,61.1,59.9,63.4,68.8,69.5,71.5,56.9,53.8,60.4,57.9,46.3,46.0,69.5,71.9,51.7,78.1,2530,32,0.04,0.27,75.0,52.0,9.8,0.83,66.7,Developing,0
PLR-4024,Pedri Tchouameni #3125,Senegal,Ligue 1,Nice,Forward,29,185,71,Right,Medium,Medium,75.2,78.7,69.3,63.1,76.6,64.9,74.0,70.4,66.0,67.7,53.6,79.5,65.4,42.6,31.8,22.7,65.6,63.2,69.4,68.2,2265,29,0.54,0.25,65.0,40.0,8.8,4.14,72.2,Star,1
PLR-4025,Alejandro Mueller #3126,Spain,Premier League,Manchester United,Midfielder,23,185,70,Left,High,Medium,58.9,71.0,69.6,60.4,66.2,63.7,67.2,64.7,70.1,61.6,59.0,56.4,60.0,63.9,46.7,45.1,65.8,65.6,54.8,79.6,1650,21,0.1,0.39,75.0,52.0,9.8,4.85,66.8,Developing,0
PLR-4026,Theo Kim #3127,South Korea,La Liga,Atletico Madrid,Goalkeeper,26,190,77,Right,Medium,Medium,55.9,41.9,40.0,74.6,58.1,79.5,34.3,35.5,60.1,52.4,27.1,21.1,50.0,42.9,19.2,20.1,66.3,80.5,66.7,68.0,1884,24,0.0,0.0,48.0,50.0,3.8,13.36,80.9,Star,1
PLR-4027,Kylian Davies #3128,Argentina,Bundesliga,Borussia Dortmund,Defender,27,181,68,Right,High,Medium,63.8,58.5,62.3,68.0,55.2,68.1,54.5,59.0,52.5,63.4,46.4,30.0,61.2,68.0,68.7,62.0,56.9,68.7,61.7,73.5,1667,21,0.01,0.04,72.0,63.1,8.5,0.5,65.1,Developing,0
PLR-4028,William Mbappe #3129,Belgium,Premier League,Aston Villa,Defender,27,181,79,Right,Medium,High,66.1,65.7,70.4,84.3,63.1,74.1,56.5,52.3,75.2,72.1,60.1,39.1,60.7,80.3,86.3,83.9,60.6,74.6,81.3,66.2,1618,20,0.03,0.11,72.0,77.3,9.04,6.34,79.3,Star,1
PLR-4029,Rodri Hernandez #3130,France,Premier League,Manchester United,Midfielder,27,172,74,Left,Medium,Medium,83.4,79.2,92.0,78.9,79.7,76.6,92.1,87.2,,96.5,86.7,67.8,84.1,81.0,70.5,62.3,92.3,85.5,81.7,74.0,1193,15,0.11,0.7,80.2,56.5,11.68,29.48,87.9,Elite,2
PLR-4030,Trent Hernandez #3131,Argentina,Serie A,Lazio,Forward,22,183,74,Right,Medium,Medium,62.2,65.6,63.2,50.0,61.0,53.5,67.4,67.9,53.4,43.0,49.1,63.6,58.9,40.7,31.0,24.9,45.5,55.0,53.6,74.1,2558,32,0.26,0.02,65.0,40.0,8.8,4.83,60.8,Developing,0
PLR-4031,Enzo Saka #3132,Canada,Serie A,Roma,Midfielder,27,175,68,Left,Medium,Medium,78.9,85.0,90.2,77.9,87.5,71.3,93.0,76.9,91.8,87.5,82.4,74.6,82.9,69.9,75.9,65.0,87.0,78.7,79.4,70.8,2526,32,0.17,0.81,82.8,63.4,11.38,22.73,85.9,Elite,2
PLR-4032,Rafael Tanaka #3133,Italy,Ligue 1,Lille,Defender,23,187,74,Left,High,Medium,67.3,68.9,90.6,78.6,72.4,76.2,69.4,70.3,68.3,68.7,61.6,49.3,76.8,91.6,83.9,81.0,71.9,74.3,88.2,71.6,1749,22,0.0,0.11,72.0,75.4,10.02,22.48,83.6,Elite,2
PLR-4033,Ruben Mbappe #3134,Nigeria,Ligue 1,Monaco,Forward,19,175,83,Right,Medium,Medium,68.5,78.4,63.9,76.0,81.5,67.3,77.1,75.1,70.6,63.6,65.8,84.5,73.6,48.6,41.4,23.6,60.7,62.9,69.0,70.7,2494,31,0.41,0.17,65.0,40.0,8.8,6.03,73.3,Star,1
PLR-4034,Alessandro Tchouameni #3135,England,La Liga,Barcelona,Forward,23,184,70,Left,High,Medium,71.1,75.1,62.3,62.6,76.2,65.5,67.8,76.4,64.8,56.3,55.1,82.0,78.9,35.6,32.9,32.2,59.4,67.1,60.3,68.2,1213,15,0.61,0.18,65.0,40.0,8.8,8.88,75.3,Star,1
PLR-4035,Enzo Sato #3136,Colombia,Serie A,AC Milan,Forward,24,171,74,Left,Medium,Medium,64.4,62.0,55.0,50.0,60.0,53.3,58.0,60.0,50.0,42.0,55.5,62.0,58.0,32.2,25.0,27.2,45.0,49.8,53.5,80.3,1369,17,0.21,0.02,65.0,40.0,8.8,1.11,58.2,Developing,0
PLR-4036,Rafael Musiala #3137,England,Serie A,Juventus,Midfielder,18,184,74,Right,High,Medium,67.3,70.7,82.5,71.3,78.9,70.7,84.2,81.7,85.7,82.6,77.7,65.3,74.7,59.8,58.3,50.1,75.1,67.2,68.2,79.4,2226,28,0.04,0.54,77.8,52.0,10.89,15.55,79.0,Star,1
PLR-4037,Mateo Foden #3138,Colombia,Serie A,Fiorentina,Goalkeeper,23,187,83,Right,Medium,High,38.6,47.0,40.0,67.9,49.8,61.0,30.2,28.3,41.2,42.7,20.9,17.0,47.4,25.0,18.0,17.2,62.0,61.0,71.5,78.2,2153,27,0.0,0.02,48.0,50.0,3.8,0.5,62.9,Developing,0
PLR-4038,Marcus Saka #3139,Ghana,Bundesliga,Eintracht Frankfurt,Forward,26,183,89,Right,Low,Low,64.9,71.7,55.0,63.0,64.6,58.5,58.1,60.3,54.5,50.1,58.6,65.1,58.0,30.0,27.5,29.5,51.6,55.6,51.6,77.6,450,8,0.27,0.02,65.0,40.0,8.8,4.45,60.7,Developing,0
PLR-4039,Achraf Schmidt #3140,Canada,Serie A,Roma,Midfielder,28,173,73,Right,Medium,Medium,66.1,61.9,84.8,74.6,72.6,64.0,74.4,71.3,80.8,81.1,70.1,51.1,74.6,61.1,61.2,55.0,72.2,64.9,59.2,80.2,909,11,0.02,0.49,75.0,52.0,10.75,7.87,74.4,Star,1
PLR-4040,Eduardo Moreno #3141,England,Ligue 1,Lille,Forward,24,181,78,Right,High,Medium,76.7,86.2,65.2,64.7,74.9,71.6,70.5,82.8,68.8,50.9,64.5,81.7,78.0,31.3,26.3,28.9,62.1,71.0,56.0,79.5,2745,35,0.41,0.29,65.0,40.0,8.8,10.25,76.7,Star,1
PLR-4041,Mike Santos #3142,Germany,Bundesliga,Borussia Dortmund,Goalkeeper,27,187,81,Right,Low,Medium,49.0,54.7,45.2,85.6,70.8,76.6,40.8,31.6,61.6,65.9,21.4,21.7,72.0,36.5,27.9,17.7,66.7,77.7,71.5,62.9,2726,34,0.0,0.01,48.0,50.0,3.8,28.21,87.4,Elite,2
PLR-4042,Rodri Tchouameni #3143,Nigeria,Bundesliga,Eintracht Frankfurt,Forward,32,182,78,Right,High,Medium,76.7,79.6,74.7,70.4,75.5,80.8,78.0,84.3,77.1,62.4,68.3,86.9,81.7,47.5,47.5,32.4,65.5,75.3,70.5,74.6,1885,24,0.55,0.24,65.0,40.0,9.09,5.04,80.4,Star,1
PLR-4043,Pedri Barella #3144,Germany,Premier League,Newcastle,Midfielder,26,171,75,Left,Medium,High,63.5,68.9,76.8,69.3,76.6,66.9,81.8,73.8,84.9,75.9,56.5,72.6,67.6,57.2,65.0,56.5,81.9,67.7,65.2,80.9,1536,19,0.21,0.66,76.2,57.2,10.2,6.73,79.3,Star,1
PLR-4044,Marcus Modric #3145,Argentina,Premier League,Chelsea,Defender,26,179,75,Right,Medium,Medium,76.5,66.3,73.7,72.2,65.6,73.3,55.1,56.7,69.4,67.8,57.6,41.1,73.7,80.0,86.4,81.9,69.1,76.1,74.8,64.9,942,12,0.08,0.03,72.0,77.7,9.46,12.08,80.5,Star,1
PLR-4045,Bukayo Tchouameni #3146,Netherlands,Premier League,Liverpool,Defender,25,180,78,Right,Medium,High,82.6,78.7,77.7,91.7,69.0,95.2,69.9,68.8,80.6,71.3,66.8,40.8,69.9,92.6,99.0,96.9,81.1,87.7,92.6,61.5,2330,29,0.03,0.04,72.0,91.1,9.04,45.89,91.8,Elite,2
PLR-4046,Noah Saka #3147,Italy,Premier League,Aston Villa,Midfielder,20,180,75,Right,Low,Medium,55.0,62.8,71.8,58.0,58.0,58.9,69.0,64.5,75.4,73.6,70.8,51.2,58.8,61.1,55.7,50.7,64.9,56.9,42.6,81.5,1957,25,0.02,0.41,75.0,52.0,9.87,0.5,67.4,Developing,0
PLR-4047,Declan Hernandez #3148,France,Serie A,Lazio,Midfielder,30,170,80,Left,High,Medium,72.9,77.3,85.7,73.7,78.5,67.3,80.2,72.6,91.1,91.4,80.2,67.3,78.2,58.7,77.1,56.4,82.8,79.0,70.9,,1762,22,0.12,0.73,82.9,70.0,10.78,11.35,83.5,Elite,2
PLR-4048,Pedri Davies #3149,Belgium,Premier League,Liverpool,Midfielder,31,178,70,Left,High,High,78.8,85.7,95.2,82.1,89.4,83.9,95.1,93.4,98.2,98.0,86.5,76.9,89.4,78.8,75.0,65.5,93.8,87.6,77.1,74.7,2826,36,0.14,0.85,86.6,65.1,11.44,37.2,93.6,Elite,2
PLR-4049,Son Bastoni #3150,Norway,Premier League,Arsenal,Forward,25,192,71,Right,High,Medium,84.0,94.4,74.0,63.5,86.0,73.6,79.4,90.3,69.5,62.8,77.3,87.4,80.3,45.4,36.9,36.7,72.1,78.4,71.5,69.4,2935,37,0.54,0.4,65.0,40.0,9.32,16.6,82.5,Elite,2
PLR-4050,Eduardo Jones #3151,South Korea,Serie A,Napoli,Forward,27,184,74,Left,High,Low,72.6,72.7,66.1,56.0,69.3,63.7,61.1,68.9,62.4,58.2,70.7,72.1,67.3,34.8,25.1,30.7,65.2,69.7,63.0,76.8,2955,37,0.46,0.18,65.0,40.0,8.8,1.94,69.1,Developing,0
PLR-4051,Takefusa Rice #3152,Norway,Premier League,Manchester City,Midfielder,28,175,73,Left,High,High,76.5,75.9,85.5,71.6,78.9,69.2,85.8,78.2,91.1,89.4,71.0,68.3,70.7,60.3,72.6,49.6,83.0,73.3,64.7,71.7,2164,27,0.11,0.62,79.1,58.7,11.31,15.74,84.1,Elite,2
PLR-4052,Bukayo Foden #3153,Canada,Serie A,AC Milan,Forward,29,187,73,Right,Low,Medium,80.0,77.8,62.4,64.9,70.2,70.9,71.1,76.9,,63.4,67.0,86.8,82.7,48.7,33.9,25.4,72.2,73.9,66.6,71.3,1202,15,0.52,0.3,65.0,40.0,8.8,10.9,78.7,Star,1
PLR-4053,Moises Diallo #3154,Uruguay,Ligue 1,Nice,Midfielder,29,168,83,Right,Medium,Medium,61.3,65.0,81.5,65.0,70.4,51.0,66.5,66.0,76.3,78.1,64.6,63.0,70.5,57.9,57.9,50.0,81.7,65.0,68.0,65.7,1761,22,0.18,0.61,75.0,52.0,10.69,8.56,71.7,Star,1
PLR-4054,Jude Modric #3155,Nigeria,Ligue 1,Paris Saint-Germain,Defender,19,180,78,Left,High,Medium,52.0,58.8,59.4,71.6,57.9,65.6,58.9,49.6,64.5,52.3,49.8,37.2,53.1,65.0,75.1,62.5,51.0,51.1,69.0,76.6,1489,19,0.02,0.04,72.0,64.6,8.5,0.5,64.1,Developing,0
PLR-4055,Noah Van Dijk #3156,Japan,Serie A,Inter Milan,Goalkeeper,21,186,83,Left,Medium,Medium,35.0,47.8,43.3,67.2,57.9,68.5,33.7,28.0,54.3,53.9,21.6,15.0,50.9,28.7,25.4,25.3,55.6,70.4,73.0,71.6,1282,16,0.0,0.0,48.0,50.0,3.82,7.82,71.9,Star,1
PLR-4056,Victor Jones #3157,Italy,Ligue 1,Lille,Midfielder,26,178,63,Left,Low,Low,60.9,59.7,65.3,48.0,62.7,63.6,68.0,65.2,71.1,69.1,62.4,51.6,62.5,55.7,45.8,50.9,66.7,64.7,56.0,69.0,2373,30,0.02,0.43,75.0,52.0,9.8,0.5,65.3,Developing,0
PLR-4057,Pedri Martinez #3158,Spain,La Liga,Athletic Club,Forward,23,167,78,Left,Low,Low,65.0,64.2,55.0,52.3,60.1,52.0,63.5,61.4,52.0,49.9,46.1,66.9,61.3,30.0,32.8,22.8,55.9,57.4,63.9,69.8,2705,34,0.23,0.05,65.0,40.0,8.8,0.5,62.4,Developing,0
PLR-4058,Dominik Dias #3159,Senegal,Bundesliga,VfB Stuttgart,Forward,29,182,74,Left,High,Medium,86.2,88.8,73.5,65.1,86.3,76.6,84.2,91.8,80.8,67.2,74.4,86.5,88.8,51.7,39.6,38.4,80.7,83.5,83.4,71.0,2017,25,0.5,0.38,71.3,40.0,9.46,16.68,84.3,Elite,2
PLR-4059,Ruben Kroos #3160,Nigeria,Serie A,Roma,Goalkeeper,22,187,79,Left,Low,Low,40.7,48.7,50.6,73.1,58.3,74.9,39.9,25.0,48.0,52.6,24.2,26.1,60.5,41.8,29.8,26.0,58.9,69.4,72.3,71.4,1689,21,0.0,0.01,48.0,50.0,3.88,9.36,77.6,Star,1
PLR-4060,Jan Hakimi #3161,Senegal,Serie A,Atalanta,Midfielder,28,180,74,Left,Medium,Medium,63.6,71.0,73.1,67.1,65.8,68.9,77.0,73.7,74.2,78.0,65.6,62.9,68.5,58.1,60.6,52.6,73.3,66.3,63.9,72.8,1231,15,0.02,0.64,75.0,55.4,10.37,5.85,72.9,Star,1
PLR-4061,Alejandro Santos #3162,Argentina,Premier League,Manchester City,Forward,31,178,80,Right,High,High,75.2,65.4,70.5,67.6,66.2,67.7,73.9,69.4,54.7,57.7,52.9,79.3,72.0,39.5,25.0,28.4,62.2,66.3,64.3,79.4,2757,35,0.46,0.22,65.0,40.0,8.8,3.33,73.4,Star,1
PLR-4062,Moises Hernandez #3163,Senegal,Premier League,Newcastle,Midfielder,27,180,73,Right,High,Medium,64.8,67.1,79.3,63.3,70.4,65.7,75.1,75.1,78.0,72.5,80.7,64.7,64.1,58.4,57.9,58.3,71.6,69.8,55.7,82.1,2248,28,0.02,0.45,75.0,53.7,10.82,4.4,72.4,Star,1
PLR-4063,Bukayo Dias #3164,Uruguay,Serie A,Napoli,Midfielder,24,170,70,Right,High,High,68.1,59.9,70.8,58.2,63.4,45.0,67.4,72.2,82.7,75.0,66.5,57.3,67.2,58.5,56.0,61.8,73.9,63.5,59.2,79.4,2508,32,0.02,0.6,75.0,52.0,10.18,4.85,70.2,Developing,0
PLR-4064,Enzo Barella #3165,Italy,La Liga,Villarreal,Defender,30,177,87,Right,Low,Medium,86.9,78.1,85.0,91.4,65.0,87.1,80.5,66.6,75.9,82.6,70.1,46.3,72.2,94.3,94.5,94.8,72.4,80.2,70.3,75.8,2428,31,0.01,0.2,72.0,88.0,10.14,26.79,91.5,Elite,2
PLR-4065,William Garcia #3166,Ghana,Ligue 1,Marseille,Forward,22,187,66,Right,Medium,Medium,78.6,81.9,72.5,63.3,75.4,69.7,78.1,79.6,70.8,63.2,64.3,84.1,81.4,33.7,40.9,34.7,68.1,63.1,66.6,72.4,3377,38,0.57,0.18,65.0,40.0,8.8,8.68,77.2,Star,1
PLR-4066,Rodri Davies #3167,Japan,Bundesliga,RB Leipzig,Forward,29,184,69,Left,Medium,Low,83.9,81.8,,64.8,81.3,64.9,76.8,79.0,71.0,64.4,69.7,79.4,75.1,46.9,32.8,39.5,65.9,67.5,68.0,75.9,3420,38,0.49,0.25,65.0,40.0,8.97,10.4,78.1,Star,1
PLR-4067,Julian Alvarez #3168,Nigeria,Bundesliga,RB Leipzig,Goalkeeper,30,192,74,Right,High,Medium,52.0,44.6,40.0,69.3,62.2,72.8,42.5,29.8,56.1,54.4,22.6,21.2,69.4,35.0,25.0,22.9,69.4,73.7,77.3,72.8,2354,30,0.0,0.0,48.0,50.0,3.8,7.37,80.6,Star,1
PLR-4068,Lucas Saliba #3169,France,Bundesliga,Eintracht Frankfurt,Forward,21,181,69,Right,Medium,Medium,68.4,74.3,63.8,66.2,82.3,59.9,75.3,76.6,65.0,52.5,53.4,80.3,73.7,39.2,39.0,33.5,59.3,57.5,63.8,65.8,2150,27,0.51,0.17,65.0,40.0,8.8,6.42,72.1,Star,1
PLR-4069,Darwin Davies #3170,France,Serie A,Juventus,Defender,30,178,91,Right,High,Medium,80.0,76.9,80.4,97.7,68.5,90.2,67.5,69.7,78.8,88.5,63.9,55.0,80.1,95.0,99.0,92.4,73.4,85.0,81.1,65.0,2632,33,0.02,0.18,73.2,93.8,9.97,38.63,94.0,Elite,2
PLR-4070,Antony Saliba #3171,South Korea,Bundesliga,Bayer Leverkusen,Defender,27,192,76,Right,High,High,68.8,76.6,85.0,82.1,65.6,74.6,74.7,64.4,59.1,69.0,60.6,37.8,69.7,85.3,87.4,81.2,73.3,74.4,82.7,66.4,2127,27,0.01,0.04,72.0,85.2,9.74,13.24,79.8,Star,1
PLR-4071,Erling Davies #3172,Ghana,Ligue 1,Monaco,Midfielder,25,183,79,Right,High,Medium,74.9,72.6,86.2,71.4,77.9,69.9,80.7,75.0,80.9,81.8,73.5,72.5,78.4,52.3,64.6,62.2,79.1,77.6,63.9,73.9,1924,24,0.2,0.54,75.0,53.0,11.73,9.91,78.5,Star,1
PLR-4072,Eduardo Haaland #3173,Ghana,La Liga,Girona,Midfielder,27,182,74,Right,High,Medium,58.4,63.8,82.6,65.1,61.1,55.1,71.7,71.5,76.5,73.9,58.5,60.7,67.1,62.7,61.6,58.7,78.4,67.1,53.0,78.9,1117,14,0.03,0.53,75.0,52.0,10.73,6.1,71.4,Star,1
PLR-4073,Kylian Modric #3174,France,Ligue 1,Nice,Forward,21,175,78,Left,High,High,71.6,74.5,68.2,69.5,77.1,70.7,72.2,79.2,74.6,60.3,70.6,75.2,78.5,46.2,39.8,35.3,61.1,75.5,66.0,68.7,1363,17,0.43,0.22,65.0,40.0,8.8,4.44,76.4,Star,1
PLR-4074,David Rice #3175,Spain,Ligue 1,Monaco,Midfielder,30,180,70,Right,Medium,High,74.4,68.6,92.1,77.7,92.3,59.8,80.6,73.9,85.1,88.2,81.1,62.2,74.2,70.0,66.2,60.9,88.7,81.1,74.7,71.5,2405,30,0.09,0.62,75.0,53.2,12.14,11.37,84.1,Elite,2
PLR-4075,Khvicha Donnarumma #3176,Morocco,Premier League,Manchester City,Defender,26,186,79,Right,Medium,High,71.3,73.5,76.2,83.3,64.3,77.8,72.7,62.8,70.9,57.5,60.7,44.4,55.2,81.7,82.3,89.6,64.0,71.1,72.3,80.8,2815,36,0.01,0.04,72.0,78.9,9.21,12.38,79.4,Star,1
PLR-4076,Khvicha De Bruyne #3177,England,Ligue 1,Lille,Goalkeeper,20,191,76,Left,Medium,High,52.1,56.1,40.0,78.0,55.4,60.0,43.9,34.1,48.4,46.6,27.8,27.5,50.4,27.2,18.0,20.1,54.1,68.6,64.6,80.1,2030,26,0.0,0.04,48.0,50.0,3.8,4.37,71.6,Star,1
PLR-4077,Noah Donnarumma #3178,Netherlands,Serie A,Roma,Forward,30,170,76,Right,High,High,71.6,81.2,71.6,66.6,70.3,78.7,73.3,83.7,73.0,59.1,64.6,79.0,77.8,42.1,29.6,39.0,69.0,74.6,66.3,71.5,1634,20,0.41,0.34,65.0,40.0,8.8,7.34,76.7,Star,1
PLR-4078,Alexis Traore #3179,Uruguay,Ligue 1,Nice,Forward,21,179,74,Right,High,High,73.8,75.5,71.7,67.4,74.7,68.3,81.0,75.1,70.3,54.3,56.9,84.6,82.4,41.5,34.4,38.7,62.5,61.0,68.8,74.2,1489,19,0.42,0.14,65.0,40.0,8.8,7.42,75.9,Star,1
PLR-4079,Thibaut Barella #3180,Canada,Serie A,Lazio,Goalkeeper,25,183,90,Right,High,High,42.8,46.8,40.0,78.6,54.3,67.3,30.0,28.7,51.7,49.3,20.8,27.5,50.1,27.8,18.0,26.4,63.0,72.3,60.5,77.6,1286,16,0.0,0.01,48.0,50.0,3.8,7.12,72.8,Star,1
PLR-4080,Alexis De Bruyne #3181,England,Premier League,Newcastle,Defender,30,182,79,Right,High,High,73.4,66.5,92.8,88.8,69.1,89.5,68.6,67.8,78.4,80.9,66.5,50.8,74.7,94.0,98.8,89.3,77.3,87.1,84.9,69.5,2696,34,0.04,0.1,72.0,90.0,9.95,38.02,94.1,Elite,2
PLR-4081,Declan Tanaka #3182,Uruguay,La Liga,Real Madrid,Defender,28,178,74,Right,Medium,Medium,55.5,53.4,61.2,60.0,56.0,58.0,55.7,48.1,56.8,48.6,40.0,30.0,52.7,65.0,66.8,66.0,45.0,54.1,59.7,72.4,2607,33,0.02,0.01,72.0,62.0,8.5,0.5,63.8,Developing,0
PLR-4082,Jamal Rodriguez #3183,Uruguay,Ligue 1,Lyon,Forward,29,196,68,Right,Medium,High,94.0,97.5,82.6,72.9,87.1,77.2,90.8,91.6,80.0,72.5,74.1,99.0,84.2,45.7,51.6,37.3,76.0,81.1,71.9,71.4,2685,34,0.71,0.31,65.6,40.0,9.41,38.17,89.9,Elite,2
PLR-4083,Alejandro Hakimi #3184,Nigeria,La Liga,Athletic Club,Midfielder,28,177,68,Right,Medium,High,75.0,83.4,92.4,66.3,80.1,79.6,93.4,83.8,90.0,89.0,82.8,68.0,77.8,68.6,75.4,66.7,85.4,81.5,73.8,71.5,2459,31,0.2,0.77,81.5,62.5,11.52,24.84,87.0,Elite,2
PLR-4084,Trent Alvarez #3185,Italy,Premier League,Arsenal,Defender,27,182,80,Right,High,Medium,79.3,67.8,79.8,86.9,61.7,89.1,81.8,61.2,70.0,67.4,60.3,47.8,64.1,90.2,88.9,87.4,70.2,76.1,81.5,74.8,2651,33,0.03,0.07,72.0,83.9,8.6,19.26,85.4,Elite,2
PLR-4085,Bruno Jones #3186,Spain,Serie A,Fiorentina,Defender,23,188,84,Left,Medium,High,77.8,61.6,73.0,87.7,69.3,74.4,74.1,59.0,67.0,63.1,61.3,37.9,68.8,86.2,90.2,85.3,63.1,72.5,72.9,67.4,2330,29,0.01,0.07,72.0,82.9,8.83,24.56,85.1,Elite,2
PLR-4086,Alphonso Schmidt #3187,Uruguay,Serie A,Roma,Midfielder,29,183,76,Left,Low,Medium,70.8,76.8,94.2,68.9,92.1,81.8,93.8,88.3,,83.2,89.1,71.8,76.8,67.3,57.7,71.6,88.8,78.3,86.1,64.2,2092,26,0.15,0.85,85.0,52.0,11.91,23.91,85.0,Elite,2
PLR-4087,Julian Valverde #3188,Spain,Bundesliga,Bayer Leverkusen,Forward,28,186,66,Left,Medium,High,72.5,83.7,74.9,63.1,72.6,68.1,74.4,76.3,71.9,50.1,63.7,81.8,75.0,33.9,37.0,40.0,69.0,74.1,58.0,75.2,2051,26,0.48,0.3,65.0,40.0,8.8,8.75,75.9,Star,1
PLR-4088,Mike Silva #3189,Netherlands,La Liga,Villarreal,Midfielder,34,181,68,Right,High,Medium,56.2,71.2,76.6,60.0,71.7,58.0,74.4,71.2,75.1,71.7,69.9,65.1,64.6,62.6,57.7,52.6,71.7,67.5,53.6,81.3,2370,30,0.12,0.43,75.0,52.0,10.19,3.36,73.0,Star,1
PLR-4089,Alexis Musiala #3190,Canada,La Liga,Girona,Forward,26,184,78,Left,Medium,Medium,88.6,90.2,76.9,70.4,83.6,72.8,83.6,90.4,73.0,66.3,80.6,81.3,85.3,49.5,42.0,30.0,79.0,83.4,79.2,61.1,3283,38,0.43,0.29,65.0,40.0,8.8,17.11,83.8,Elite,2
PLR-4090,Takefusa Bellingham #3191,Spain,Ligue 1,Paris Saint-Germain,Midfielder,26,184,69,Left,High,High,84.3,79.4,87.4,80.4,85.4,70.3,82.3,84.8,90.3,93.5,90.6,76.7,85.9,82.6,74.0,61.9,92.4,82.9,92.8,67.0,1792,22,0.27,0.84,78.1,60.3,11.04,24.92,86.6,Elite,2
PLR-4091,Carlos Sato #3192,Argentina,La Liga,Girona,Goalkeeper,29,189,76,Left,Medium,Medium,52.5,54.9,40.0,71.5,58.6,69.4,30.7,32.2,52.0,54.5,23.9,23.4,70.5,37.4,22.4,24.0,65.3,73.0,80.4,65.5,1586,20,0.0,0.0,48.0,50.0,3.8,14.34,82.3,Elite,2
PLR-4092,Theo Williams #3193,Netherlands,Serie A,Fiorentina,Midfielder,26,179,67,Right,High,High,57.3,65.8,66.8,57.2,62.6,59.5,62.0,63.4,72.0,64.7,53.1,48.7,62.9,62.5,51.8,48.1,55.2,58.5,66.9,73.1,1460,18,0.02,0.27,75.0,52.0,9.8,1.96,63.3,Developing,0
PLR-4093,Kevin Wirtz #3194,Spain,Premier League,Newcastle,Defender,24,185,81,Right,High,Medium,68.4,56.7,64.3,69.4,53.7,63.6,61.2,47.9,53.2,62.1,46.3,34.5,54.6,65.0,71.3,70.3,48.6,57.4,57.7,76.6,2291,29,0.11,0.03,72.0,68.4,8.5,2.86,67.3,Developing,0
PLR-4094,William Traore #3195,Brazil,Ligue 1,Lille,Forward,25,177,79,Right,High,Medium,81.8,88.5,76.7,71.4,85.0,71.9,78.2,82.0,72.2,60.5,69.5,87.5,81.3,38.7,49.0,22.8,70.9,67.5,76.6,80.5,2227,28,0.57,0.26,65.0,40.0,8.87,15.16,81.8,Star,1
PLR-4095,David Tchouameni #3196,Senegal,La Liga,Atletico Madrid,Defender,29,193,73,Left,Medium,Low,76.9,62.6,80.4,78.8,59.0,68.9,62.9,60.7,64.7,67.4,55.9,45.7,57.2,76.7,87.1,78.2,75.9,70.7,78.1,69.7,2370,30,0.06,0.09,72.0,86.5,9.58,11.19,78.0,Star,1
PLR-4096,Erling Dias #3197,Croatia,Bundesliga,Eintracht Frankfurt,Goalkeeper,31,189,77,Left,Medium,Medium,46.7,41.5,51.8,77.6,55.8,66.9,30.0,25.0,44.5,42.0,24.8,17.9,65.3,44.7,23.7,15.0,62.0,78.0,76.6,63.5,1329,17,0.0,0.0,48.0,50.0,3.8,2.53,77.2,Star,1
PLR-4097,Kaoru Saliba #3198,Brazil,La Liga,Athletic Club,Forward,28,189,69,Right,Low,Medium,65.8,62.0,55.0,50.0,60.0,55.8,58.0,61.7,50.0,60.8,50.5,62.0,62.6,30.0,25.0,26.5,53.1,60.5,55.5,71.7,1917,24,0.16,0.02,65.0,40.0,8.8,3.06,61.8,Developing,0
PLR-4098,Leo Saliba #3199,Morocco,La Liga,Athletic Club,Forward,29,186,78,Right,Medium,Medium,79.5,76.1,64.2,71.2,73.6,64.0,75.7,73.3,64.7,52.8,64.5,75.5,78.3,41.5,32.7,25.5,64.0,70.7,67.9,70.6,1980,25,0.33,0.1,65.0,40.0,8.8,5.57,74.7,Star,1
PLR-4099,William Rice #3200,Brazil,La Liga,Real Sociedad,Midfielder,24,172,78,Right,High,Medium,62.2,63.3,65.3,67.9,64.5,55.8,72.8,64.6,78.0,83.7,55.9,54.5,68.2,59.1,55.3,52.6,70.0,61.6,55.0,67.7,2709,34,0.02,0.5,75.0,52.0,9.8,8.16,71.0,Star,1
PLR-4100,Alisson Maignan #3201,Brazil,Bundesliga,Bayer Leverkusen,Forward,28,167,70,Left,High,Medium,84.4,81.7,78.8,66.2,67.0,71.9,78.9,82.2,79.5,64.2,70.7,87.4,81.0,30.0,33.9,37.4,67.4,81.9,76.9,71.0,2856,36,0.65,0.21,65.0,40.0,8.8,13.31,83.6,Elite,2
PLR-4101,Jan Traore #3202,Netherlands,Ligue 1,Lille,Defender,28,182,77,Right,Medium,Medium,80.6,84.8,78.3,91.5,79.6,90.1,81.1,70.7,79.9,62.8,67.5,37.3,71.0,95.5,98.5,93.8,72.3,89.7,78.9,68.0,1893,24,0.06,0.07,72.0,91.3,8.92,63.59,94.5,Elite,2
PLR-4102,Carlos Kroos #3203,Norway,Bundesliga,Borussia Dortmund,Goalkeeper,28,196,82,Right,High,Medium,43.9,54.1,57.4,84.6,71.6,81.9,38.3,34.0,58.4,65.6,26.4,15.0,69.5,43.5,29.7,15.0,77.0,82.4,74.2,63.4,2341,30,0.0,0.01,48.0,50.0,4.13,17.65,81.8,Star,1
PLR-4103,Leo Williams #3204,Croatia,Bundesliga,Eintracht Frankfurt,Midfielder,25,177,70,Left,Medium,High,76.0,72.7,81.9,62.9,66.1,65.8,80.8,78.0,77.8,76.4,63.2,64.3,72.6,64.8,56.3,66.7,83.4,68.3,62.4,86.6,1773,22,0.18,0.65,75.0,54.7,10.95,6.28,78.4,Star,1
PLR-4104,Alexis Sato #3205,Morocco,Bundesliga,Eintracht Frankfurt,Forward,27,187,76,Left,Low,Medium,68.1,77.6,61.2,57.2,70.7,62.8,66.6,74.2,61.8,55.4,58.9,70.1,67.8,30.0,38.4,24.0,60.5,64.8,63.2,85.0,2573,32,0.37,0.18,65.0,40.0,8.8,1.28,68.7,Developing,0
PLR-4105,Theo Van Dijk #3206,Ghana,Bundesliga,Eintracht Frankfurt,Midfielder,30,186,75,Right,Medium,Low,68.1,56.0,65.0,53.0,58.0,53.1,62.0,61.7,65.0,60.0,52.0,54.7,52.0,54.8,42.0,50.9,70.6,57.1,51.8,74.9,2966,38,0.02,0.36,75.0,52.0,9.8,0.5,62.9,Developing,0
PLR-4106,Rafael Santos #3207,France,Premier League,Tottenham,Defender,22,184,86,Right,High,Medium,67.4,59.7,65.6,88.3,63.0,72.2,57.2,64.3,62.3,61.6,66.3,40.0,64.0,82.7,89.3,80.1,59.0,66.9,77.2,57.2,3346,38,0.05,0.13,72.0,86.1,8.5,17.15,81.0,Star,1
PLR-4107,Kaoru Alvarez #3208,Colombia,Premier League,Manchester United,Forward,19,176,66,Right,High,High,66.6,62.0,60.0,52.0,64.7,57.5,63.3,70.0,65.7,51.4,55.6,76.3,70.1,30.0,36.2,23.9,52.1,58.7,53.4,82.1,1674,21,0.33,0.16,65.0,40.0,,3.14,67.2,Developing,0
PLR-4108,Carlos Sato #3209,South Korea,Premier League,Liverpool,Midfielder,29,179,79,Right,Medium,Medium,70.0,77.1,84.1,72.7,77.2,63.2,80.0,79.9,88.5,75.5,68.6,62.4,72.1,63.7,57.8,59.3,86.7,71.1,59.4,73.0,3403,38,0.14,0.85,77.7,52.0,10.97,13.39,82.2,Elite,2
PLR-4109,Kaoru Bastoni #3210,Ghana,Serie A,Juventus,Midfielder,31,171,71,Right,High,Medium,79.5,83.8,93.1,79.4,91.0,67.3,86.3,76.0,98.6,88.8,86.9,86.8,90.8,69.5,72.5,68.3,93.1,88.5,76.7,59.3,3088,38,0.28,0.85,89.3,63.1,11.77,26.27,90.8,Elite,2
PLR-4110,Kylian Santos #3211,Canada,Premier League,Liverpool,Midfielder,23,176,70,Right,Medium,Medium,58.9,56.3,65.0,48.0,62.5,50.8,62.0,58.0,65.0,62.0,52.0,48.0,52.0,46.5,42.9,51.0,54.6,54.5,48.6,81.5,1704,21,0.02,0.2,75.0,52.0,9.8,0.8,60.1,Developing,0
PLR-4111,Carlos Rodri #3212,USA,Premier League,Newcastle,Forward,31,181,78,Right,Medium,Medium,77.9,72.8,63.3,60.2,71.6,67.3,70.2,79.3,62.9,58.6,65.3,80.6,70.3,59.4,32.9,31.9,67.4,69.5,65.5,80.2,2963,37,0.5,0.24,65.0,40.0,8.8,2.46,75.0,Star,1
PLR-4112,Mateo Martinez #3213,Nigeria,Serie A,Roma,Defender,30,186,76,Right,Medium,Medium,73.1,77.7,65.8,78.1,70.2,76.8,71.6,62.9,73.3,60.6,62.2,49.2,68.9,83.3,83.1,83.9,70.8,71.0,79.1,75.2,1110,14,0.04,0.01,72.0,73.9,8.5,4.96,79.0,Star,1
PLR-4113,Mateo Haaland #3214,Spain,Premier League,Chelsea,Forward,29,192,73,Right,Medium,High,89.1,87.2,73.2,79.5,88.6,85.6,92.9,87.2,67.8,64.9,75.6,97.3,84.9,49.5,38.0,38.5,70.8,79.8,68.9,75.1,2766,35,0.74,0.13,65.0,40.0,8.8,34.93,89.3,Elite,2
PLR-4114,Son Dias #3215,Morocco,La Liga,Real Madrid,Forward,28,183,70,Right,Low,Medium,77.0,93.5,71.4,72.4,76.0,78.8,74.9,76.3,67.2,69.6,70.7,80.6,81.1,35.5,40.2,33.8,69.9,75.0,68.7,72.8,1764,22,0.36,0.34,65.0,40.0,8.81,11.05,77.3,Star,1
PLR-4115,Trent Kim #3216,USA,Bundesliga,VfB Stuttgart,Defender,31,178,73,Right,High,Medium,74.6,58.9,63.8,77.4,76.3,75.4,67.3,51.9,72.0,68.0,50.3,39.8,63.5,75.2,81.4,75.4,66.9,57.2,79.7,65.5,2382,30,0.01,0.12,72.0,77.0,8.5,7.48,74.2,Star,1
PLR-4116,Dominik Bastoni #3217,Brazil,La Liga,Athletic Club,Defender,37,183,82,Left,High,High,63.3,65.8,82.3,85.1,59.9,79.1,70.6,56.8,69.9,63.0,61.2,47.2,68.5,93.1,89.2,86.8,72.2,83.5,75.7,70.2,1259,16,0.08,0.06,72.0,74.8,9.45,12.35,84.8,Elite,2
PLR-4117,Aurélien De Bruyne #3218,Spain,Serie A,Lazio,Forward,21,176,74,Left,Low,High,70.0,86.4,65.4,63.7,76.4,65.2,75.5,81.8,67.7,50.4,69.8,80.5,86.9,49.6,34.7,35.4,59.2,71.9,73.2,84.2,1494,19,0.43,0.27,65.0,40.0,8.8,6.82,75.7,Star,1
PLR-4118,Pedri Tchouameni #3219,Portugal,La Liga,Athletic Club,Forward,29,180,75,Right,High,High,76.6,77.8,81.9,64.4,84.8,75.0,80.7,83.7,67.4,68.2,67.7,80.0,78.9,36.0,35.5,38.8,69.7,72.3,75.1,71.3,2254,28,0.37,0.25,65.0,40.0,9.85,11.92,79.1,Star,1
PLR-4119,Achraf Bastoni #3220,USA,Ligue 1,Lyon,Forward,33,176,67,Right,Medium,High,84.3,74.2,68.0,62.7,80.9,74.4,77.1,88.2,71.2,59.7,67.5,85.6,77.7,30.0,40.5,37.8,77.4,73.7,70.6,71.1,1935,24,0.59,0.39,65.0,40.0,8.8,9.27,81.2,Star,1
PLR-4120,Alejandro Tchouameni #3221,Canada,La Liga,Barcelona,Forward,34,180,81,Left,Medium,Medium,72.0,73.3,72.4,69.4,78.2,75.3,68.0,72.6,70.2,55.0,66.1,76.1,79.2,30.0,39.8,34.5,74.4,75.5,70.6,,1530,19,0.47,0.32,65.0,40.0,8.8,3.06,74.8,Star,1
PLR-4121,Achraf Alvarez #3222,Nigeria,Premier League,Manchester United,Forward,21,180,77,Right,Medium,High,83.3,81.0,65.8,74.3,72.6,68.5,75.9,76.1,65.6,59.3,62.3,85.2,76.3,34.7,38.7,31.0,69.4,67.7,62.3,69.5,1548,19,0.46,0.19,65.0,40.0,8.8,10.33,79.7,Star,1
PLR-4122,Noah Smith #3223,Spain,Serie A,Fiorentina,Forward,18,175,71,Left,High,High,61.8,66.1,56.9,54.5,65.2,66.9,63.2,65.1,62.0,61.5,61.6,75.4,69.3,42.0,25.0,22.0,55.4,56.3,58.1,72.5,1185,15,0.42,0.13,65.0,40.0,8.8,0.5,65.0,Developing,0
PLR-4123,Leo Williams #3224,Senegal,Premier League,Arsenal,Midfielder,24,182,77,Right,High,High,70.4,71.7,72.7,64.5,65.0,58.0,63.7,71.0,76.8,73.7,67.7,53.8,63.5,53.7,47.8,59.5,76.0,66.1,68.9,72.6,2006,25,0.06,0.64,75.0,52.0,9.85,6.43,69.6,Developing,0
PLR-4124,Alexis Saliba #3225,Senegal,Premier League,Chelsea,Defender,26,185,71,Left,High,Medium,78.8,78.2,74.9,90.3,73.0,80.3,64.1,63.8,77.2,66.5,50.1,45.5,67.1,85.6,89.6,89.2,68.2,79.2,89.7,61.7,1923,24,0.01,0.04,72.0,86.8,8.64,18.66,85.1,Elite,2
PLR-4125,Carlos Modric #3226,England,Serie A,Inter Milan,Midfielder,24,186,63,Right,High,Medium,60.0,61.3,70.0,65.7,75.3,57.2,64.2,58.4,73.3,76.5,69.6,62.2,62.1,48.8,60.2,44.3,66.3,60.1,56.9,91.2,2340,30,0.15,0.5,75.0,52.0,10.0,4.46,67.4,Developing,0
PLR-4126,Son Silva #3227,Brazil,Serie A,Lazio,Defender,18,185,81,Right,High,High,68.2,65.0,68.4,75.4,63.1,82.5,60.8,58.0,,58.4,53.7,41.6,68.7,68.7,81.2,73.3,54.3,60.1,74.6,78.1,2022,25,0.02,0.07,72.0,78.2,8.5,0.97,72.2,Star,1
PLR-4127,Alessandro Saka #3228,Brazil,Premier League,Manchester City,Forward,27,171,75,Right,Low,Medium,93.9,94.7,84.8,78.0,91.2,81.2,86.7,92.8,79.5,68.9,79.6,98.1,82.5,53.7,48.3,39.2,80.1,80.5,63.6,78.8,1462,18,0.77,0.35,67.6,40.0,9.22,41.58,91.5,Elite,2
PLR-4128,William Mbappe #3229,Germany,Ligue 1,Paris Saint-Germain,Goalkeeper,18,198,86,Left,Medium,High,46.2,52.5,59.0,83.0,66.2,84.3,42.9,38.5,55.7,67.0,27.2,25.3,69.4,44.3,31.1,22.1,68.8,77.6,77.8,68.1,1375,17,0.0,0.0,48.0,50.0,3.8,14.37,81.0,Star,1
PLR-4129,William Moreno #3230,Ghana,Bundesliga,Eintracht Frankfurt,Defender,31,178,81,Right,Low,High,55.5,58.5,63.2,70.9,55.8,68.9,62.3,56.5,63.4,64.2,51.6,31.0,55.8,80.0,76.6,76.1,56.4,69.1,66.0,70.1,1392,17,0.01,0.15,72.0,74.4,8.5,0.5,71.7,Star,1
PLR-4130,Florian Martinez #3231,England,Bundesliga,Eintracht Frankfurt,Defender,27,186,81,Right,Low,Medium,68.4,68.0,70.2,73.1,53.3,62.2,59.4,52.1,63.1,61.2,51.6,39.5,56.1,71.7,75.0,75.6,61.2,65.1,56.2,78.9,1287,16,0.03,0.07,72.0,70.8,8.5,6.85,72.7,Star,1
PLR-4131,Rodri Smith #3232,Canada,Ligue 1,Monaco,Defender,24,195,81,Right,Low,Medium,79.3,84.3,96.0,99.0,82.1,91.5,76.6,75.8,92.0,81.1,65.2,48.0,73.6,99.0,99.0,96.7,82.0,84.8,91.0,64.6,2828,36,0.02,0.11,78.6,89.3,10.7,82.61,94.5,Elite,2
PLR-4132,Alexis Oblak #3233,Morocco,Bundesliga,Eintracht Frankfurt,Goalkeeper,23,182,86,Left,Medium,Low,37.2,41.2,45.2,74.0,68.4,63.3,30.0,28.5,44.3,51.0,20.0,22.1,55.0,40.4,27.6,19.2,60.2,67.4,66.9,65.4,3031,38,0.0,0.0,48.0,50.0,3.8,6.95,71.7,Star,1
PLR-4133,Darwin Moreno #3234,Norway,Bundesliga,RB Leipzig,Midfielder,31,166,76,Right,High,Medium,71.1,68.7,82.4,56.2,80.1,66.5,82.5,74.4,80.3,84.1,76.1,62.9,71.9,67.0,69.2,51.8,81.0,74.9,83.2,67.9,1834,23,0.14,0.54,75.0,59.2,10.17,3.32,78.6,Star,1
PLR-4134,Thibaut Mbappe #3235,Croatia,Serie A,Lazio,Forward,29,179,78,Right,Low,Low,99.0,98.0,94.2,79.1,86.8,89.4,94.0,95.7,78.5,85.4,80.1,97.4,93.3,51.1,48.8,40.5,78.9,81.8,86.0,71.2,2564,32,0.68,0.34,65.0,40.0,11.33,62.12,94.5,Elite,2
PLR-4135,Eduardo Dias #3236,Morocco,Premier League,Newcastle,Midfielder,25,177,70,Left,Medium,High,70.8,72.6,82.0,67.7,80.4,67.3,81.5,74.8,96.4,82.5,78.6,67.4,69.8,66.8,59.3,60.9,74.8,68.5,66.2,72.3,1215,15,0.07,0.74,86.9,52.2,10.31,11.2,81.4,Star,1
PLR-4136,Federico Tanaka #3237,Croatia,La Liga,Real Madrid,Defender,22,184,84,Right,Medium,Medium,79.4,76.7,78.7,92.2,69.6,77.8,76.7,61.0,79.2,70.7,67.7,46.7,75.9,94.4,98.3,89.1,70.7,89.2,73.6,60.4,2190,28,0.0,0.04,72.0,86.6,9.54,61.28,92.3,Elite,2
PLR-4137,Leo De Bruyne #3238,Uruguay,Ligue 1,Marseille,Defender,26,185,86,Left,Medium,High,76.3,79.2,83.5,92.2,74.1,89.6,79.0,70.5,69.8,75.1,53.8,48.5,62.2,97.7,98.1,83.7,74.5,82.1,85.1,51.9,2695,34,0.05,0.15,72.0,89.4,8.94,35.68,90.0,Elite,2
PLR-4138,Erling Tanaka #3239,Norway,Bundesliga,Borussia Dortmund,Midfielder,30,171,75,Left,Medium,Low,67.0,76.2,90.3,74.9,78.8,68.6,85.9,74.1,81.3,81.3,81.7,76.4,67.7,61.2,75.3,58.9,86.5,78.7,68.0,66.7,1828,23,0.19,0.59,75.0,67.3,11.46,4.62,82.0,Elite,2
PLR-4139,Rafael Donnarumma #3240,Brazil,Serie A,Fiorentina,Forward,25,172,72,Right,Medium,High,71.0,62.7,56.7,57.1,66.5,52.1,64.7,63.7,62.9,51.4,56.6,75.5,64.1,30.0,25.0,22.7,60.1,60.4,52.5,72.9,1652,21,0.4,0.13,65.0,40.0,,0.5,65.7,Developing,0
PLR-4140,Antony Oblak #3241,Spain,Ligue 1,Nice,Midfielder,24,191,75,Right,High,High,68.7,66.2,65.5,58.9,73.7,54.0,65.3,62.7,68.6,68.6,63.9,54.8,67.0,53.0,52.9,46.9,65.6,65.0,56.4,82.6,1826,23,0.02,0.36,75.0,52.0,9.8,0.5,63.9,Developing,0
PLR-4141,Alejandro Mbappe #3242,Senegal,Ligue 1,Rennes,Goalkeeper,27,182,88,Left,High,High,55.7,44.3,45.1,78.0,63.0,79.7,31.0,29.7,45.5,53.7,25.1,29.6,65.4,36.7,31.0,24.8,69.9,71.6,63.8,74.7,2837,36,0.0,0.0,48.0,50.0,3.8,18.07,82.8,Elite,2
PLR-4142,William Williams #3243,Morocco,Bundesliga,RB Leipzig,Midfielder,30,172,81,Right,High,Medium,69.1,73.2,95.7,77.6,79.9,70.8,83.6,76.6,82.8,82.2,76.2,71.9,79.0,64.1,63.2,57.7,82.4,77.0,59.4,72.2,2392,30,0.13,0.61,81.6,58.4,12.3,10.94,82.9,Elite,2
PLR-4143,Rafael Valverde #3244,Netherlands,Premier League,Chelsea,Midfielder,33,183,69,Left,High,Medium,62.4,61.4,76.0,67.1,69.8,59.8,77.8,80.5,78.6,72.8,70.2,70.1,68.9,56.0,63.8,64.5,73.4,70.3,60.4,69.2,1631,20,0.04,0.55,75.0,61.5,9.91,2.98,74.7,Star,1
PLR-4144,Kaoru Mbappe #3245,Japan,La Liga,Atletico Madrid,Forward,23,167,64,Left,High,Medium,72.3,72.8,58.6,54.6,62.0,61.7,62.0,66.3,69.4,59.1,71.5,72.0,63.8,34.0,31.3,35.3,55.3,62.3,54.4,85.1,1113,14,0.53,0.1,65.0,40.0,8.8,2.65,66.8,Developing,0
PLR-4145,Marcus Tanaka #3246,Brazil,Bundesliga,VfB Stuttgart,Midfielder,24,179,70,Right,Medium,High,62.7,56.0,69.8,59.8,60.4,60.5,64.1,60.8,67.9,74.0,66.5,57.9,65.1,57.7,54.7,47.0,64.6,69.9,69.8,65.4,2477,31,0.06,0.27,75.0,52.0,9.8,0.5,64.3,Developing,0
PLR-4146,Antony Santos #3247,Belgium,Bundesliga,RB Leipzig,Defender,24,191,79,Left,Medium,Low,76.7,75.5,83.1,83.4,69.9,87.3,64.8,59.7,79.0,66.7,67.8,42.7,69.2,96.0,95.2,96.2,69.5,85.2,90.4,71.9,1477,18,0.06,0.05,72.5,86.5,9.77,52.98,90.6,Elite,2
PLR-4147,Carlos Davies #3248,Brazil,Premier League,Aston Villa,Defender,18,173,83,Right,Medium,Medium,77.5,76.7,74.8,83.5,70.2,76.3,61.6,61.0,64.7,74.0,59.5,40.1,70.9,75.8,81.9,83.0,57.2,66.0,68.1,70.8,2290,29,0.08,0.1,72.0,80.0,9.25,11.96,79.2,Star,1
PLR-4148,Eduardo Diallo #3249,Argentina,Ligue 1,Lille,Defender,19,184,74,Right,Medium,High,63.9,59.6,65.4,72.0,48.0,58.0,58.1,58.4,,56.1,45.4,35.9,55.8,66.7,74.6,68.0,53.5,53.2,75.4,81.4,1691,21,0.0,0.04,72.0,67.6,8.5,4.28,68.1,Developing,0
PLR-4149,Pedri Sato #3250,Netherlands,La Liga,Real Madrid,Midfielder,21,189,70,Left,High,Low,69.1,75.6,89.8,68.2,74.8,65.9,81.9,81.3,81.6,82.0,78.8,60.8,80.8,57.8,62.4,62.4,80.0,65.3,73.6,67.6,1725,22,0.15,0.53,75.0,59.9,11.39,14.66,80.5,Star,1
PLR-4150,Kevin Rodri #3251,USA,Ligue 1,Lyon,Midfielder,23,180,71,Right,Medium,Medium,75.7,73.3,91.6,74.5,82.6,77.1,86.6,84.2,92.5,91.5,81.4,68.3,74.2,66.7,65.4,62.9,82.3,77.2,67.2,71.3,2381,30,0.26,0.79,82.3,54.6,11.58,23.09,86.0,Elite,2
PLR-4151,Antony Davies #3252,USA,Ligue 1,Nice,Forward,28,178,79,Left,High,High,94.9,98.7,87.0,78.6,92.2,77.2,80.4,99.0,82.1,64.4,80.6,95.3,96.0,52.3,38.5,42.3,75.8,78.6,81.8,72.4,1873,24,0.78,0.3,68.7,40.0,9.85,58.22,93.9,Elite,2
PLR-4152,Theo Modric #3253,Nigeria,Serie A,Juventus,Defender,27,188,82,Right,Medium,Medium,73.1,76.5,78.0,85.8,62.3,88.9,68.0,64.2,76.9,81.1,60.7,60.2,61.4,97.3,94.8,84.2,71.7,74.8,83.4,70.6,3032,38,0.01,0.1,72.0,89.1,8.69,25.99,87.5,Elite,2
PLR-4153,Mike Martinez #3254,USA,La Liga,Real Sociedad,Midfielder,26,181,69,Right,Medium,High,73.2,75.4,85.6,64.4,72.8,66.6,79.8,77.2,90.6,88.0,73.6,60.0,71.2,69.1,64.7,47.7,78.5,73.4,74.4,70.8,1868,23,0.04,0.59,86.0,52.0,11.62,14.11,81.9,Star,1
PLR-4154,Vinicius Haaland #3255,Uruguay,Ligue 1,Nice,Midfielder,30,167,85,Right,Medium,High,87.4,89.8,97.4,92.0,90.4,72.8,96.0,89.6,99.0,92.2,85.5,85.3,82.9,85.1,72.2,66.9,98.0,89.6,90.2,64.3,2128,27,0.25,0.85,85.6,58.0,12.5,38.39,93.9,Elite,2
PLR-4155,Dominik Oblak #3256,Argentina,Bundesliga,VfB Stuttgart,Defender,26,175,83,Right,High,Medium,70.3,67.7,64.7,76.1,62.1,62.0,57.6,57.1,62.6,63.0,50.0,40.4,63.0,70.2,82.7,82.8,57.7,64.6,72.6,70.2,2133,27,0.15,0.01,72.0,76.4,8.5,5.76,73.9,Star,1
PLR-4156,Vinicius Dias #3257,Nigeria,Ligue 1,Rennes,Goalkeeper,27,190,90,Right,Medium,High,48.5,40.6,40.0,66.5,54.6,64.0,30.0,32.2,40.4,53.2,24.9,27.8,48.3,34.9,20.7,19.4,53.6,59.8,60.9,73.0,2326,29,0.0,0.03,48.0,50.0,3.8,1.14,61.9,Developing,0
PLR-4157,Bruno Traore #3258,Uruguay,Serie A,AC Milan,Forward,25,175,78,Right,Medium,Medium,90.6,84.4,91.5,75.0,89.3,76.1,91.8,95.9,76.9,58.5,75.2,96.3,86.7,39.6,51.2,37.5,77.4,80.3,67.6,73.0,3420,38,0.71,0.41,65.1,40.0,10.34,45.95,91.9,Elite,2
PLR-4158,Rafael Garcia #3259,Norway,Serie A,Atalanta,Defender,28,187,80,Right,Medium,Low,63.9,57.5,73.9,69.0,68.2,70.4,61.9,55.4,62.2,58.4,47.4,41.0,61.5,74.4,74.3,73.5,59.9,66.6,79.7,66.1,2650,33,0.11,0.07,72.0,69.4,8.5,2.0,71.0,Developing,0
PLR-4159,Achraf Sato #3260,Brazil,Serie A,Lazio,Midfielder,23,177,80,Right,Medium,Medium,71.9,74.2,92.3,63.2,76.2,63.1,82.9,72.5,81.8,80.0,77.2,73.2,75.5,67.8,63.0,62.1,86.5,75.0,65.6,77.0,2470,31,0.21,0.66,75.0,52.0,,20.08,83.9,Elite,2
PLR-4160,Gianluigi Maignan #3261,Croatia,Ligue 1,Paris Saint-Germain,Midfielder,31,174,73,Right,High,High,62.5,67.7,78.0,71.6,77.1,62.6,75.0,75.7,85.2,71.5,66.7,60.6,80.6,64.4,62.9,56.0,75.5,73.0,65.3,83.0,786,10,0.03,0.56,76.2,53.5,11.25,2.43,75.5,Star,1
PLR-4161,Rodri Mbappe #3262,Croatia,Ligue 1,Lille,Forward,27,179,81,Right,Low,High,83.2,86.6,71.6,63.5,75.2,72.7,84.9,77.6,67.5,49.2,77.4,83.4,72.5,30.0,34.1,31.1,68.0,75.2,75.5,,1588,20,0.63,0.21,65.0,40.0,,9.96,80.8,Star,1
PLR-4162,Alejandro Williams #3263,Canada,Premier League,Newcastle,Midfielder,28,166,62,Right,Medium,Low,66.0,63.4,78.4,58.9,73.7,64.6,70.9,76.8,76.7,71.2,64.8,61.5,71.5,49.0,50.8,49.8,75.4,67.0,64.3,70.1,1363,17,0.04,0.53,75.0,52.0,11.3,6.66,73.2,Star,1
PLR-4163,Mike Bastoni #3264,South Korea,Premier League,Tottenham,Midfielder,26,171,81,Right,High,Medium,81.8,85.0,92.1,75.4,83.7,71.5,92.9,80.9,90.3,82.3,77.7,72.6,83.1,60.1,66.3,54.1,89.4,80.0,65.6,68.5,2871,36,0.11,0.83,87.2,61.0,11.56,35.67,89.8,Elite,2
PLR-4164,Victor Van Dijk #3265,Germany,Premier League,Chelsea,Forward,28,182,77,Right,High,High,80.4,97.4,76.6,70.7,81.6,83.2,79.1,84.3,71.4,68.8,74.9,89.5,85.2,43.8,36.0,37.0,70.2,76.5,78.2,69.3,1376,17,0.42,0.18,65.0,40.0,8.86,12.96,81.8,Star,1
PLR-4165,Takefusa Santos #3266,Portugal,Ligue 1,Nice,Midfielder,27,178,86,Right,High,High,84.5,81.7,99.0,70.3,81.1,74.0,93.4,83.9,85.4,84.7,80.5,71.0,84.2,68.5,66.1,64.6,89.5,79.1,69.9,77.5,1911,24,0.1,0.74,78.0,56.9,12.53,26.94,87.8,Elite,2
PLR-4166,Vinicius Williams #3267,France,Serie A,Napoli,Goalkeeper,26,194,82,Left,High,Medium,35.0,38.9,42.5,67.5,56.4,63.9,34.6,28.3,,54.1,20.6,15.8,58.8,33.2,18.0,24.9,54.3,58.0,62.5,75.0,1807,23,0.0,0.0,48.0,50.0,3.8,0.5,71.6,Star,1
PLR-4167,Ruben De Bruyne #3268,Germany,Serie A,Napoli,Forward,25,179,83,Right,Medium,High,69.2,75.3,63.9,62.4,65.8,62.9,72.7,76.8,57.9,58.1,65.2,75.1,69.1,30.8,39.5,24.9,63.2,62.6,60.1,57.4,2071,26,0.44,0.19,65.0,40.0,8.8,5.06,69.7,Developing,0
PLR-4168,Marcus Mueller #3269,Nigeria,Bundesliga,VfB Stuttgart,Defender,25,182,78,Left,Low,High,71.6,62.7,66.6,80.2,60.0,83.2,65.9,66.6,,63.0,52.6,39.1,59.7,81.2,77.3,76.4,56.6,70.5,66.2,80.1,1645,21,0.0,0.11,72.0,71.6,8.5,5.04,74.9,Star,1
PLR-4169,Leo Sato #3270,Norway,La Liga,Athletic Club,Midfielder,23,176,70,Right,Low,High,68.9,75.5,79.3,68.3,77.5,62.3,81.0,75.7,85.5,88.4,71.9,65.2,71.9,62.8,69.0,58.8,77.8,83.1,72.6,73.6,1471,18,0.13,0.67,75.7,60.0,10.29,11.8,80.0,Star,1
PLR-4170,Alisson Moreno #3271,Ghana,Premier League,Tottenham,Defender,26,185,76,Right,High,Medium,75.9,78.9,77.3,83.5,72.8,82.9,68.6,60.8,67.2,72.7,59.9,54.4,72.9,83.5,88.7,83.2,72.5,72.7,86.3,51.5,2217,28,0.02,0.1,72.0,81.2,8.86,14.92,82.8,Elite,2
PLR-4171,Moises Valverde #3272,Croatia,La Liga,Atletico Madrid,Forward,21,186,84,Left,High,Medium,85.0,77.5,79.9,69.3,79.8,79.3,83.6,83.7,75.9,74.9,72.6,96.5,86.7,50.4,38.8,39.1,77.3,80.2,64.7,74.6,2484,31,0.76,0.19,65.0,40.0,9.8,31.73,86.5,Elite,2
PLR-4172,Theo Saka #3273,Nigeria,La Liga,Barcelona,Forward,23,177,73,Right,High,Medium,88.5,86.0,89.9,65.4,81.4,81.5,77.9,87.7,74.9,64.0,73.2,92.4,83.1,49.0,35.7,36.5,76.5,78.0,67.8,64.4,2839,36,0.58,0.43,65.0,40.0,9.55,30.27,86.4,Elite,2
PLR-4173,Cole Mendes #3274,France,Premier League,Tottenham,Forward,23,169,73,Left,High,Medium,68.6,67.3,56.3,56.7,65.2,61.6,63.7,67.8,56.8,50.7,60.0,73.1,65.5,33.7,42.4,25.6,50.8,59.3,66.7,74.1,2581,33,0.33,0.05,65.0,40.0,8.8,2.23,65.7,Developing,0
PLR-4174,Vinicius Smith #3275,Spain,La Liga,Girona,Forward,28,177,80,Left,Low,High,89.4,84.2,83.7,57.4,74.6,67.3,71.9,75.4,71.0,57.8,68.2,81.1,76.4,30.0,42.3,42.7,59.6,69.1,59.5,77.9,3336,38,0.4,0.15,65.0,40.0,9.9,10.83,78.8,Star,1
PLR-4175,Jude Haaland #3276,England,Bundesliga,Bayer Leverkusen,Forward,29,179,70,Right,Medium,Medium,79.6,75.6,58.9,56.1,78.1,71.1,69.4,76.4,62.6,49.5,66.1,81.1,74.5,32.9,28.5,31.7,61.2,70.1,72.5,71.6,2205,28,0.36,0.18,65.0,40.0,8.8,4.22,71.8,Star,1
PLR-4176,Ederson Mbappe #3277,Belgium,Serie A,Atalanta,Defender,24,184,79,Right,Medium,High,62.3,59.8,60.2,71.7,64.9,74.8,54.0,58.4,61.9,59.8,58.5,40.7,56.8,71.9,73.8,71.6,63.6,64.9,66.1,69.4,2884,36,0.04,0.09,72.0,68.4,8.5,7.89,71.9,Star,1
PLR-4177,Rodri Moreno #3278,Italy,Bundesliga,Bayern Munich,Defender,24,189,83,Right,High,High,84.7,82.9,80.2,96.7,65.5,93.4,72.8,71.4,78.3,80.9,61.3,44.7,71.7,95.0,99.0,91.4,76.4,77.9,97.3,57.2,1845,23,0.02,0.23,72.0,88.6,8.5,71.13,93.3,Elite,2
PLR-4178,Mike Valverde #3279,Argentina,Bundesliga,Borussia Dortmund,Defender,22,183,77,Right,High,High,70.3,71.6,77.3,92.2,68.5,75.4,76.9,63.6,72.0,72.2,64.2,47.4,66.4,90.5,87.0,82.7,64.9,73.1,81.9,61.1,1779,22,0.02,0.08,72.0,80.5,8.94,20.2,83.1,Elite,2
PLR-4179,Federico Rice #3280,South Korea,Ligue 1,Rennes,Defender,28,189,84,Right,High,Low,94.0,75.6,83.2,93.9,75.7,98.0,80.8,68.5,82.0,79.1,76.7,37.2,75.0,95.7,99.0,98.0,80.1,89.8,84.4,60.2,2778,35,0.03,0.12,76.0,92.8,9.7,65.39,94.5,Elite,2
PLR-4180,Jamal Wirtz #3281,Portugal,Serie A,Roma,Forward,34,173,79,Right,High,High,80.5,73.7,75.8,67.5,80.1,79.9,76.1,71.6,73.8,63.6,63.7,85.1,80.0,39.7,44.9,47.1,63.9,79.9,80.1,59.9,2471,31,0.59,0.13,65.0,40.0,9.16,3.46,78.0,Star,1
PLR-4181,Osimhen Rice #3282,Canada,Bundesliga,Bayern Munich,Midfielder,22,172,81,Right,Medium,Medium,70.2,74.2,90.1,68.8,77.9,72.8,74.1,78.8,86.1,82.9,70.2,70.9,61.6,55.1,61.5,66.9,72.8,72.8,81.0,61.5,3420,38,0.11,0.33,75.0,52.0,11.34,14.06,78.7,Star,1
PLR-4182,Rodri Maignan #3283,Portugal,Ligue 1,Paris Saint-Germain,Midfielder,33,184,69,Left,Medium,High,85.1,77.9,96.6,74.6,87.3,76.7,94.3,86.0,93.2,93.4,85.8,78.1,86.2,85.5,68.9,68.7,92.6,86.2,69.7,68.8,2102,26,0.19,0.81,84.4,58.4,12.19,29.49,91.7,Elite,2
PLR-4183,Eduardo Davies #3284,Belgium,Serie A,Atalanta,Forward,23,187,83,Right,Medium,Medium,66.5,73.4,59.6,57.9,69.0,71.4,60.3,64.5,55.8,59.7,53.4,73.0,63.7,42.6,38.0,27.1,57.0,62.6,68.7,68.1,3420,38,0.3,0.09,65.0,40.0,8.8,2.63,66.7,Developing,0
PLR-4184,Osimhen Schmidt #3285,Portugal,Bundesliga,Bayer Leverkusen,Midfielder,27,184,74,Right,Medium,Medium,70.7,70.5,84.4,72.5,69.6,72.0,80.6,73.5,88.2,87.8,72.4,64.8,74.3,67.1,60.6,65.6,79.4,67.0,65.9,63.5,2048,26,0.1,0.65,81.5,52.0,10.92,8.38,81.7,Star,1
PLR-4185,Eduardo Tchouameni #3286,Morocco,Bundesliga,Bayer Leverkusen,Midfielder,24,180,75,Left,Medium,High,71.2,68.4,72.6,57.8,66.6,66.2,72.7,64.1,77.7,77.7,66.0,57.6,64.0,58.0,59.9,46.8,70.7,69.7,67.8,75.7,2375,30,0.02,0.47,75.0,52.0,9.82,8.62,71.7,Star,1
PLR-4186,Trent Haaland #3287,Canada,La Liga,Barcelona,Midfielder,31,172,70,Right,Medium,High,77.2,79.7,93.8,72.7,89.4,74.7,88.8,88.0,96.6,95.7,86.4,75.6,86.2,68.7,67.6,72.2,91.7,83.2,89.7,64.5,1755,22,0.07,0.85,90.8,52.4,11.48,33.05,92.1,Elite,2
PLR-4187,Enzo Van Dijk #3288,France,La Liga,Atletico Madrid,Midfielder,18,170,71,Right,High,Low,83.5,75.2,91.4,69.5,76.0,74.0,78.8,76.6,82.2,84.4,78.2,78.7,77.4,72.3,61.6,63.3,72.7,66.9,68.4,60.9,2489,31,0.3,0.52,76.3,52.0,11.24,13.47,79.1,Star,1
PLR-4188,Moises Haaland #3289,Spain,Serie A,Napoli,Defender,26,180,75,Right,High,High,78.7,69.3,80.3,76.1,59.3,74.6,62.3,59.9,64.0,67.5,65.8,47.8,65.0,84.1,82.8,80.8,71.0,72.7,77.9,,2345,30,0.02,0.17,72.0,82.3,8.98,8.54,80.1,Star,1
PLR-4189,Alessandro Oblak #3290,Nigeria,La Liga,Barcelona,Defender,20,188,81,Right,Low,High,74.5,74.4,75.9,84.6,66.0,84.2,65.1,61.1,72.2,65.4,64.3,44.8,76.6,86.8,87.0,89.6,71.7,80.0,73.0,79.6,3281,38,0.02,0.08,72.0,79.3,9.82,25.48,85.2,Elite,2
PLR-4190,Jan Rodri #3291,Nigeria,Bundesliga,Bayern Munich,Midfielder,29,177,81,Right,Medium,Medium,81.3,70.7,77.3,74.6,74.0,69.6,78.6,72.9,76.2,74.7,73.5,61.1,67.6,66.0,66.1,51.0,81.1,73.4,60.6,67.4,2440,31,0.05,0.57,75.0,53.0,10.17,7.27,79.1,Star,1
PLR-4191,Pedri Rodri #3292,Germany,Ligue 1,Rennes,Goalkeeper,22,184,77,Left,Medium,Low,51.6,49.8,48.0,87.1,64.5,76.5,42.4,30.7,56.6,53.5,30.4,26.1,61.2,32.4,30.6,27.5,67.4,75.4,75.3,58.3,892,11,0.0,0.0,48.0,50.0,3.8,31.54,86.9,Elite,2
PLR-4192,Bruno Smith #3293,Norway,La Liga,Real Sociedad,Goalkeeper,26,187,84,Right,Low,Medium,47.2,51.5,56.4,81.5,64.6,78.1,47.9,30.4,60.4,60.8,24.7,33.2,68.8,38.3,27.1,43.0,71.0,81.0,65.9,73.5,1969,25,0.0,0.0,48.0,50.0,3.85,19.31,85.1,Elite,2
PLR-4193,Antony Saka #3294,Colombia,La Liga,Barcelona,Midfielder,25,174,74,Right,High,Medium,78.1,77.4,87.7,72.7,76.4,66.1,86.4,78.5,86.3,86.9,78.2,68.8,66.6,71.6,58.8,56.1,82.2,81.1,76.3,61.5,2519,32,0.1,0.84,76.6,52.0,11.23,14.21,82.5,Elite,2
PLR-4194,Victor Schmidt #3295,Uruguay,La Liga,Girona,Midfielder,26,181,80,Right,High,High,60.2,57.8,77.9,60.3,68.0,59.6,73.4,70.6,76.2,73.8,68.8,66.5,62.7,55.8,55.3,48.7,69.4,61.3,62.0,77.3,2139,27,0.07,0.54,75.0,52.0,10.17,1.58,70.6,Developing,0
PLR-4195,Bukayo Mueller #3296,Ghana,Ligue 1,Nice,Midfielder,24,183,67,Right,High,Medium,67.1,62.0,72.7,61.2,60.6,56.0,70.3,71.3,74.1,70.4,63.0,70.0,66.5,58.7,61.9,60.2,68.6,61.1,56.9,79.5,1305,16,0.16,0.42,75.0,57.1,9.8,3.5,69.7,Developing,0
PLR-4196,Son Traore #3297,Uruguay,Serie A,Lazio,Goalkeeper,29,182,82,Left,High,Medium,47.9,49.9,50.4,78.6,73.6,70.7,49.6,37.6,46.5,54.0,24.0,22.4,65.9,41.3,21.8,18.9,74.7,85.6,74.8,66.2,2297,29,0.0,0.03,48.0,50.0,3.8,39.08,90.7,Elite,2
PLR-4197,Osimhen Musiala #3298,USA,La Liga,Barcelona,Defender,23,183,85,Right,Medium,Medium,57.1,52.7,61.7,64.3,48.0,75.5,50.7,45.3,54.6,53.8,53.6,39.0,49.8,67.8,66.4,62.0,55.4,53.4,63.7,78.1,2223,28,0.03,0.11,72.0,62.0,8.5,3.24,63.3,Developing,0
PLR-4198,David Van Dijk #3299,Japan,Serie A,Juventus,Forward,22,183,83,Left,High,Medium,82.2,85.1,76.8,68.5,84.7,61.1,75.4,78.8,73.9,63.4,66.3,84.7,82.4,36.8,44.9,28.0,64.7,70.3,66.1,64.6,1370,17,0.56,0.4,65.0,40.0,9.08,11.52,80.0,Star,1
PLR-4199,Alexis Haaland #3300,Uruguay,La Liga,Real Madrid,Midfielder,29,178,69,Right,Medium,Medium,63.5,67.7,72.2,56.9,62.5,51.6,76.3,66.4,76.0,71.2,55.3,66.3,58.7,57.4,42.0,55.1,72.9,58.8,65.6,69.6,2478,31,0.13,0.49,75.0,52.0,10.07,3.92,71.3,Star,1
